source_type,release_id,event_id,value_id,country_code,currency,event_name,series_key,period_server_text,source_row,revision,time_mode,timing_uncertain,timestamp_convention,unit,digits,multiplier,is_derived,derived_from,constituent_value_ids,constituent_source_rows,release_timestamp,release_server_text,actual,previous,revised_previous,delta,direction,is_eligible,exclusion_reason,entry_bar_timestamp,entry_bar_server_text,entry_delay_seconds,entry_price,atr,stop_atr,target_atr,horizon_bars,stop_price,target_price,exit_reason,exit_bar_idx,exit_time_server_text,bars_to_exit,gross_r,signed_pips,dual_touch,is_opening_gap,gap_open_price,gap_executable_gross_r,target_first_exit_reason,target_first_gross_r
ANCHOR_CPI_SERIES,CPI_TIMELINE_20150116_163000:headline_mm,840030005,16476,US,USD,CPI Headline m/m,headline_mm,2014.12.01 00:00:00,6634,0,CALENDAR_TIMEMODE_DATETIME,False,trade_server_time,CALENDAR_UNIT_PERCENT,1,CALENDAR_MULTIPLIER_NONE,False,,,,1421425800,2015.01.16 16:30:00,-0.4,-0.3,,-0.1,Long,True,,1421427600,2015.01.16 17:00:00,1800,1.15497,0.0028398232289101994,1.0,1.0,240,1.1521301767710899,1.1578098232289102,STOP,1,2015.01.16 17:00:00,1,-1.0,-28.398232289101994,False,False,,,STOP,-1.0
ANCHOR_CPI_SERIES,CPI_TIMELINE_20150116_163000:core_mm,840030006,7078,US,USD,CPI Core m/m,core_mm,2014.12.01 00:00:00,6773,0,CALENDAR_TIMEMODE_DATETIME,False,trade_server_time,CALENDAR_UNIT_PERCENT,1,CALENDAR_MULTIPLIER_NONE,False,,,,1421425800,2015.01.16 16:30:00,0.0,0.1,,-0.1,Long,True,,1421427600,2015.01.16 17:00:00,1800,1.15497,0.0028398232289101994,1.0,1.0,240,1.1521301767710899,1.1578098232289102,STOP,1,2015.01.16 17:00:00,1,-1.0,-28.398232289101994,False,False,,,STOP,-1.0
ANCHOR_CPI_SERIES,CPI_TIMELINE_20150116_163000:headline_yy,840030007,10187,US,USD,CPI Headline y/y,headline_yy,2014.12.01 00:00:00,6912,0,CALENDAR_TIMEMODE_DATETIME,False,trade_server_time,CALENDAR_UNIT_PERCENT,1,CALENDAR_MULTIPLIER_NONE,False,,,,1421425800,2015.01.16 16:30:00,0.8,1.3,,-0.5,Long,True,,1421427600,2015.01.16 17:00:00,1800,1.15497,0.0028398232289101994,1.0,1.0,240,1.1521301767710899,1.1578098232289102,STOP,1,2015.01.16 17:00:00,1,-1.0,-28.398232289101994,False,False,,,STOP,-1.0
ANCHOR_CPI_SERIES,CPI_TIMELINE_20150116_163000:core_yy,840030008,12891,US,USD,CPI Core y/y,core_yy,2014.12.01 00:00:00,7052,0,CALENDAR_TIMEMODE_DATETIME,False,trade_server_time,CALENDAR_UNIT_PERCENT,1,CALENDAR_MULTIPLIER_NONE,False,,,,1421425800,2015.01.16 16:30:00,1.6,1.7,,-0.1,Long,True,,1421427600,2015.01.16 17:00:00,1800,1.15497,0.0028398232289101994,1.0,1.0,240,1.1521301767710899,1.1578098232289102,STOP,1,2015.01.16 17:00:00,1,-1.0,-28.398232289101994,False,False,,,STOP,-1.0
ANCHOR_CPI_SERIES,CPI_TIMELINE_20150116_163000:mm_sum,DERIVED_MM_SUM,,US,USD,CPI m/m Sum,mm_sum,,,0,CALENDAR_TIMEMODE_DATETIME,False,trade_server_time,CALENDAR_UNIT_PERCENT,1,CALENDAR_MULTIPLIER_NONE,True,"840030005,840030006","16476,7078","6634,6773",1421425800,2015.01.16 16:30:00,,,,-0.2,Long,True,,1421427600,2015.01.16 17:00:00,1800,1.15497,0.0028398232289101994,1.0,1.0,240,1.1521301767710899,1.1578098232289102,STOP,1,2015.01.16 17:00:00,1,-1.0,-28.398232289101994,False,False,,,STOP,-1.0
ANCHOR_CPI_SERIES,CPI_TIMELINE_20150116_163000:yy_sum,DERIVED_YY_SUM,,US,USD,CPI y/y Sum,yy_sum,,,0,CALENDAR_TIMEMODE_DATETIME,False,trade_server_time,CALENDAR_UNIT_PERCENT,1,CALENDAR_MULTIPLIER_NONE,True,"840030007,840030008","10187,12891","6912,7052",1421425800,2015.01.16 16:30:00,,,,-0.6,Long,True,,1421427600,2015.01.16 17:00:00,1800,1.15497,0.0028398232289101994,1.0,1.0,240,1.1521301767710899,1.1578098232289102,STOP,1,2015.01.16 17:00:00,1,-1.0,-28.398232289101994,False,False,,,STOP,-1.0
ANCHOR_CPI_SERIES,CPI_TIMELINE_20150226_163000:headline_mm,840030005,16477,US,USD,CPI Headline m/m,headline_mm,2015.01.01 00:00:00,6635,0,CALENDAR_TIMEMODE_DATETIME,False,trade_server_time,CALENDAR_UNIT_PERCENT,1,CALENDAR_MULTIPLIER_NONE,False,,,,1424968200,2015.02.26 16:30:00,-0.7,-0.4,,-0.3,Long,True,,1424970000,2015.02.26 17:00:00,1800,1.1225,0.0019928152251525648,1.0,1.0,240,1.1205071847748476,1.1244928152251525,STOP,1,2015.02.26 17:00:00,1,-1.0,-19.928152251525646,False,False,,,STOP,-1.0
ANCHOR_CPI_SERIES,CPI_TIMELINE_20150226_163000:core_mm,840030006,7079,US,USD,CPI Core m/m,core_mm,2015.01.01 00:00:00,6774,0,CALENDAR_TIMEMODE_DATETIME,False,trade_server_time,CALENDAR_UNIT_PERCENT,1,CALENDAR_MULTIPLIER_NONE,False,,,,1424968200,2015.02.26 16:30:00,0.2,0.0,,0.2,Short,True,,1424970000,2015.02.26 17:00:00,1800,1.1225,0.0019928152251525648,1.0,1.0,240,1.1244928152251525,1.1205071847748476,TARGET,1,2015.02.26 17:00:00,1,1.0,19.928152251525646,False,False,,,TARGET,1.0
ANCHOR_CPI_SERIES,CPI_TIMELINE_20150226_163000:headline_yy,840030007,10188,US,USD,CPI Headline y/y,headline_yy,2015.01.01 00:00:00,6913,0,CALENDAR_TIMEMODE_DATETIME,False,trade_server_time,CALENDAR_UNIT_PERCENT,1,CALENDAR_MULTIPLIER_NONE,False,,,,1424968200,2015.02.26 16:30:00,-0.1,0.8,,-0.9,Long,True,,1424970000,2015.02.26 17:00:00,1800,1.1225,0.0019928152251525648,1.0,1.0,240,1.1205071847748476,1.1244928152251525,STOP,1,2015.02.26 17:00:00,1,-1.0,-19.928152251525646,False,False,,,STOP,-1.0
ANCHOR_CPI_SERIES,CPI_TIMELINE_20150226_163000:core_yy,840030008,12892,US,USD,CPI Core y/y,core_yy,2015.01.01 00:00:00,7053,0,CALENDAR_TIMEMODE_DATETIME,False,trade_server_time,CALENDAR_UNIT_PERCENT,1,CALENDAR_MULTIPLIER_NONE,False,,,,1424968200,2015.02.26 16:30:00,1.6,1.6,,0.0,Flat,False,FLAT_DIRECTION,,,,,,,,,,,,,,,,,,,,,,
ANCHOR_CPI_SERIES,CPI_TIMELINE_20150226_163000:mm_sum,DERIVED_MM_SUM,,US,USD,CPI m/m Sum,mm_sum,,,0,CALENDAR_TIMEMODE_DATETIME,False,trade_server_time,CALENDAR_UNIT_PERCENT,1,CALENDAR_MULTIPLIER_NONE,True,"840030005,840030006","16477,7079","6635,6774",1424968200,2015.02.26 16:30:00,,,,-0.1,Long,True,,1424970000,2015.02.26 17:00:00,1800,1.1225,0.0019928152251525648,1.0,1.0,240,1.1205071847748476,1.1244928152251525,STOP,1,2015.02.26 17:00:00,1,-1.0,-19.928152251525646,False,False,,,STOP,-1.0
ANCHOR_CPI_SERIES,CPI_TIMELINE_20150226_163000:yy_sum,DERIVED_YY_SUM,,US,USD,CPI y/y Sum,yy_sum,,,0,CALENDAR_TIMEMODE_DATETIME,False,trade_server_time,CALENDAR_UNIT_PERCENT,1,CALENDAR_MULTIPLIER_NONE,True,"840030007,840030008","10188,12892","6913,7053",1424968200,2015.02.26 16:30:00,,,,-0.9,Long,True,,1424970000,2015.02.26 17:00:00,1800,1.1225,0.0019928152251525648,1.0,1.0,240,1.1205071847748476,1.1244928152251525,STOP,1,2015.02.26 17:00:00,1,-1.0,-19.928152251525646,False,False,,,STOP,-1.0
ANCHOR_CPI_SERIES,CPI_TIMELINE_20150324_153000:headline_mm,840030005,16478,US,USD,CPI Headline m/m,headline_mm,2015.02.01 00:00:00,6636,0,CALENDAR_TIMEMODE_DATETIME,False,trade_server_time,CALENDAR_UNIT_PERCENT,1,CALENDAR_MULTIPLIER_NONE,False,,,,1427211000,2015.03.24 15:30:00,0.2,-0.7,,0.9,Short,True,,1427212800,2015.03.24 16:00:00,1800,1.09377,0.0036574632398708486,1.0,1.0,240,1.0974274632398708,1.090112536760129,TARGET,1,2015.03.24 16:00:00,1,1.0,36.57463239870848,False,False,,,TARGET,1.0
ANCHOR_CPI_SERIES,CPI_TIMELINE_20150324_153000:core_mm,840030006,7080,US,USD,CPI Core m/m,core_mm,2015.02.01 00:00:00,6775,0,CALENDAR_TIMEMODE_DATETIME,False,trade_server_time,CALENDAR_UNIT_PERCENT,1,CALENDAR_MULTIPLIER_NONE,False,,,,1427211000,2015.03.24 15:30:00,0.2,0.2,,0.0,Flat,False,FLAT_DIRECTION,,,,,,,,,,,,,,,,,,,,,,
ANCHOR_CPI_SERIES,CPI_TIMELINE_20150324_153000:headline_yy,840030007,10189,US,USD,CPI Headline y/y,headline_yy,2015.02.01 00:00:00,6914,0,CALENDAR_TIMEMODE_DATETIME,False,trade_server_time,CALENDAR_UNIT_PERCENT,1,CALENDAR_MULTIPLIER_NONE,False,,,,1427211000,2015.03.24 15:30:00,0.0,-0.1,,0.1,Short,True,,1427212800,2015.03.24 16:00:00,1800,1.09377,0.0036574632398708486,1.0,1.0,240,1.0974274632398708,1.090112536760129,TARGET,1,2015.03.24 16:00:00,1,1.0,36.57463239870848,False,False,,,TARGET,1.0
ANCHOR_CPI_SERIES,CPI_TIMELINE_20150324_153000:core_yy,840030008,12893,US,USD,CPI Core y/y,core_yy,2015.02.01 00:00:00,7054,0,CALENDAR_TIMEMODE_DATETIME,False,trade_server_time,CALENDAR_UNIT_PERCENT,1,CALENDAR_MULTIPLIER_NONE,False,,,,1427211000,2015.03.24 15:30:00,1.7,1.6,,0.1,Short,True,,1427212800,2015.03.24 16:00:00,1800,1.09377,0.0036574632398708486,1.0,1.0,240,1.0974274632398708,1.090112536760129,TARGET,1,2015.03.24 16:00:00,1,1.0,36.57463239870848,False,False,,,TARGET,1.0
ANCHOR_CPI_SERIES,CPI_TIMELINE_20150324_153000:mm_sum,DERIVED_MM_SUM,,US,USD,CPI m/m Sum,mm_sum,,,0,CALENDAR_TIMEMODE_DATETIME,False,trade_server_time,CALENDAR_UNIT_PERCENT,1,CALENDAR_MULTIPLIER_NONE,True,"840030005,840030006","16478,7080","6636,6775",1427211000,2015.03.24 15:30:00,,,,0.9,Short,True,,1427212800,2015.03.24 16:00:00,1800,1.09377,0.0036574632398708486,1.0,1.0,240,1.0974274632398708,1.090112536760129,TARGET,1,2015.03.24 16:00:00,1,1.0,36.57463239870848,False,False,,,TARGET,1.0
ANCHOR_CPI_SERIES,CPI_TIMELINE_20150324_153000:yy_sum,DERIVED_YY_SUM,,US,USD,CPI y/y Sum,yy_sum,,,0,CALENDAR_TIMEMODE_DATETIME,False,trade_server_time,CALENDAR_UNIT_PERCENT,1,CALENDAR_MULTIPLIER_NONE,True,"840030007,840030008","10189,12893","6914,7054",1427211000,2015.03.24 15:30:00,,,,0.2,Short,True,,1427212800,2015.03.24 16:00:00,1800,1.09377,0.0036574632398708486,1.0,1.0,240,1.0974274632398708,1.090112536760129,TARGET,1,2015.03.24 16:00:00,1,1.0,36.57463239870848,False,False,,,TARGET,1.0
ANCHOR_CPI_SERIES,CPI_TIMELINE_20150417_153000:headline_mm,840030005,16479,US,USD,CPI Headline m/m,headline_mm,2015.03.01 00:00:00,6637,0,CALENDAR_TIMEMODE_DATETIME,False,trade_server_time,CALENDAR_UNIT_PERCENT,1,CALENDAR_MULTIPLIER_NONE,False,,,,1429284600,2015.04.17 15:30:00,0.2,0.2,,0.0,Flat,False,FLAT_DIRECTION,,,,,,,,,,,,,,,,,,,,,,
ANCHOR_CPI_SERIES,CPI_TIMELINE_20150417_153000:core_mm,840030006,7081,US,USD,CPI Core m/m,core_mm,2015.03.01 00:00:00,6776,0,CALENDAR_TIMEMODE_DATETIME,False,trade_server_time,CALENDAR_UNIT_PERCENT,1,CALENDAR_MULTIPLIER_NONE,False,,,,1429284600,2015.04.17 15:30:00,0.2,0.2,,0.0,Flat,False,FLAT_DIRECTION,,,,,,,,,,,,,,,,,,,,,,
ANCHOR_CPI_SERIES,CPI_TIMELINE_20150417_153000:headline_yy,840030007,10190,US,USD,CPI Headline y/y,headline_yy,2015.03.01 00:00:00,6915,0,CALENDAR_TIMEMODE_DATETIME,False,trade_server_time,CALENDAR_UNIT_PERCENT,1,CALENDAR_MULTIPLIER_NONE,False,,,,1429284600,2015.04.17 15:30:00,-0.1,0.0,,-0.1,Long,True,,1429286400,2015.04.17 16:00:00,1800,1.07564,0.0031070427951977397,1.0,1.0,240,1.0725329572048021,1.0787470427951977,TARGET,3,2015.04.17 18:00:00,3,1.0,31.070427951977393,False,False,,,TARGET,1.0
ANCHOR_CPI_SERIES,CPI_TIMELINE_20150417_153000:core_yy,840030008,12894,US,USD,CPI Core y/y,core_yy,2015.03.01 00:00:00,7055,0,CALENDAR_TIMEMODE_DATETIME,False,trade_server_time,CALENDAR_UNIT_PERCENT,1,CALENDAR_MULTIPLIER_NONE,False,,,,1429284600,2015.04.17 15:30:00,1.8,1.7,,0.1,Short,True,,1429286400,2015.04.17 16:00:00,1800,1.07564,0.0031070427951977397,1.0,1.0,240,1.0787470427951977,1.0725329572048021,STOP,3,2015.04.17 18:00:00,3,-1.0,-31.070427951977393,False,False,,,STOP,-1.0
ANCHOR_CPI_SERIES,CPI_TIMELINE_20150417_153000:mm_sum,DERIVED_MM_SUM,,US,USD,CPI m/m Sum,mm_sum,,,0,CALENDAR_TIMEMODE_DATETIME,False,trade_server_time,CALENDAR_UNIT_PERCENT,1,CALENDAR_MULTIPLIER_NONE,True,"840030005,840030006","16479,7081","6637,6776",1429284600,2015.04.17 15:30:00,,,,0.0,Flat,False,FLAT_DIRECTION,,,,,,,,,,,,,,,,,,,,,,
ANCHOR_CPI_SERIES,CPI_TIMELINE_20150417_153000:yy_sum,DERIVED_YY_SUM,,US,USD,CPI y/y Sum,yy_sum,,,0,CALENDAR_TIMEMODE_DATETIME,False,trade_server_time,CALENDAR_UNIT_PERCENT,1,CALENDAR_MULTIPLIER_NONE,True,"840030007,840030008","10190,12894","6915,7055",1429284600,2015.04.17 15:30:00,,,,0.0,Flat,False,FLAT_DIRECTION,,,,,,,,,,,,,,,,,,,,,,
ANCHOR_CPI_SERIES,CPI_TIMELINE_20150522_153000:headline_mm,840030005,16480,US,USD,CPI Headline m/m,headline_mm,2015.04.01 00:00:00,6638,0,CALENDAR_TIMEMODE_DATETIME,False,trade_server_time,CALENDAR_UNIT_PERCENT,1,CALENDAR_MULTIPLIER_NONE,False,,,,1432308600,2015.05.22 15:30:00,0.1,0.2,,-0.1,Long,True,,1432310400,2015.05.22 16:00:00,1800,1.10787,0.002222425914729264,1.0,1.0,240,1.1056475740852707,1.1100924259147291,STOP,1,2015.05.22 16:00:00,1,-1.0,-22.22425914729264,False,False,,,STOP,-1.0
ANCHOR_CPI_SERIES,CPI_TIMELINE_20150522_153000:core_mm,840030006,7082,US,USD,CPI Core m/m,core_mm,2015.04.01 00:00:00,6777,0,CALENDAR_TIMEMODE_DATETIME,False,trade_server_time,CALENDAR_UNIT_PERCENT,1,CALENDAR_MULTIPLIER_NONE,False,,,,1432308600,2015.05.22 15:30:00,0.3,0.2,,0.1,Short,True,,1432310400,2015.05.22 16:00:00,1800,1.10787,0.002222425914729264,1.0,1.0,240,1.1100924259147291,1.1056475740852707,TARGET,1,2015.05.22 16:00:00,1,1.0,22.22425914729264,False,False,,,TARGET,1.0
ANCHOR_CPI_SERIES,CPI_TIMELINE_20150522_153000:headline_yy,840030007,10191,US,USD,CPI Headline y/y,headline_yy,2015.04.01 00:00:00,6916,0,CALENDAR_TIMEMODE_DATETIME,False,trade_server_time,CALENDAR_UNIT_PERCENT,1,CALENDAR_MULTIPLIER_NONE,False,,,,1432308600,2015.05.22 15:30:00,-0.2,-0.1,,-0.1,Long,True,,1432310400,2015.05.22 16:00:00,1800,1.10787,0.002222425914729264,1.0,1.0,240,1.1056475740852707,1.1100924259147291,STOP,1,2015.05.22 16:00:00,1,-1.0,-22.22425914729264,False,False,,,STOP,-1.0
ANCHOR_CPI_SERIES,CPI_TIMELINE_20150522_153000:core_yy,840030008,12895,US,USD,CPI Core y/y,core_yy,2015.04.01 00:00:00,7056,0,CALENDAR_TIMEMODE_DATETIME,False,trade_server_time,CALENDAR_UNIT_PERCENT,1,CALENDAR_MULTIPLIER_NONE,False,,,,1432308600,2015.05.22 15:30:00,1.8,1.8,,0.0,Flat,False,FLAT_DIRECTION,,,,,,,,,,,,,,,,,,,,,,
ANCHOR_CPI_SERIES,CPI_TIMELINE_20150522_153000:mm_sum,DERIVED_MM_SUM,,US,USD,CPI m/m Sum,mm_sum,,,0,CALENDAR_TIMEMODE_DATETIME,False,trade_server_time,CALENDAR_UNIT_PERCENT,1,CALENDAR_MULTIPLIER_NONE,True,"840030005,840030006","16480,7082","6638,6777",1432308600,2015.05.22 15:30:00,,,,0.0,Flat,False,FLAT_DIRECTION,,,,,,,,,,,,,,,,,,,,,,
ANCHOR_CPI_SERIES,CPI_TIMELINE_20150522_153000:yy_sum,DERIVED_YY_SUM,,US,USD,CPI y/y Sum,yy_sum,,,0,CALENDAR_TIMEMODE_DATETIME,False,trade_server_time,CALENDAR_UNIT_PERCENT,1,CALENDAR_MULTIPLIER_NONE,True,"840030007,840030008","10191,12895","6916,7056",1432308600,2015.05.22 15:30:00,,,,-0.1,Long,True,,1432310400,2015.05.22 16:00:00,1800,1.10787,0.002222425914729264,1.0,1.0,240,1.1056475740852707,1.1100924259147291,STOP,1,2015.05.22 16:00:00,1,-1.0,-22.22425914729264,False,False,,,STOP,-1.0
ANCHOR_CPI_SERIES,CPI_TIMELINE_20150618_153000:headline_mm,840030005,16481,US,USD,CPI Headline m/m,headline_mm,2015.05.01 00:00:00,6639,0,CALENDAR_TIMEMODE_DATETIME,False,trade_server_time,CALENDAR_UNIT_PERCENT,1,CALENDAR_MULTIPLIER_NONE,False,,,,1434641400,2015.06.18 15:30:00,0.4,0.1,,0.3,Short,True,,1434643200,2015.06.18 16:00:00,1800,1.13928,0.002600331451558378,1.0,1.0,240,1.1418803314515584,1.1366796685484417,STOP,3,2015.06.18 18:00:00,3,-1.0,-26.003314515583778,False,False,,,STOP,-1.0
ANCHOR_CPI_SERIES,CPI_TIMELINE_20150618_153000:core_mm,840030006,7083,US,USD,CPI Core m/m,core_mm,2015.05.01 00:00:00,6778,0,CALENDAR_TIMEMODE_DATETIME,False,trade_server_time,CALENDAR_UNIT_PERCENT,1,CALENDAR_MULTIPLIER_NONE,False,,,,1434641400,2015.06.18 15:30:00,0.1,0.3,,-0.2,Long,True,,1434643200,2015.06.18 16:00:00,1800,1.13928,0.002600331451558378,1.0,1.0,240,1.1366796685484417,1.1418803314515584,TARGET,3,2015.06.18 18:00:00,3,1.0,26.003314515583778,False,False,,,TARGET,1.0
ANCHOR_CPI_SERIES,CPI_TIMELINE_20150618_153000:headline_yy,840030007,10192,US,USD,CPI Headline y/y,headline_yy,2015.05.01 00:00:00,6917,0,CALENDAR_TIMEMODE_DATETIME,False,trade_server_time,CALENDAR_UNIT_PERCENT,1,CALENDAR_MULTIPLIER_NONE,False,,,,1434641400,2015.06.18 15:30:00,0.0,-0.2,,0.2,Short,True,,1434643200,2015.06.18 16:00:00,1800,1.13928,0.002600331451558378,1.0,1.0,240,1.1418803314515584,1.1366796685484417,STOP,3,2015.06.18 18:00:00,3,-1.0,-26.003314515583778,False,False,,,STOP,-1.0
ANCHOR_CPI_SERIES,CPI_TIMELINE_20150618_153000:core_yy,840030008,12896,US,USD,CPI Core y/y,core_yy,2015.05.01 00:00:00,7057,0,CALENDAR_TIMEMODE_DATETIME,False,trade_server_time,CALENDAR_UNIT_PERCENT,1,CALENDAR_MULTIPLIER_NONE,False,,,,1434641400,2015.06.18 15:30:00,1.7,1.8,,-0.1,Long,True,,1434643200,2015.06.18 16:00:00,1800,1.13928,0.002600331451558378,1.0,1.0,240,1.1366796685484417,1.1418803314515584,TARGET,3,2015.06.18 18:00:00,3,1.0,26.003314515583778,False,False,,,TARGET,1.0
ANCHOR_CPI_SERIES,CPI_TIMELINE_20150618_153000:mm_sum,DERIVED_MM_SUM,,US,USD,CPI m/m Sum,mm_sum,,,0,CALENDAR_TIMEMODE_DATETIME,False,trade_server_time,CALENDAR_UNIT_PERCENT,1,CALENDAR_MULTIPLIER_NONE,True,"840030005,840030006","16481,7083","6639,6778",1434641400,2015.06.18 15:30:00,,,,0.1,Short,True,,1434643200,2015.06.18 16:00:00,1800,1.13928,0.002600331451558378,1.0,1.0,240,1.1418803314515584,1.1366796685484417,STOP,3,2015.06.18 18:00:00,3,-1.0,-26.003314515583778,False,False,,,STOP,-1.0
ANCHOR_CPI_SERIES,CPI_TIMELINE_20150618_153000:yy_sum,DERIVED_YY_SUM,,US,USD,CPI y/y Sum,yy_sum,,,0,CALENDAR_TIMEMODE_DATETIME,False,trade_server_time,CALENDAR_UNIT_PERCENT,1,CALENDAR_MULTIPLIER_NONE,True,"840030007,840030008","10192,12896","6917,7057",1434641400,2015.06.18 15:30:00,,,,0.1,Short,True,,1434643200,2015.06.18 16:00:00,1800,1.13928,0.002600331451558378,1.0,1.0,240,1.1418803314515584,1.1366796685484417,STOP,3,2015.06.18 18:00:00,3,-1.0,-26.003314515583778,False,False,,,STOP,-1.0
ANCHOR_CPI_SERIES,CPI_TIMELINE_20150717_153000:headline_mm,840030005,16482,US,USD,CPI Headline m/m,headline_mm,2015.06.01 00:00:00,6640,0,CALENDAR_TIMEMODE_DATETIME,False,trade_server_time,CALENDAR_UNIT_PERCENT,1,CALENDAR_MULTIPLIER_NONE,False,,,,1437147000,2015.07.17 15:30:00,0.3,0.4,,-0.1,Long,True,,1437148800,2015.07.17 16:00:00,1800,1.0865,0.0017544432362267494,1.0,1.0,240,1.0847455567637734,1.0882544432362267,STOP,2,2015.07.17 17:00:00,2,-1.0,-17.544432362267493,False,False,,,STOP,-1.0
ANCHOR_CPI_SERIES,CPI_TIMELINE_20150717_153000:core_mm,840030006,7084,US,USD,CPI Core m/m,core_mm,2015.06.01 00:00:00,6779,0,CALENDAR_TIMEMODE_DATETIME,False,trade_server_time,CALENDAR_UNIT_PERCENT,1,CALENDAR_MULTIPLIER_NONE,False,,,,1437147000,2015.07.17 15:30:00,0.2,0.1,,0.1,Short,True,,1437148800,2015.07.17 16:00:00,1800,1.0865,0.0017544432362267494,1.0,1.0,240,1.0882544432362267,1.0847455567637734,TARGET,2,2015.07.17 17:00:00,2,1.0,17.544432362267493,False,False,,,TARGET,1.0
ANCHOR_CPI_SERIES,CPI_TIMELINE_20150717_153000:headline_yy,840030007,10193,US,USD,CPI Headline y/y,headline_yy,2015.06.01 00:00:00,6918,0,CALENDAR_TIMEMODE_DATETIME,False,trade_server_time,CALENDAR_UNIT_PERCENT,1,CALENDAR_MULTIPLIER_NONE,False,,,,1437147000,2015.07.17 15:30:00,0.1,0.0,,0.1,Short,True,,1437148800,2015.07.17 16:00:00,1800,1.0865,0.0017544432362267494,1.0,1.0,240,1.0882544432362267,1.0847455567637734,TARGET,2,2015.07.17 17:00:00,2,1.0,17.544432362267493,False,False,,,TARGET,1.0
ANCHOR_CPI_SERIES,CPI_TIMELINE_20150717_153000:core_yy,840030008,12897,US,USD,CPI Core y/y,core_yy,2015.06.01 00:00:00,7058,0,CALENDAR_TIMEMODE_DATETIME,False,trade_server_time,CALENDAR_UNIT_PERCENT,1,CALENDAR_MULTIPLIER_NONE,False,,,,1437147000,2015.07.17 15:30:00,1.8,1.7,,0.1,Short,True,,1437148800,2015.07.17 16:00:00,1800,1.0865,0.0017544432362267494,1.0,1.0,240,1.0882544432362267,1.0847455567637734,TARGET,2,2015.07.17 17:00:00,2,1.0,17.544432362267493,False,False,,,TARGET,1.0
ANCHOR_CPI_SERIES,CPI_TIMELINE_20150717_153000:mm_sum,DERIVED_MM_SUM,,US,USD,CPI m/m Sum,mm_sum,,,0,CALENDAR_TIMEMODE_DATETIME,False,trade_server_time,CALENDAR_UNIT_PERCENT,1,CALENDAR_MULTIPLIER_NONE,True,"840030005,840030006","16482,7084","6640,6779",1437147000,2015.07.17 15:30:00,,,,0.0,Flat,False,FLAT_DIRECTION,,,,,,,,,,,,,,,,,,,,,,
ANCHOR_CPI_SERIES,CPI_TIMELINE_20150717_153000:yy_sum,DERIVED_YY_SUM,,US,USD,CPI y/y Sum,yy_sum,,,0,CALENDAR_TIMEMODE_DATETIME,False,trade_server_time,CALENDAR_UNIT_PERCENT,1,CALENDAR_MULTIPLIER_NONE,True,"840030007,840030008","10193,12897","6918,7058",1437147000,2015.07.17 15:30:00,,,,0.2,Short,True,,1437148800,2015.07.17 16:00:00,1800,1.0865,0.0017544432362267494,1.0,1.0,240,1.0882544432362267,1.0847455567637734,TARGET,2,2015.07.17 17:00:00,2,1.0,17.544432362267493,False,False,,,TARGET,1.0
ANCHOR_CPI_SERIES,CPI_TIMELINE_20150819_153000:headline_mm,840030005,16483,US,USD,CPI Headline m/m,headline_mm,2015.07.01 00:00:00,6641,0,CALENDAR_TIMEMODE_DATETIME,False,trade_server_time,CALENDAR_UNIT_PERCENT,1,CALENDAR_MULTIPLIER_NONE,False,,,,1439998200,2015.08.19 15:30:00,0.1,0.3,,-0.2,Long,True,,1440000000,2015.08.19 16:00:00,1800,1.10366,0.001412711490703926,1.0,1.0,240,1.1022472885092962,1.105072711490704,STOP,1,2015.08.19 16:00:00,1,-1.0,-14.127114907039259,False,False,,,STOP,-1.0
ANCHOR_CPI_SERIES,CPI_TIMELINE_20150819_153000:core_mm,840030006,7085,US,USD,CPI Core m/m,core_mm,2015.07.01 00:00:00,6780,0,CALENDAR_TIMEMODE_DATETIME,False,trade_server_time,CALENDAR_UNIT_PERCENT,1,CALENDAR_MULTIPLIER_NONE,False,,,,1439998200,2015.08.19 15:30:00,0.1,0.2,,-0.1,Long,True,,1440000000,2015.08.19 16:00:00,1800,1.10366,0.001412711490703926,1.0,1.0,240,1.1022472885092962,1.105072711490704,STOP,1,2015.08.19 16:00:00,1,-1.0,-14.127114907039259,False,False,,,STOP,-1.0
ANCHOR_CPI_SERIES,CPI_TIMELINE_20150819_153000:headline_yy,840030007,10194,US,USD,CPI Headline y/y,headline_yy,2015.07.01 00:00:00,6919,0,CALENDAR_TIMEMODE_DATETIME,False,trade_server_time,CALENDAR_UNIT_PERCENT,1,CALENDAR_MULTIPLIER_NONE,False,,,,1439998200,2015.08.19 15:30:00,0.2,0.1,,0.1,Short,True,,1440000000,2015.08.19 16:00:00,1800,1.10366,0.001412711490703926,1.0,1.0,240,1.105072711490704,1.1022472885092962,TARGET,1,2015.08.19 16:00:00,1,1.0,14.127114907039259,False,False,,,TARGET,1.0
ANCHOR_CPI_SERIES,CPI_TIMELINE_20150819_153000:core_yy,840030008,12898,US,USD,CPI Core y/y,core_yy,2015.07.01 00:00:00,7059,0,CALENDAR_TIMEMODE_DATETIME,False,trade_server_time,CALENDAR_UNIT_PERCENT,1,CALENDAR_MULTIPLIER_NONE,False,,,,1439998200,2015.08.19 15:30:00,1.8,1.8,,0.0,Flat,False,FLAT_DIRECTION,,,,,,,,,,,,,,,,,,,,,,
ANCHOR_CPI_SERIES,CPI_TIMELINE_20150819_153000:mm_sum,DERIVED_MM_SUM,,US,USD,CPI m/m Sum,mm_sum,,,0,CALENDAR_TIMEMODE_DATETIME,False,trade_server_time,CALENDAR_UNIT_PERCENT,1,CALENDAR_MULTIPLIER_NONE,True,"840030005,840030006","16483,7085","6641,6780",1439998200,2015.08.19 15:30:00,,,,-0.3,Long,True,,1440000000,2015.08.19 16:00:00,1800,1.10366,0.001412711490703926,1.0,1.0,240,1.1022472885092962,1.105072711490704,STOP,1,2015.08.19 16:00:00,1,-1.0,-14.127114907039259,False,False,,,STOP,-1.0
ANCHOR_CPI_SERIES,CPI_TIMELINE_20150819_153000:yy_sum,DERIVED_YY_SUM,,US,USD,CPI y/y Sum,yy_sum,,,0,CALENDAR_TIMEMODE_DATETIME,False,trade_server_time,CALENDAR_UNIT_PERCENT,1,CALENDAR_MULTIPLIER_NONE,True,"840030007,840030008","10194,12898","6919,7059",1439998200,2015.08.19 15:30:00,,,,0.1,Short,True,,1440000000,2015.08.19 16:00:00,1800,1.10366,0.001412711490703926,1.0,1.0,240,1.105072711490704,1.1022472885092962,TARGET,1,2015.08.19 16:00:00,1,1.0,14.127114907039259,False,False,,,TARGET,1.0
ANCHOR_CPI_SERIES,CPI_TIMELINE_20150916_153000:headline_mm,840030005,16484,US,USD,CPI Headline m/m,headline_mm,2015.08.01 00:00:00,6642,0,CALENDAR_TIMEMODE_DATETIME,False,trade_server_time,CALENDAR_UNIT_PERCENT,1,CALENDAR_MULTIPLIER_NONE,False,,,,1442417400,2015.09.16 15:30:00,-0.1,0.1,,-0.2,Long,True,,1442419200,2015.09.16 16:00:00,1800,1.12675,0.0017197252706357758,1.0,1.0,240,1.1250302747293641,1.1284697252706357,TARGET,2,2015.09.16 17:00:00,2,1.0,17.19725270635776,False,False,,,TARGET,1.0
ANCHOR_CPI_SERIES,CPI_TIMELINE_20150916_153000:core_mm,840030006,7086,US,USD,CPI Core m/m,core_mm,2015.08.01 00:00:00,6781,0,CALENDAR_TIMEMODE_DATETIME,False,trade_server_time,CALENDAR_UNIT_PERCENT,1,CALENDAR_MULTIPLIER_NONE,False,,,,1442417400,2015.09.16 15:30:00,0.1,0.1,,0.0,Flat,False,FLAT_DIRECTION,,,,,,,,,,,,,,,,,,,,,,
ANCHOR_CPI_SERIES,CPI_TIMELINE_20150916_153000:headline_yy,840030007,10195,US,USD,CPI Headline y/y,headline_yy,2015.08.01 00:00:00,6920,0,CALENDAR_TIMEMODE_DATETIME,False,trade_server_time,CALENDAR_UNIT_PERCENT,1,CALENDAR_MULTIPLIER_NONE,False,,,,1442417400,2015.09.16 15:30:00,0.2,0.2,,0.0,Flat,False,FLAT_DIRECTION,,,,,,,,,,,,,,,,,,,,,,
ANCHOR_CPI_SERIES,CPI_TIMELINE_20150916_153000:core_yy,840030008,12899,US,USD,CPI Core y/y,core_yy,2015.08.01 00:00:00,7060,0,CALENDAR_TIMEMODE_DATETIME,False,trade_server_time,CALENDAR_UNIT_PERCENT,1,CALENDAR_MULTIPLIER_NONE,False,,,,1442417400,2015.09.16 15:30:00,1.8,1.8,,0.0,Flat,False,FLAT_DIRECTION,,,,,,,,,,,,,,,,,,,,,,
ANCHOR_CPI_SERIES,CPI_TIMELINE_20150916_153000:mm_sum,DERIVED_MM_SUM,,US,USD,CPI m/m Sum,mm_sum,,,0,CALENDAR_TIMEMODE_DATETIME,False,trade_server_time,CALENDAR_UNIT_PERCENT,1,CALENDAR_MULTIPLIER_NONE,True,"840030005,840030006","16484,7086","6642,6781",1442417400,2015.09.16 15:30:00,,,,-0.2,Long,True,,1442419200,2015.09.16 16:00:00,1800,1.12675,0.0017197252706357758,1.0,1.0,240,1.1250302747293641,1.1284697252706357,TARGET,2,2015.09.16 17:00:00,2,1.0,17.19725270635776,False,False,,,TARGET,1.0
ANCHOR_CPI_SERIES,CPI_TIMELINE_20150916_153000:yy_sum,DERIVED_YY_SUM,,US,USD,CPI y/y Sum,yy_sum,,,0,CALENDAR_TIMEMODE_DATETIME,False,trade_server_time,CALENDAR_UNIT_PERCENT,1,CALENDAR_MULTIPLIER_NONE,True,"840030007,840030008","10195,12899","6920,7060",1442417400,2015.09.16 15:30:00,,,,0.0,Flat,False,FLAT_DIRECTION,,,,,,,,,,,,,,,,,,,,,,
ANCHOR_CPI_SERIES,CPI_TIMELINE_20151015_153000:headline_mm,840030005,16485,US,USD,CPI Headline m/m,headline_mm,2015.09.01 00:00:00,6643,0,CALENDAR_TIMEMODE_DATETIME,False,trade_server_time,CALENDAR_UNIT_PERCENT,1,CALENDAR_MULTIPLIER_NONE,False,,,,1444923000,2015.10.15 15:30:00,-0.2,-0.1,,-0.1,Long,True,,1444924800,2015.10.15 16:00:00,1800,1.13825,0.0017807319427441553,1.0,1.0,240,1.136469268057256,1.140030731942744,STOP,1,2015.10.15 16:00:00,1,-1.0,-17.807319427441552,False,False,,,STOP,-1.0
ANCHOR_CPI_SERIES,CPI_TIMELINE_20151015_153000:core_mm,840030006,7087,US,USD,CPI Core m/m,core_mm,2015.09.01 00:00:00,6782,0,CALENDAR_TIMEMODE_DATETIME,False,trade_server_time,CALENDAR_UNIT_PERCENT,1,CALENDAR_MULTIPLIER_NONE,False,,,,1444923000,2015.10.15 15:30:00,0.2,0.1,,0.1,Short,True,,1444924800,2015.10.15 16:00:00,1800,1.13825,0.0017807319427441553,1.0,1.0,240,1.140030731942744,1.136469268057256,TARGET,1,2015.10.15 16:00:00,1,1.0,17.807319427441552,False,False,,,TARGET,1.0
ANCHOR_CPI_SERIES,CPI_TIMELINE_20151015_153000:headline_yy,840030007,10196,US,USD,CPI Headline y/y,headline_yy,2015.09.01 00:00:00,6921,0,CALENDAR_TIMEMODE_DATETIME,False,trade_server_time,CALENDAR_UNIT_PERCENT,1,CALENDAR_MULTIPLIER_NONE,False,,,,1444923000,2015.10.15 15:30:00,0.0,0.2,,-0.2,Long,True,,1444924800,2015.10.15 16:00:00,1800,1.13825,0.0017807319427441553,1.0,1.0,240,1.136469268057256,1.140030731942744,STOP,1,2015.10.15 16:00:00,1,-1.0,-17.807319427441552,False,False,,,STOP,-1.0
ANCHOR_CPI_SERIES,CPI_TIMELINE_20151015_153000:core_yy,840030008,12900,US,USD,CPI Core y/y,core_yy,2015.09.01 00:00:00,7061,0,CALENDAR_TIMEMODE_DATETIME,False,trade_server_time,CALENDAR_UNIT_PERCENT,1,CALENDAR_MULTIPLIER_NONE,False,,,,1444923000,2015.10.15 15:30:00,1.9,1.8,,0.1,Short,True,,1444924800,2015.10.15 16:00:00,1800,1.13825,0.0017807319427441553,1.0,1.0,240,1.140030731942744,1.136469268057256,TARGET,1,2015.10.15 16:00:00,1,1.0,17.807319427441552,False,False,,,TARGET,1.0
ANCHOR_CPI_SERIES,CPI_TIMELINE_20151015_153000:mm_sum,DERIVED_MM_SUM,,US,USD,CPI m/m Sum,mm_sum,,,0,CALENDAR_TIMEMODE_DATETIME,False,trade_server_time,CALENDAR_UNIT_PERCENT,1,CALENDAR_MULTIPLIER_NONE,True,"840030005,840030006","16485,7087","6643,6782",1444923000,2015.10.15 15:30:00,,,,0.0,Flat,False,FLAT_DIRECTION,,,,,,,,,,,,,,,,,,,,,,
ANCHOR_CPI_SERIES,CPI_TIMELINE_20151015_153000:yy_sum,DERIVED_YY_SUM,,US,USD,CPI y/y Sum,yy_sum,,,0,CALENDAR_TIMEMODE_DATETIME,False,trade_server_time,CALENDAR_UNIT_PERCENT,1,CALENDAR_MULTIPLIER_NONE,True,"840030007,840030008","10196,12900","6921,7061",1444923000,2015.10.15 15:30:00,,,,-0.1,Long,True,,1444924800,2015.10.15 16:00:00,1800,1.13825,0.0017807319427441553,1.0,1.0,240,1.136469268057256,1.140030731942744,STOP,1,2015.10.15 16:00:00,1,-1.0,-17.807319427441552,False,False,,,STOP,-1.0
ANCHOR_CPI_SERIES,CPI_TIMELINE_20151117_163000:headline_mm,840030005,16486,US,USD,CPI Headline m/m,headline_mm,2015.10.01 00:00:00,6644,0,CALENDAR_TIMEMODE_DATETIME,False,trade_server_time,CALENDAR_UNIT_PERCENT,1,CALENDAR_MULTIPLIER_NONE,False,,,,1447777800,2015.11.17 16:30:00,0.2,-0.2,,0.4,Short,True,,1447779600,2015.11.17 17:00:00,1800,1.067,0.0016365272653789435,1.0,1.0,240,1.0686365272653788,1.065363472734621,TARGET,1,2015.11.17 17:00:00,1,1.0,16.365272653789432,False,False,,,TARGET,1.0
ANCHOR_CPI_SERIES,CPI_TIMELINE_20151117_163000:core_mm,840030006,7088,US,USD,CPI Core m/m,core_mm,2015.10.01 00:00:00,6783,0,CALENDAR_TIMEMODE_DATETIME,False,trade_server_time,CALENDAR_UNIT_PERCENT,1,CALENDAR_MULTIPLIER_NONE,False,,,,1447777800,2015.11.17 16:30:00,0.2,0.2,,0.0,Flat,False,FLAT_DIRECTION,,,,,,,,,,,,,,,,,,,,,,
ANCHOR_CPI_SERIES,CPI_TIMELINE_20151117_163000:headline_yy,840030007,10197,US,USD,CPI Headline y/y,headline_yy,2015.10.01 00:00:00,6922,0,CALENDAR_TIMEMODE_DATETIME,False,trade_server_time,CALENDAR_UNIT_PERCENT,1,CALENDAR_MULTIPLIER_NONE,False,,,,1447777800,2015.11.17 16:30:00,0.2,0.0,,0.2,Short,True,,1447779600,2015.11.17 17:00:00,1800,1.067,0.0016365272653789435,1.0,1.0,240,1.0686365272653788,1.065363472734621,TARGET,1,2015.11.17 17:00:00,1,1.0,16.365272653789432,False,False,,,TARGET,1.0
ANCHOR_CPI_SERIES,CPI_TIMELINE_20151117_163000:core_yy,840030008,12901,US,USD,CPI Core y/y,core_yy,2015.10.01 00:00:00,7062,0,CALENDAR_TIMEMODE_DATETIME,False,trade_server_time,CALENDAR_UNIT_PERCENT,1,CALENDAR_MULTIPLIER_NONE,False,,,,1447777800,2015.11.17 16:30:00,1.9,1.9,,0.0,Flat,False,FLAT_DIRECTION,,,,,,,,,,,,,,,,,,,,,,
ANCHOR_CPI_SERIES,CPI_TIMELINE_20151117_163000:mm_sum,DERIVED_MM_SUM,,US,USD,CPI m/m Sum,mm_sum,,,0,CALENDAR_TIMEMODE_DATETIME,False,trade_server_time,CALENDAR_UNIT_PERCENT,1,CALENDAR_MULTIPLIER_NONE,True,"840030005,840030006","16486,7088","6644,6783",1447777800,2015.11.17 16:30:00,,,,0.4,Short,True,,1447779600,2015.11.17 17:00:00,1800,1.067,0.0016365272653789435,1.0,1.0,240,1.0686365272653788,1.065363472734621,TARGET,1,2015.11.17 17:00:00,1,1.0,16.365272653789432,False,False,,,TARGET,1.0
ANCHOR_CPI_SERIES,CPI_TIMELINE_20151117_163000:yy_sum,DERIVED_YY_SUM,,US,USD,CPI y/y Sum,yy_sum,,,0,CALENDAR_TIMEMODE_DATETIME,False,trade_server_time,CALENDAR_UNIT_PERCENT,1,CALENDAR_MULTIPLIER_NONE,True,"840030007,840030008","10197,12901","6922,7062",1447777800,2015.11.17 16:30:00,,,,0.2,Short,True,,1447779600,2015.11.17 17:00:00,1800,1.067,0.0016365272653789435,1.0,1.0,240,1.0686365272653788,1.065363472734621,TARGET,1,2015.11.17 17:00:00,1,1.0,16.365272653789432,False,False,,,TARGET,1.0
ANCHOR_CPI_SERIES,CPI_TIMELINE_20151215_163000:headline_mm,840030005,16487,US,USD,CPI Headline m/m,headline_mm,2015.11.01 00:00:00,6645,0,CALENDAR_TIMEMODE_DATETIME,False,trade_server_time,CALENDAR_UNIT_PERCENT,1,CALENDAR_MULTIPLIER_NONE,False,,,,1450197000,2015.12.15 16:30:00,0.0,0.2,,-0.2,Long,True,,1450198800,2015.12.15 17:00:00,1800,1.09575,0.0020897040662548284,1.0,1.0,240,1.0936602959337451,1.0978397040662549,STOP,1,2015.12.15 17:00:00,1,-1.0,-20.89704066254828,False,False,,,STOP,-1.0
ANCHOR_CPI_SERIES,CPI_TIMELINE_20151215_163000:core_mm,840030006,7089,US,USD,CPI Core m/m,core_mm,2015.11.01 00:00:00,6784,0,CALENDAR_TIMEMODE_DATETIME,False,trade_server_time,CALENDAR_UNIT_PERCENT,1,CALENDAR_MULTIPLIER_NONE,False,,,,1450197000,2015.12.15 16:30:00,0.2,0.2,,0.0,Flat,False,FLAT_DIRECTION,,,,,,,,,,,,,,,,,,,,,,
ANCHOR_CPI_SERIES,CPI_TIMELINE_20151215_163000:headline_yy,840030007,10198,US,USD,CPI Headline y/y,headline_yy,2015.11.01 00:00:00,6923,0,CALENDAR_TIMEMODE_DATETIME,False,trade_server_time,CALENDAR_UNIT_PERCENT,1,CALENDAR_MULTIPLIER_NONE,False,,,,1450197000,2015.12.15 16:30:00,0.5,0.2,,0.3,Short,True,,1450198800,2015.12.15 17:00:00,1800,1.09575,0.0020897040662548284,1.0,1.0,240,1.0978397040662549,1.0936602959337451,TARGET,1,2015.12.15 17:00:00,1,1.0,20.89704066254828,False,False,,,TARGET,1.0
ANCHOR_CPI_SERIES,CPI_TIMELINE_20151215_163000:core_yy,840030008,12902,US,USD,CPI Core y/y,core_yy,2015.11.01 00:00:00,7063,0,CALENDAR_TIMEMODE_DATETIME,False,trade_server_time,CALENDAR_UNIT_PERCENT,1,CALENDAR_MULTIPLIER_NONE,False,,,,1450197000,2015.12.15 16:30:00,2.0,1.9,,0.1,Short,True,,1450198800,2015.12.15 17:00:00,1800,1.09575,0.0020897040662548284,1.0,1.0,240,1.0978397040662549,1.0936602959337451,TARGET,1,2015.12.15 17:00:00,1,1.0,20.89704066254828,False,False,,,TARGET,1.0
ANCHOR_CPI_SERIES,CPI_TIMELINE_20151215_163000:mm_sum,DERIVED_MM_SUM,,US,USD,CPI m/m Sum,mm_sum,,,0,CALENDAR_TIMEMODE_DATETIME,False,trade_server_time,CALENDAR_UNIT_PERCENT,1,CALENDAR_MULTIPLIER_NONE,True,"840030005,840030006","16487,7089","6645,6784",1450197000,2015.12.15 16:30:00,,,,-0.2,Long,True,,1450198800,2015.12.15 17:00:00,1800,1.09575,0.0020897040662548284,1.0,1.0,240,1.0936602959337451,1.0978397040662549,STOP,1,2015.12.15 17:00:00,1,-1.0,-20.89704066254828,False,False,,,STOP,-1.0
ANCHOR_CPI_SERIES,CPI_TIMELINE_20151215_163000:yy_sum,DERIVED_YY_SUM,,US,USD,CPI y/y Sum,yy_sum,,,0,CALENDAR_TIMEMODE_DATETIME,False,trade_server_time,CALENDAR_UNIT_PERCENT,1,CALENDAR_MULTIPLIER_NONE,True,"840030007,840030008","10198,12902","6923,7063",1450197000,2015.12.15 16:30:00,,,,0.4,Short,True,,1450198800,2015.12.15 17:00:00,1800,1.09575,0.0020897040662548284,1.0,1.0,240,1.0978397040662549,1.0936602959337451,TARGET,1,2015.12.15 17:00:00,1,1.0,20.89704066254828,False,False,,,TARGET,1.0
ANCHOR_CPI_SERIES,CPI_TIMELINE_20160120_163000:headline_mm,840030005,16488,US,USD,CPI Headline m/m,headline_mm,2015.12.01 00:00:00,6646,0,CALENDAR_TIMEMODE_DATETIME,False,trade_server_time,CALENDAR_UNIT_PERCENT,1,CALENDAR_MULTIPLIER_NONE,False,,,,1453307400,2016.01.20 16:30:00,-0.1,0.0,,-0.1,Long,True,,1453309200,2016.01.20 17:00:00,1800,1.09089,0.0020413279608612433,1.0,1.0,240,1.0888486720391386,1.0929313279608612,STOP,2,2016.01.20 18:00:00,2,-1.0,-20.41327960861243,False,False,,,STOP,-1.0
ANCHOR_CPI_SERIES,CPI_TIMELINE_20160120_163000:core_mm,840030006,7090,US,USD,CPI Core m/m,core_mm,2015.12.01 00:00:00,6785,0,CALENDAR_TIMEMODE_DATETIME,False,trade_server_time,CALENDAR_UNIT_PERCENT,1,CALENDAR_MULTIPLIER_NONE,False,,,,1453307400,2016.01.20 16:30:00,0.1,0.2,,-0.1,Long,True,,1453309200,2016.01.20 17:00:00,1800,1.09089,0.0020413279608612433,1.0,1.0,240,1.0888486720391386,1.0929313279608612,STOP,2,2016.01.20 18:00:00,2,-1.0,-20.41327960861243,False,False,,,STOP,-1.0
ANCHOR_CPI_SERIES,CPI_TIMELINE_20160120_163000:headline_yy,840030007,10199,US,USD,CPI Headline y/y,headline_yy,2015.12.01 00:00:00,6924,0,CALENDAR_TIMEMODE_DATETIME,False,trade_server_time,CALENDAR_UNIT_PERCENT,1,CALENDAR_MULTIPLIER_NONE,False,,,,1453307400,2016.01.20 16:30:00,0.7,0.5,,0.2,Short,True,,1453309200,2016.01.20 17:00:00,1800,1.09089,0.0020413279608612433,1.0,1.0,240,1.0929313279608612,1.0888486720391386,TARGET,2,2016.01.20 18:00:00,2,1.0,20.41327960861243,False,False,,,TARGET,1.0
ANCHOR_CPI_SERIES,CPI_TIMELINE_20160120_163000:core_yy,840030008,12903,US,USD,CPI Core y/y,core_yy,2015.12.01 00:00:00,7064,0,CALENDAR_TIMEMODE_DATETIME,False,trade_server_time,CALENDAR_UNIT_PERCENT,1,CALENDAR_MULTIPLIER_NONE,False,,,,1453307400,2016.01.20 16:30:00,2.1,2.0,,0.1,Short,True,,1453309200,2016.01.20 17:00:00,1800,1.09089,0.0020413279608612433,1.0,1.0,240,1.0929313279608612,1.0888486720391386,TARGET,2,2016.01.20 18:00:00,2,1.0,20.41327960861243,False,False,,,TARGET,1.0
ANCHOR_CPI_SERIES,CPI_TIMELINE_20160120_163000:mm_sum,DERIVED_MM_SUM,,US,USD,CPI m/m Sum,mm_sum,,,0,CALENDAR_TIMEMODE_DATETIME,False,trade_server_time,CALENDAR_UNIT_PERCENT,1,CALENDAR_MULTIPLIER_NONE,True,"840030005,840030006","16488,7090","6646,6785",1453307400,2016.01.20 16:30:00,,,,-0.2,Long,True,,1453309200,2016.01.20 17:00:00,1800,1.09089,0.0020413279608612433,1.0,1.0,240,1.0888486720391386,1.0929313279608612,STOP,2,2016.01.20 18:00:00,2,-1.0,-20.41327960861243,False,False,,,STOP,-1.0
ANCHOR_CPI_SERIES,CPI_TIMELINE_20160120_163000:yy_sum,DERIVED_YY_SUM,,US,USD,CPI y/y Sum,yy_sum,,,0,CALENDAR_TIMEMODE_DATETIME,False,trade_server_time,CALENDAR_UNIT_PERCENT,1,CALENDAR_MULTIPLIER_NONE,True,"840030007,840030008","10199,12903","6924,7064",1453307400,2016.01.20 16:30:00,,,,0.3,Short,True,,1453309200,2016.01.20 17:00:00,1800,1.09089,0.0020413279608612433,1.0,1.0,240,1.0929313279608612,1.0888486720391386,TARGET,2,2016.01.20 18:00:00,2,1.0,20.41327960861243,False,False,,,TARGET,1.0
ANCHOR_CPI_SERIES,CPI_TIMELINE_20160219_163000:headline_mm,840030005,16489,US,USD,CPI Headline m/m,headline_mm,2016.01.01 00:00:00,6647,0,CALENDAR_TIMEMODE_DATETIME,False,trade_server_time,CALENDAR_UNIT_PERCENT,1,CALENDAR_MULTIPLIER_NONE,False,,,,1455899400,2016.02.19 16:30:00,0.0,-0.1,,0.1,Short,True,,1455901200,2016.02.19 17:00:00,1800,1.11015,0.0019040247521003144,1.0,1.0,240,1.1120540247521002,1.1082459752478997,STOP,2,2016.02.19 18:00:00,2,-1.0,-19.040247521003142,False,False,,,STOP,-1.0
ANCHOR_CPI_SERIES,CPI_TIMELINE_20160219_163000:core_mm,840030006,7091,US,USD,CPI Core m/m,core_mm,2016.01.01 00:00:00,6786,0,CALENDAR_TIMEMODE_DATETIME,False,trade_server_time,CALENDAR_UNIT_PERCENT,1,CALENDAR_MULTIPLIER_NONE,False,,,,1455899400,2016.02.19 16:30:00,0.3,0.1,,0.2,Short,True,,1455901200,2016.02.19 17:00:00,1800,1.11015,0.0019040247521003144,1.0,1.0,240,1.1120540247521002,1.1082459752478997,STOP,2,2016.02.19 18:00:00,2,-1.0,-19.040247521003142,False,False,,,STOP,-1.0
ANCHOR_CPI_SERIES,CPI_TIMELINE_20160219_163000:headline_yy,840030007,10200,US,USD,CPI Headline y/y,headline_yy,2016.01.01 00:00:00,6925,0,CALENDAR_TIMEMODE_DATETIME,False,trade_server_time,CALENDAR_UNIT_PERCENT,1,CALENDAR_MULTIPLIER_NONE,False,,,,1455899400,2016.02.19 16:30:00,1.4,0.7,,0.7,Short,True,,1455901200,2016.02.19 17:00:00,1800,1.11015,0.0019040247521003144,1.0,1.0,240,1.1120540247521002,1.1082459752478997,STOP,2,2016.02.19 18:00:00,2,-1.0,-19.040247521003142,False,False,,,STOP,-1.0
ANCHOR_CPI_SERIES,CPI_TIMELINE_20160219_163000:core_yy,840030008,12904,US,USD,CPI Core y/y,core_yy,2016.01.01 00:00:00,7065,0,CALENDAR_TIMEMODE_DATETIME,False,trade_server_time,CALENDAR_UNIT_PERCENT,1,CALENDAR_MULTIPLIER_NONE,False,,,,1455899400,2016.02.19 16:30:00,2.2,2.1,,0.1,Short,True,,1455901200,2016.02.19 17:00:00,1800,1.11015,0.0019040247521003144,1.0,1.0,240,1.1120540247521002,1.1082459752478997,STOP,2,2016.02.19 18:00:00,2,-1.0,-19.040247521003142,False,False,,,STOP,-1.0
ANCHOR_CPI_SERIES,CPI_TIMELINE_20160219_163000:mm_sum,DERIVED_MM_SUM,,US,USD,CPI m/m Sum,mm_sum,,,0,CALENDAR_TIMEMODE_DATETIME,False,trade_server_time,CALENDAR_UNIT_PERCENT,1,CALENDAR_MULTIPLIER_NONE,True,"840030005,840030006","16489,7091","6647,6786",1455899400,2016.02.19 16:30:00,,,,0.3,Short,True,,1455901200,2016.02.19 17:00:00,1800,1.11015,0.0019040247521003144,1.0,1.0,240,1.1120540247521002,1.1082459752478997,STOP,2,2016.02.19 18:00:00,2,-1.0,-19.040247521003142,False,False,,,STOP,-1.0
ANCHOR_CPI_SERIES,CPI_TIMELINE_20160219_163000:yy_sum,DERIVED_YY_SUM,,US,USD,CPI y/y Sum,yy_sum,,,0,CALENDAR_TIMEMODE_DATETIME,False,trade_server_time,CALENDAR_UNIT_PERCENT,1,CALENDAR_MULTIPLIER_NONE,True,"840030007,840030008","10200,12904","6925,7065",1455899400,2016.02.19 16:30:00,,,,0.8,Short,True,,1455901200,2016.02.19 17:00:00,1800,1.11015,0.0019040247521003144,1.0,1.0,240,1.1120540247521002,1.1082459752478997,STOP,2,2016.02.19 18:00:00,2,-1.0,-19.040247521003142,False,False,,,STOP,-1.0
ANCHOR_CPI_SERIES,CPI_TIMELINE_20160316_153000:headline_mm,840030005,16490,US,USD,CPI Headline m/m,headline_mm,2016.02.01 00:00:00,6648,0,CALENDAR_TIMEMODE_DATETIME,False,trade_server_time,CALENDAR_UNIT_PERCENT,1,CALENDAR_MULTIPLIER_NONE,False,,,,1458142200,2016.03.16 15:30:00,-0.2,0.0,,-0.2,Long,True,,1458144000,2016.03.16 16:00:00,1800,1.10634,0.00135778192841025,1.0,1.0,240,1.1049822180715898,1.1076977819284104,TARGET,3,2016.03.16 18:00:00,3,1.0,13.577819284102498,False,False,,,TARGET,1.0
ANCHOR_CPI_SERIES,CPI_TIMELINE_20160316_153000:core_mm,840030006,7092,US,USD,CPI Core m/m,core_mm,2016.02.01 00:00:00,6787,0,CALENDAR_TIMEMODE_DATETIME,False,trade_server_time,CALENDAR_UNIT_PERCENT,1,CALENDAR_MULTIPLIER_NONE,False,,,,1458142200,2016.03.16 15:30:00,0.3,0.3,,0.0,Flat,False,FLAT_DIRECTION,,,,,,,,,,,,,,,,,,,,,,
ANCHOR_CPI_SERIES,CPI_TIMELINE_20160316_153000:headline_yy,840030007,10201,US,USD,CPI Headline y/y,headline_yy,2016.02.01 00:00:00,6926,0,CALENDAR_TIMEMODE_DATETIME,False,trade_server_time,CALENDAR_UNIT_PERCENT,1,CALENDAR_MULTIPLIER_NONE,False,,,,1458142200,2016.03.16 15:30:00,1.0,1.4,,-0.4,Long,True,,1458144000,2016.03.16 16:00:00,1800,1.10634,0.00135778192841025,1.0,1.0,240,1.1049822180715898,1.1076977819284104,TARGET,3,2016.03.16 18:00:00,3,1.0,13.577819284102498,False,False,,,TARGET,1.0
ANCHOR_CPI_SERIES,CPI_TIMELINE_20160316_153000:core_yy,840030008,12905,US,USD,CPI Core y/y,core_yy,2016.02.01 00:00:00,7066,0,CALENDAR_TIMEMODE_DATETIME,False,trade_server_time,CALENDAR_UNIT_PERCENT,1,CALENDAR_MULTIPLIER_NONE,False,,,,1458142200,2016.03.16 15:30:00,2.3,2.2,,0.1,Short,True,,1458144000,2016.03.16 16:00:00,1800,1.10634,0.00135778192841025,1.0,1.0,240,1.1076977819284104,1.1049822180715898,STOP,3,2016.03.16 18:00:00,3,-1.0,-13.577819284102498,False,False,,,STOP,-1.0
ANCHOR_CPI_SERIES,CPI_TIMELINE_20160316_153000:mm_sum,DERIVED_MM_SUM,,US,USD,CPI m/m Sum,mm_sum,,,0,CALENDAR_TIMEMODE_DATETIME,False,trade_server_time,CALENDAR_UNIT_PERCENT,1,CALENDAR_MULTIPLIER_NONE,True,"840030005,840030006","16490,7092","6648,6787",1458142200,2016.03.16 15:30:00,,,,-0.2,Long,True,,1458144000,2016.03.16 16:00:00,1800,1.10634,0.00135778192841025,1.0,1.0,240,1.1049822180715898,1.1076977819284104,TARGET,3,2016.03.16 18:00:00,3,1.0,13.577819284102498,False,False,,,TARGET,1.0
ANCHOR_CPI_SERIES,CPI_TIMELINE_20160316_153000:yy_sum,DERIVED_YY_SUM,,US,USD,CPI y/y Sum,yy_sum,,,0,CALENDAR_TIMEMODE_DATETIME,False,trade_server_time,CALENDAR_UNIT_PERCENT,1,CALENDAR_MULTIPLIER_NONE,True,"840030007,840030008","10201,12905","6926,7066",1458142200,2016.03.16 15:30:00,,,,-0.3,Long,True,,1458144000,2016.03.16 16:00:00,1800,1.10634,0.00135778192841025,1.0,1.0,240,1.1049822180715898,1.1076977819284104,TARGET,3,2016.03.16 18:00:00,3,1.0,13.577819284102498,False,False,,,TARGET,1.0
ANCHOR_CPI_SERIES,CPI_TIMELINE_20160414_153000:headline_mm,840030005,16491,US,USD,CPI Headline m/m,headline_mm,2016.03.01 00:00:00,6649,0,CALENDAR_TIMEMODE_DATETIME,False,trade_server_time,CALENDAR_UNIT_PERCENT,1,CALENDAR_MULTIPLIER_NONE,False,,,,1460647800,2016.04.14 15:30:00,0.1,-0.2,,0.3,Short,True,,1460649600,2016.04.14 16:00:00,1800,1.12758,0.0016187149642312004,1.0,1.0,240,1.1291987149642313,1.1259612850357688,TARGET,2,2016.04.14 17:00:00,2,1.0,16.187149642312004,False,False,,,TARGET,1.0
ANCHOR_CPI_SERIES,CPI_TIMELINE_20160414_153000:core_mm,840030006,7093,US,USD,CPI Core m/m,core_mm,2016.03.01 00:00:00,6788,0,CALENDAR_TIMEMODE_DATETIME,False,trade_server_time,CALENDAR_UNIT_PERCENT,1,CALENDAR_MULTIPLIER_NONE,False,,,,1460647800,2016.04.14 15:30:00,0.1,0.3,,-0.2,Long,True,,1460649600,2016.04.14 16:00:00,1800,1.12758,0.0016187149642312004,1.0,1.0,240,1.1259612850357688,1.1291987149642313,STOP,2,2016.04.14 17:00:00,2,-1.0,-16.187149642312004,False,False,,,STOP,-1.0
ANCHOR_CPI_SERIES,CPI_TIMELINE_20160414_153000:headline_yy,840030007,10202,US,USD,CPI Headline y/y,headline_yy,2016.03.01 00:00:00,6927,0,CALENDAR_TIMEMODE_DATETIME,False,trade_server_time,CALENDAR_UNIT_PERCENT,1,CALENDAR_MULTIPLIER_NONE,False,,,,1460647800,2016.04.14 15:30:00,0.9,1.0,,-0.1,Long,True,,1460649600,2016.04.14 16:00:00,1800,1.12758,0.0016187149642312004,1.0,1.0,240,1.1259612850357688,1.1291987149642313,STOP,2,2016.04.14 17:00:00,2,-1.0,-16.187149642312004,False,False,,,STOP,-1.0
ANCHOR_CPI_SERIES,CPI_TIMELINE_20160414_153000:core_yy,840030008,12906,US,USD,CPI Core y/y,core_yy,2016.03.01 00:00:00,7067,0,CALENDAR_TIMEMODE_DATETIME,False,trade_server_time,CALENDAR_UNIT_PERCENT,1,CALENDAR_MULTIPLIER_NONE,False,,,,1460647800,2016.04.14 15:30:00,2.2,2.3,,-0.1,Long,True,,1460649600,2016.04.14 16:00:00,1800,1.12758,0.0016187149642312004,1.0,1.0,240,1.1259612850357688,1.1291987149642313,STOP,2,2016.04.14 17:00:00,2,-1.0,-16.187149642312004,False,False,,,STOP,-1.0
ANCHOR_CPI_SERIES,CPI_TIMELINE_20160414_153000:mm_sum,DERIVED_MM_SUM,,US,USD,CPI m/m Sum,mm_sum,,,0,CALENDAR_TIMEMODE_DATETIME,False,trade_server_time,CALENDAR_UNIT_PERCENT,1,CALENDAR_MULTIPLIER_NONE,True,"840030005,840030006","16491,7093","6649,6788",1460647800,2016.04.14 15:30:00,,,,0.1,Short,True,,1460649600,2016.04.14 16:00:00,1800,1.12758,0.0016187149642312004,1.0,1.0,240,1.1291987149642313,1.1259612850357688,TARGET,2,2016.04.14 17:00:00,2,1.0,16.187149642312004,False,False,,,TARGET,1.0
ANCHOR_CPI_SERIES,CPI_TIMELINE_20160414_153000:yy_sum,DERIVED_YY_SUM,,US,USD,CPI y/y Sum,yy_sum,,,0,CALENDAR_TIMEMODE_DATETIME,False,trade_server_time,CALENDAR_UNIT_PERCENT,1,CALENDAR_MULTIPLIER_NONE,True,"840030007,840030008","10202,12906","6927,7067",1460647800,2016.04.14 15:30:00,,,,-0.2,Long,True,,1460649600,2016.04.14 16:00:00,1800,1.12758,0.0016187149642312004,1.0,1.0,240,1.1259612850357688,1.1291987149642313,STOP,2,2016.04.14 17:00:00,2,-1.0,-16.187149642312004,False,False,,,STOP,-1.0
ANCHOR_CPI_SERIES,CPI_TIMELINE_20160517_153000:headline_mm,840030005,16492,US,USD,CPI Headline m/m,headline_mm,2016.04.01 00:00:00,6650,0,CALENDAR_TIMEMODE_DATETIME,False,trade_server_time,CALENDAR_UNIT_PERCENT,1,CALENDAR_MULTIPLIER_NONE,False,,,,1463499000,2016.05.17 15:30:00,0.4,0.1,,0.3,Short,True,,1463500800,2016.05.17 16:00:00,1800,1.13108,0.001093327800077954,1.0,1.0,240,1.132173327800078,1.129986672199922,STOP,1,2016.05.17 16:00:00,1,-1.0,-10.93327800077954,False,False,,,STOP,-1.0
ANCHOR_CPI_SERIES,CPI_TIMELINE_20160517_153000:core_mm,840030006,7094,US,USD,CPI Core m/m,core_mm,2016.04.01 00:00:00,6789,0,CALENDAR_TIMEMODE_DATETIME,False,trade_server_time,CALENDAR_UNIT_PERCENT,1,CALENDAR_MULTIPLIER_NONE,False,,,,1463499000,2016.05.17 15:30:00,0.2,0.1,,0.1,Short,True,,1463500800,2016.05.17 16:00:00,1800,1.13108,0.001093327800077954,1.0,1.0,240,1.132173327800078,1.129986672199922,STOP,1,2016.05.17 16:00:00,1,-1.0,-10.93327800077954,False,False,,,STOP,-1.0
ANCHOR_CPI_SERIES,CPI_TIMELINE_20160517_153000:headline_yy,840030007,10203,US,USD,CPI Headline y/y,headline_yy,2016.04.01 00:00:00,6928,0,CALENDAR_TIMEMODE_DATETIME,False,trade_server_time,CALENDAR_UNIT_PERCENT,1,CALENDAR_MULTIPLIER_NONE,False,,,,1463499000,2016.05.17 15:30:00,1.1,0.9,,0.2,Short,True,,1463500800,2016.05.17 16:00:00,1800,1.13108,0.001093327800077954,1.0,1.0,240,1.132173327800078,1.129986672199922,STOP,1,2016.05.17 16:00:00,1,-1.0,-10.93327800077954,False,False,,,STOP,-1.0
ANCHOR_CPI_SERIES,CPI_TIMELINE_20160517_153000:core_yy,840030008,12907,US,USD,CPI Core y/y,core_yy,2016.04.01 00:00:00,7068,0,CALENDAR_TIMEMODE_DATETIME,False,trade_server_time,CALENDAR_UNIT_PERCENT,1,CALENDAR_MULTIPLIER_NONE,False,,,,1463499000,2016.05.17 15:30:00,2.1,2.2,,-0.1,Long,True,,1463500800,2016.05.17 16:00:00,1800,1.13108,0.001093327800077954,1.0,1.0,240,1.129986672199922,1.132173327800078,TARGET,1,2016.05.17 16:00:00,1,1.0,10.93327800077954,False,False,,,TARGET,1.0
ANCHOR_CPI_SERIES,CPI_TIMELINE_20160517_153000:mm_sum,DERIVED_MM_SUM,,US,USD,CPI m/m Sum,mm_sum,,,0,CALENDAR_TIMEMODE_DATETIME,False,trade_server_time,CALENDAR_UNIT_PERCENT,1,CALENDAR_MULTIPLIER_NONE,True,"840030005,840030006","16492,7094","6650,6789",1463499000,2016.05.17 15:30:00,,,,0.4,Short,True,,1463500800,2016.05.17 16:00:00,1800,1.13108,0.001093327800077954,1.0,1.0,240,1.132173327800078,1.129986672199922,STOP,1,2016.05.17 16:00:00,1,-1.0,-10.93327800077954,False,False,,,STOP,-1.0
ANCHOR_CPI_SERIES,CPI_TIMELINE_20160517_153000:yy_sum,DERIVED_YY_SUM,,US,USD,CPI y/y Sum,yy_sum,,,0,CALENDAR_TIMEMODE_DATETIME,False,trade_server_time,CALENDAR_UNIT_PERCENT,1,CALENDAR_MULTIPLIER_NONE,True,"840030007,840030008","10203,12907","6928,7068",1463499000,2016.05.17 15:30:00,,,,0.1,Short,True,,1463500800,2016.05.17 16:00:00,1800,1.13108,0.001093327800077954,1.0,1.0,240,1.132173327800078,1.129986672199922,STOP,1,2016.05.17 16:00:00,1,-1.0,-10.93327800077954,False,False,,,STOP,-1.0
ANCHOR_CPI_SERIES,CPI_TIMELINE_20160616_153000:headline_mm,840030005,16493,US,USD,CPI Headline m/m,headline_mm,2016.05.01 00:00:00,6651,0,CALENDAR_TIMEMODE_DATETIME,False,trade_server_time,CALENDAR_UNIT_PERCENT,1,CALENDAR_MULTIPLIER_NONE,False,,,,1466091000,2016.06.16 15:30:00,0.2,0.4,,-0.2,Long,True,,1466092800,2016.06.16 16:00:00,1800,1.11704,0.0020612826108601747,1.0,1.0,240,1.11497871738914,1.1191012826108602,STOP,1,2016.06.16 16:00:00,1,-1.0,-20.612826108601745,False,False,,,STOP,-1.0
ANCHOR_CPI_SERIES,CPI_TIMELINE_20160616_153000:core_mm,840030006,7095,US,USD,CPI Core m/m,core_mm,2016.05.01 00:00:00,6790,0,CALENDAR_TIMEMODE_DATETIME,False,trade_server_time,CALENDAR_UNIT_PERCENT,1,CALENDAR_MULTIPLIER_NONE,False,,,,1466091000,2016.06.16 15:30:00,0.2,0.2,,0.0,Flat,False,FLAT_DIRECTION,,,,,,,,,,,,,,,,,,,,,,
ANCHOR_CPI_SERIES,CPI_TIMELINE_20160616_153000:headline_yy,840030007,10204,US,USD,CPI Headline y/y,headline_yy,2016.05.01 00:00:00,6929,0,CALENDAR_TIMEMODE_DATETIME,False,trade_server_time,CALENDAR_UNIT_PERCENT,1,CALENDAR_MULTIPLIER_NONE,False,,,,1466091000,2016.06.16 15:30:00,1.0,1.1,,-0.1,Long,True,,1466092800,2016.06.16 16:00:00,1800,1.11704,0.0020612826108601747,1.0,1.0,240,1.11497871738914,1.1191012826108602,STOP,1,2016.06.16 16:00:00,1,-1.0,-20.612826108601745,False,False,,,STOP,-1.0
ANCHOR_CPI_SERIES,CPI_TIMELINE_20160616_153000:core_yy,840030008,12908,US,USD,CPI Core y/y,core_yy,2016.05.01 00:00:00,7069,0,CALENDAR_TIMEMODE_DATETIME,False,trade_server_time,CALENDAR_UNIT_PERCENT,1,CALENDAR_MULTIPLIER_NONE,False,,,,1466091000,2016.06.16 15:30:00,2.2,2.1,,0.1,Short,True,,1466092800,2016.06.16 16:00:00,1800,1.11704,0.0020612826108601747,1.0,1.0,240,1.1191012826108602,1.11497871738914,TARGET,1,2016.06.16 16:00:00,1,1.0,20.612826108601745,False,False,,,TARGET,1.0
ANCHOR_CPI_SERIES,CPI_TIMELINE_20160616_153000:mm_sum,DERIVED_MM_SUM,,US,USD,CPI m/m Sum,mm_sum,,,0,CALENDAR_TIMEMODE_DATETIME,False,trade_server_time,CALENDAR_UNIT_PERCENT,1,CALENDAR_MULTIPLIER_NONE,True,"840030005,840030006","16493,7095","6651,6790",1466091000,2016.06.16 15:30:00,,,,-0.2,Long,True,,1466092800,2016.06.16 16:00:00,1800,1.11704,0.0020612826108601747,1.0,1.0,240,1.11497871738914,1.1191012826108602,STOP,1,2016.06.16 16:00:00,1,-1.0,-20.612826108601745,False,False,,,STOP,-1.0
ANCHOR_CPI_SERIES,CPI_TIMELINE_20160616_153000:yy_sum,DERIVED_YY_SUM,,US,USD,CPI y/y Sum,yy_sum,,,0,CALENDAR_TIMEMODE_DATETIME,False,trade_server_time,CALENDAR_UNIT_PERCENT,1,CALENDAR_MULTIPLIER_NONE,True,"840030007,840030008","10204,12908","6929,7069",1466091000,2016.06.16 15:30:00,,,,0.0,Flat,False,FLAT_DIRECTION,,,,,,,,,,,,,,,,,,,,,,
ANCHOR_CPI_SERIES,CPI_TIMELINE_20160715_153000:headline_mm,840030005,16494,US,USD,CPI Headline m/m,headline_mm,2016.06.01 00:00:00,6652,0,CALENDAR_TIMEMODE_DATETIME,False,trade_server_time,CALENDAR_UNIT_PERCENT,1,CALENDAR_MULTIPLIER_NONE,False,,,,1468596600,2016.07.15 15:30:00,0.2,0.2,,0.0,Flat,False,FLAT_DIRECTION,,,,,,,,,,,,,,,,,,,,,,
ANCHOR_CPI_SERIES,CPI_TIMELINE_20160715_153000:core_mm,840030006,7096,US,USD,CPI Core m/m,core_mm,2016.06.01 00:00:00,6791,0,CALENDAR_TIMEMODE_DATETIME,False,trade_server_time,CALENDAR_UNIT_PERCENT,1,CALENDAR_MULTIPLIER_NONE,False,,,,1468596600,2016.07.15 15:30:00,0.2,0.2,,0.0,Flat,False,FLAT_DIRECTION,,,,,,,,,,,,,,,,,,,,,,
ANCHOR_CPI_SERIES,CPI_TIMELINE_20160715_153000:headline_yy,840030007,10205,US,USD,CPI Headline y/y,headline_yy,2016.06.01 00:00:00,6930,0,CALENDAR_TIMEMODE_DATETIME,False,trade_server_time,CALENDAR_UNIT_PERCENT,1,CALENDAR_MULTIPLIER_NONE,False,,,,1468596600,2016.07.15 15:30:00,1.0,1.0,,0.0,Flat,False,FLAT_DIRECTION,,,,,,,,,,,,,,,,,,,,,,
ANCHOR_CPI_SERIES,CPI_TIMELINE_20160715_153000:core_yy,840030008,12909,US,USD,CPI Core y/y,core_yy,2016.06.01 00:00:00,7070,0,CALENDAR_TIMEMODE_DATETIME,False,trade_server_time,CALENDAR_UNIT_PERCENT,1,CALENDAR_MULTIPLIER_NONE,False,,,,1468596600,2016.07.15 15:30:00,2.3,2.2,,0.1,Short,True,,1468598400,2016.07.15 16:00:00,1800,1.11162,0.0015421660606126514,1.0,1.0,240,1.1131621660606128,1.1100778339393873,TARGET,1,2016.07.15 16:00:00,1,1.0,15.421660606126514,False,False,,,TARGET,1.0
ANCHOR_CPI_SERIES,CPI_TIMELINE_20160715_153000:mm_sum,DERIVED_MM_SUM,,US,USD,CPI m/m Sum,mm_sum,,,0,CALENDAR_TIMEMODE_DATETIME,False,trade_server_time,CALENDAR_UNIT_PERCENT,1,CALENDAR_MULTIPLIER_NONE,True,"840030005,840030006","16494,7096","6652,6791",1468596600,2016.07.15 15:30:00,,,,0.0,Flat,False,FLAT_DIRECTION,,,,,,,,,,,,,,,,,,,,,,
ANCHOR_CPI_SERIES,CPI_TIMELINE_20160715_153000:yy_sum,DERIVED_YY_SUM,,US,USD,CPI y/y Sum,yy_sum,,,0,CALENDAR_TIMEMODE_DATETIME,False,trade_server_time,CALENDAR_UNIT_PERCENT,1,CALENDAR_MULTIPLIER_NONE,True,"840030007,840030008","10205,12909","6930,7070",1468596600,2016.07.15 15:30:00,,,,0.1,Short,True,,1468598400,2016.07.15 16:00:00,1800,1.11162,0.0015421660606126514,1.0,1.0,240,1.1131621660606128,1.1100778339393873,TARGET,1,2016.07.15 16:00:00,1,1.0,15.421660606126514,False,False,,,TARGET,1.0
ANCHOR_CPI_SERIES,CPI_TIMELINE_20160816_153000:headline_mm,840030005,16495,US,USD,CPI Headline m/m,headline_mm,2016.07.01 00:00:00,6653,0,CALENDAR_TIMEMODE_DATETIME,False,trade_server_time,CALENDAR_UNIT_PERCENT,1,CALENDAR_MULTIPLIER_NONE,False,,,,1471361400,2016.08.16 15:30:00,0.0,0.2,,-0.2,Long,True,,1471363200,2016.08.16 16:00:00,1800,1.12785,0.0015329406347571188,1.0,1.0,240,1.126317059365243,1.129382940634757,STOP,1,2016.08.16 16:00:00,1,-1.0,-15.329406347571188,False,False,,,STOP,-1.0
ANCHOR_CPI_SERIES,CPI_TIMELINE_20160816_153000:core_mm,840030006,7097,US,USD,CPI Core m/m,core_mm,2016.07.01 00:00:00,6792,0,CALENDAR_TIMEMODE_DATETIME,False,trade_server_time,CALENDAR_UNIT_PERCENT,1,CALENDAR_MULTIPLIER_NONE,False,,,,1471361400,2016.08.16 15:30:00,0.1,0.2,,-0.1,Long,True,,1471363200,2016.08.16 16:00:00,1800,1.12785,0.0015329406347571188,1.0,1.0,240,1.126317059365243,1.129382940634757,STOP,1,2016.08.16 16:00:00,1,-1.0,-15.329406347571188,False,False,,,STOP,-1.0
ANCHOR_CPI_SERIES,CPI_TIMELINE_20160816_153000:headline_yy,840030007,10206,US,USD,CPI Headline y/y,headline_yy,2016.07.01 00:00:00,6931,0,CALENDAR_TIMEMODE_DATETIME,False,trade_server_time,CALENDAR_UNIT_PERCENT,1,CALENDAR_MULTIPLIER_NONE,False,,,,1471361400,2016.08.16 15:30:00,0.8,1.0,,-0.2,Long,True,,1471363200,2016.08.16 16:00:00,1800,1.12785,0.0015329406347571188,1.0,1.0,240,1.126317059365243,1.129382940634757,STOP,1,2016.08.16 16:00:00,1,-1.0,-15.329406347571188,False,False,,,STOP,-1.0
ANCHOR_CPI_SERIES,CPI_TIMELINE_20160816_153000:core_yy,840030008,12910,US,USD,CPI Core y/y,core_yy,2016.07.01 00:00:00,7071,0,CALENDAR_TIMEMODE_DATETIME,False,trade_server_time,CALENDAR_UNIT_PERCENT,1,CALENDAR_MULTIPLIER_NONE,False,,,,1471361400,2016.08.16 15:30:00,2.2,2.3,,-0.1,Long,True,,1471363200,2016.08.16 16:00:00,1800,1.12785,0.0015329406347571188,1.0,1.0,240,1.126317059365243,1.129382940634757,STOP,1,2016.08.16 16:00:00,1,-1.0,-15.329406347571188,False,False,,,STOP,-1.0
ANCHOR_CPI_SERIES,CPI_TIMELINE_20160816_153000:mm_sum,DERIVED_MM_SUM,,US,USD,CPI m/m Sum,mm_sum,,,0,CALENDAR_TIMEMODE_DATETIME,False,trade_server_time,CALENDAR_UNIT_PERCENT,1,CALENDAR_MULTIPLIER_NONE,True,"840030005,840030006","16495,7097","6653,6792",1471361400,2016.08.16 15:30:00,,,,-0.3,Long,True,,1471363200,2016.08.16 16:00:00,1800,1.12785,0.0015329406347571188,1.0,1.0,240,1.126317059365243,1.129382940634757,STOP,1,2016.08.16 16:00:00,1,-1.0,-15.329406347571188,False,False,,,STOP,-1.0
ANCHOR_CPI_SERIES,CPI_TIMELINE_20160816_153000:yy_sum,DERIVED_YY_SUM,,US,USD,CPI y/y Sum,yy_sum,,,0,CALENDAR_TIMEMODE_DATETIME,False,trade_server_time,CALENDAR_UNIT_PERCENT,1,CALENDAR_MULTIPLIER_NONE,True,"840030007,840030008","10206,12910","6931,7071",1471361400,2016.08.16 15:30:00,,,,-0.3,Long,True,,1471363200,2016.08.16 16:00:00,1800,1.12785,0.0015329406347571188,1.0,1.0,240,1.126317059365243,1.129382940634757,STOP,1,2016.08.16 16:00:00,1,-1.0,-15.329406347571188,False,False,,,STOP,-1.0
ANCHOR_CPI_SERIES,CPI_TIMELINE_20160916_153000:headline_mm,840030005,16496,US,USD,CPI Headline m/m,headline_mm,2016.08.01 00:00:00,6654,0,CALENDAR_TIMEMODE_DATETIME,False,trade_server_time,CALENDAR_UNIT_PERCENT,1,CALENDAR_MULTIPLIER_NONE,False,,,,1474039800,2016.09.16 15:30:00,0.2,0.0,,0.2,Short,True,,1474041600,2016.09.16 16:00:00,1800,1.11843,0.0010080726207479496,1.0,1.0,240,1.119438072620748,1.117421927379252,TARGET,1,2016.09.16 16:00:00,1,1.0,10.080726207479495,False,False,,,TARGET,1.0
ANCHOR_CPI_SERIES,CPI_TIMELINE_20160916_153000:core_mm,840030006,7098,US,USD,CPI Core m/m,core_mm,2016.08.01 00:00:00,6793,0,CALENDAR_TIMEMODE_DATETIME,False,trade_server_time,CALENDAR_UNIT_PERCENT,1,CALENDAR_MULTIPLIER_NONE,False,,,,1474039800,2016.09.16 15:30:00,0.3,0.1,,0.2,Short,True,,1474041600,2016.09.16 16:00:00,1800,1.11843,0.0010080726207479496,1.0,1.0,240,1.119438072620748,1.117421927379252,TARGET,1,2016.09.16 16:00:00,1,1.0,10.080726207479495,False,False,,,TARGET,1.0
ANCHOR_CPI_SERIES,CPI_TIMELINE_20160916_153000:headline_yy,840030007,10207,US,USD,CPI Headline y/y,headline_yy,2016.08.01 00:00:00,6932,0,CALENDAR_TIMEMODE_DATETIME,False,trade_server_time,CALENDAR_UNIT_PERCENT,1,CALENDAR_MULTIPLIER_NONE,False,,,,1474039800,2016.09.16 15:30:00,1.1,0.8,,0.3,Short,True,,1474041600,2016.09.16 16:00:00,1800,1.11843,0.0010080726207479496,1.0,1.0,240,1.119438072620748,1.117421927379252,TARGET,1,2016.09.16 16:00:00,1,1.0,10.080726207479495,False,False,,,TARGET,1.0
ANCHOR_CPI_SERIES,CPI_TIMELINE_20160916_153000:core_yy,840030008,12911,US,USD,CPI Core y/y,core_yy,2016.08.01 00:00:00,7072,0,CALENDAR_TIMEMODE_DATETIME,False,trade_server_time,CALENDAR_UNIT_PERCENT,1,CALENDAR_MULTIPLIER_NONE,False,,,,1474039800,2016.09.16 15:30:00,2.3,2.2,,0.1,Short,True,,1474041600,2016.09.16 16:00:00,1800,1.11843,0.0010080726207479496,1.0,1.0,240,1.119438072620748,1.117421927379252,TARGET,1,2016.09.16 16:00:00,1,1.0,10.080726207479495,False,False,,,TARGET,1.0
ANCHOR_CPI_SERIES,CPI_TIMELINE_20160916_153000:mm_sum,DERIVED_MM_SUM,,US,USD,CPI m/m Sum,mm_sum,,,0,CALENDAR_TIMEMODE_DATETIME,False,trade_server_time,CALENDAR_UNIT_PERCENT,1,CALENDAR_MULTIPLIER_NONE,True,"840030005,840030006","16496,7098","6654,6793",1474039800,2016.09.16 15:30:00,,,,0.4,Short,True,,1474041600,2016.09.16 16:00:00,1800,1.11843,0.0010080726207479496,1.0,1.0,240,1.119438072620748,1.117421927379252,TARGET,1,2016.09.16 16:00:00,1,1.0,10.080726207479495,False,False,,,TARGET,1.0
ANCHOR_CPI_SERIES,CPI_TIMELINE_20160916_153000:yy_sum,DERIVED_YY_SUM,,US,USD,CPI y/y Sum,yy_sum,,,0,CALENDAR_TIMEMODE_DATETIME,False,trade_server_time,CALENDAR_UNIT_PERCENT,1,CALENDAR_MULTIPLIER_NONE,True,"840030007,840030008","10207,12911","6932,7072",1474039800,2016.09.16 15:30:00,,,,0.4,Short,True,,1474041600,2016.09.16 16:00:00,1800,1.11843,0.0010080726207479496,1.0,1.0,240,1.119438072620748,1.117421927379252,TARGET,1,2016.09.16 16:00:00,1,1.0,10.080726207479495,False,False,,,TARGET,1.0
ANCHOR_CPI_SERIES,CPI_TIMELINE_20161018_153000:headline_mm,840030005,16497,US,USD,CPI Headline m/m,headline_mm,2016.09.01 00:00:00,6655,0,CALENDAR_TIMEMODE_DATETIME,False,trade_server_time,CALENDAR_UNIT_PERCENT,1,CALENDAR_MULTIPLIER_NONE,False,,,,1476804600,2016.10.18 15:30:00,0.3,0.2,,0.1,Short,True,,1476806400,2016.10.18 16:00:00,1800,1.09807,0.0011110861925000433,1.0,1.0,240,1.0991810861925002,1.0969589138075,STOP,3,2016.10.18 18:00:00,3,-1.0,-11.110861925000433,False,False,,,STOP,-1.0
ANCHOR_CPI_SERIES,CPI_TIMELINE_20161018_153000:core_mm,840030006,7099,US,USD,CPI Core m/m,core_mm,2016.09.01 00:00:00,6794,0,CALENDAR_TIMEMODE_DATETIME,False,trade_server_time,CALENDAR_UNIT_PERCENT,1,CALENDAR_MULTIPLIER_NONE,False,,,,1476804600,2016.10.18 15:30:00,0.1,0.3,,-0.2,Long,True,,1476806400,2016.10.18 16:00:00,1800,1.09807,0.0011110861925000433,1.0,1.0,240,1.0969589138075,1.0991810861925002,TARGET,3,2016.10.18 18:00:00,3,1.0,11.110861925000433,False,False,,,TARGET,1.0
ANCHOR_CPI_SERIES,CPI_TIMELINE_20161018_153000:headline_yy,840030007,10208,US,USD,CPI Headline y/y,headline_yy,2016.09.01 00:00:00,6933,0,CALENDAR_TIMEMODE_DATETIME,False,trade_server_time,CALENDAR_UNIT_PERCENT,1,CALENDAR_MULTIPLIER_NONE,False,,,,1476804600,2016.10.18 15:30:00,1.5,1.1,,0.4,Short,True,,1476806400,2016.10.18 16:00:00,1800,1.09807,0.0011110861925000433,1.0,1.0,240,1.0991810861925002,1.0969589138075,STOP,3,2016.10.18 18:00:00,3,-1.0,-11.110861925000433,False,False,,,STOP,-1.0
ANCHOR_CPI_SERIES,CPI_TIMELINE_20161018_153000:core_yy,840030008,12912,US,USD,CPI Core y/y,core_yy,2016.09.01 00:00:00,7073,0,CALENDAR_TIMEMODE_DATETIME,False,trade_server_time,CALENDAR_UNIT_PERCENT,1,CALENDAR_MULTIPLIER_NONE,False,,,,1476804600,2016.10.18 15:30:00,2.2,2.3,,-0.1,Long,True,,1476806400,2016.10.18 16:00:00,1800,1.09807,0.0011110861925000433,1.0,1.0,240,1.0969589138075,1.0991810861925002,TARGET,3,2016.10.18 18:00:00,3,1.0,11.110861925000433,False,False,,,TARGET,1.0
ANCHOR_CPI_SERIES,CPI_TIMELINE_20161018_153000:mm_sum,DERIVED_MM_SUM,,US,USD,CPI m/m Sum,mm_sum,,,0,CALENDAR_TIMEMODE_DATETIME,False,trade_server_time,CALENDAR_UNIT_PERCENT,1,CALENDAR_MULTIPLIER_NONE,True,"840030005,840030006","16497,7099","6655,6794",1476804600,2016.10.18 15:30:00,,,,-0.1,Long,True,,1476806400,2016.10.18 16:00:00,1800,1.09807,0.0011110861925000433,1.0,1.0,240,1.0969589138075,1.0991810861925002,TARGET,3,2016.10.18 18:00:00,3,1.0,11.110861925000433,False,False,,,TARGET,1.0
ANCHOR_CPI_SERIES,CPI_TIMELINE_20161018_153000:yy_sum,DERIVED_YY_SUM,,US,USD,CPI y/y Sum,yy_sum,,,0,CALENDAR_TIMEMODE_DATETIME,False,trade_server_time,CALENDAR_UNIT_PERCENT,1,CALENDAR_MULTIPLIER_NONE,True,"840030007,840030008","10208,12912","6933,7073",1476804600,2016.10.18 15:30:00,,,,0.3,Short,True,,1476806400,2016.10.18 16:00:00,1800,1.09807,0.0011110861925000433,1.0,1.0,240,1.0991810861925002,1.0969589138075,STOP,3,2016.10.18 18:00:00,3,-1.0,-11.110861925000433,False,False,,,STOP,-1.0
ANCHOR_CPI_SERIES,CPI_TIMELINE_20161117_163000:headline_mm,840030005,16498,US,USD,CPI Headline m/m,headline_mm,2016.10.01 00:00:00,6656,0,CALENDAR_TIMEMODE_DATETIME,False,trade_server_time,CALENDAR_UNIT_PERCENT,1,CALENDAR_MULTIPLIER_NONE,False,,,,1479400200,2016.11.17 16:30:00,0.4,0.3,,0.1,Short,True,,1479402000,2016.11.17 17:00:00,1800,1.06881,0.002130079126277891,1.0,1.0,240,1.070940079126278,1.066679920873722,TARGET,1,2016.11.17 17:00:00,1,1.0,21.300791262778908,False,False,,,TARGET,1.0
ANCHOR_CPI_SERIES,CPI_TIMELINE_20161117_163000:core_mm,840030006,7100,US,USD,CPI Core m/m,core_mm,2016.10.01 00:00:00,6795,0,CALENDAR_TIMEMODE_DATETIME,False,trade_server_time,CALENDAR_UNIT_PERCENT,1,CALENDAR_MULTIPLIER_NONE,False,,,,1479400200,2016.11.17 16:30:00,0.1,0.1,,0.0,Flat,False,FLAT_DIRECTION,,,,,,,,,,,,,,,,,,,,,,
ANCHOR_CPI_SERIES,CPI_TIMELINE_20161117_163000:headline_yy,840030007,10209,US,USD,CPI Headline y/y,headline_yy,2016.10.01 00:00:00,6934,0,CALENDAR_TIMEMODE_DATETIME,False,trade_server_time,CALENDAR_UNIT_PERCENT,1,CALENDAR_MULTIPLIER_NONE,False,,,,1479400200,2016.11.17 16:30:00,1.6,1.5,,0.1,Short,True,,1479402000,2016.11.17 17:00:00,1800,1.06881,0.002130079126277891,1.0,1.0,240,1.070940079126278,1.066679920873722,TARGET,1,2016.11.17 17:00:00,1,1.0,21.300791262778908,False,False,,,TARGET,1.0
ANCHOR_CPI_SERIES,CPI_TIMELINE_20161117_163000:core_yy,840030008,12913,US,USD,CPI Core y/y,core_yy,2016.10.01 00:00:00,7074,0,CALENDAR_TIMEMODE_DATETIME,False,trade_server_time,CALENDAR_UNIT_PERCENT,1,CALENDAR_MULTIPLIER_NONE,False,,,,1479400200,2016.11.17 16:30:00,2.1,2.2,,-0.1,Long,True,,1479402000,2016.11.17 17:00:00,1800,1.06881,0.002130079126277891,1.0,1.0,240,1.066679920873722,1.070940079126278,STOP,1,2016.11.17 17:00:00,1,-1.0,-21.300791262778908,False,False,,,STOP,-1.0
ANCHOR_CPI_SERIES,CPI_TIMELINE_20161117_163000:mm_sum,DERIVED_MM_SUM,,US,USD,CPI m/m Sum,mm_sum,,,0,CALENDAR_TIMEMODE_DATETIME,False,trade_server_time,CALENDAR_UNIT_PERCENT,1,CALENDAR_MULTIPLIER_NONE,True,"840030005,840030006","16498,7100","6656,6795",1479400200,2016.11.17 16:30:00,,,,0.1,Short,True,,1479402000,2016.11.17 17:00:00,1800,1.06881,0.002130079126277891,1.0,1.0,240,1.070940079126278,1.066679920873722,TARGET,1,2016.11.17 17:00:00,1,1.0,21.300791262778908,False,False,,,TARGET,1.0
ANCHOR_CPI_SERIES,CPI_TIMELINE_20161117_163000:yy_sum,DERIVED_YY_SUM,,US,USD,CPI y/y Sum,yy_sum,,,0,CALENDAR_TIMEMODE_DATETIME,False,trade_server_time,CALENDAR_UNIT_PERCENT,1,CALENDAR_MULTIPLIER_NONE,True,"840030007,840030008","10209,12913","6934,7074",1479400200,2016.11.17 16:30:00,,,,0.0,Flat,False,FLAT_DIRECTION,,,,,,,,,,,,,,,,,,,,,,
ANCHOR_CPI_SERIES,CPI_TIMELINE_20161215_163000:headline_mm,840030005,16499,US,USD,CPI Headline m/m,headline_mm,2016.11.01 00:00:00,6657,0,CALENDAR_TIMEMODE_DATETIME,False,trade_server_time,CALENDAR_UNIT_PERCENT,1,CALENDAR_MULTIPLIER_NONE,False,,,,1481819400,2016.12.15 16:30:00,0.2,0.4,,-0.2,Long,True,,1481821200,2016.12.15 17:00:00,1800,1.0427,0.002895775736754729,1.0,1.0,240,1.0398042242632453,1.0455957757367547,STOP,2,2016.12.15 18:00:00,2,-1.0,-28.957757367547288,False,False,,,STOP,-1.0
ANCHOR_CPI_SERIES,CPI_TIMELINE_20161215_163000:core_mm,840030006,7101,US,USD,CPI Core m/m,core_mm,2016.11.01 00:00:00,6796,0,CALENDAR_TIMEMODE_DATETIME,False,trade_server_time,CALENDAR_UNIT_PERCENT,1,CALENDAR_MULTIPLIER_NONE,False,,,,1481819400,2016.12.15 16:30:00,0.2,0.1,,0.1,Short,True,,1481821200,2016.12.15 17:00:00,1800,1.0427,0.002895775736754729,1.0,1.0,240,1.0455957757367547,1.0398042242632453,TARGET,2,2016.12.15 18:00:00,2,1.0,28.957757367547288,False,False,,,TARGET,1.0
ANCHOR_CPI_SERIES,CPI_TIMELINE_20161215_163000:headline_yy,840030007,10210,US,USD,CPI Headline y/y,headline_yy,2016.11.01 00:00:00,6935,0,CALENDAR_TIMEMODE_DATETIME,False,trade_server_time,CALENDAR_UNIT_PERCENT,1,CALENDAR_MULTIPLIER_NONE,False,,,,1481819400,2016.12.15 16:30:00,1.7,1.6,,0.1,Short,True,,1481821200,2016.12.15 17:00:00,1800,1.0427,0.002895775736754729,1.0,1.0,240,1.0455957757367547,1.0398042242632453,TARGET,2,2016.12.15 18:00:00,2,1.0,28.957757367547288,False,False,,,TARGET,1.0
ANCHOR_CPI_SERIES,CPI_TIMELINE_20161215_163000:core_yy,840030008,12914,US,USD,CPI Core y/y,core_yy,2016.11.01 00:00:00,7075,0,CALENDAR_TIMEMODE_DATETIME,False,trade_server_time,CALENDAR_UNIT_PERCENT,1,CALENDAR_MULTIPLIER_NONE,False,,,,1481819400,2016.12.15 16:30:00,2.1,2.1,,0.0,Flat,False,FLAT_DIRECTION,,,,,,,,,,,,,,,,,,,,,,
ANCHOR_CPI_SERIES,CPI_TIMELINE_20161215_163000:mm_sum,DERIVED_MM_SUM,,US,USD,CPI m/m Sum,mm_sum,,,0,CALENDAR_TIMEMODE_DATETIME,False,trade_server_time,CALENDAR_UNIT_PERCENT,1,CALENDAR_MULTIPLIER_NONE,True,"840030005,840030006","16499,7101","6657,6796",1481819400,2016.12.15 16:30:00,,,,-0.1,Long,True,,1481821200,2016.12.15 17:00:00,1800,1.0427,0.002895775736754729,1.0,1.0,240,1.0398042242632453,1.0455957757367547,STOP,2,2016.12.15 18:00:00,2,-1.0,-28.957757367547288,False,False,,,STOP,-1.0
ANCHOR_CPI_SERIES,CPI_TIMELINE_20161215_163000:yy_sum,DERIVED_YY_SUM,,US,USD,CPI y/y Sum,yy_sum,,,0,CALENDAR_TIMEMODE_DATETIME,False,trade_server_time,CALENDAR_UNIT_PERCENT,1,CALENDAR_MULTIPLIER_NONE,True,"840030007,840030008","10210,12914","6935,7075",1481819400,2016.12.15 16:30:00,,,,0.1,Short,True,,1481821200,2016.12.15 17:00:00,1800,1.0427,0.002895775736754729,1.0,1.0,240,1.0455957757367547,1.0398042242632453,TARGET,2,2016.12.15 18:00:00,2,1.0,28.957757367547288,False,False,,,TARGET,1.0
ANCHOR_CPI_SERIES,CPI_TIMELINE_20170118_163000:headline_mm,840030005,16500,US,USD,CPI Headline m/m,headline_mm,2016.12.01 00:00:00,6658,0,CALENDAR_TIMEMODE_DATETIME,False,trade_server_time,CALENDAR_UNIT_PERCENT,1,CALENDAR_MULTIPLIER_NONE,False,,,,1484757000,2017.01.18 16:30:00,0.3,0.2,,0.1,Short,True,,1484758800,2017.01.18 17:00:00,1800,1.06842,0.0015942853358998507,1.0,1.0,240,1.0700142853358998,1.0668257146641,STOP,1,2017.01.18 17:00:00,1,-1.0,-15.942853358998505,False,False,,,STOP,-1.0
ANCHOR_CPI_SERIES,CPI_TIMELINE_20170118_163000:core_mm,840030006,7102,US,USD,CPI Core m/m,core_mm,2016.12.01 00:00:00,6797,0,CALENDAR_TIMEMODE_DATETIME,False,trade_server_time,CALENDAR_UNIT_PERCENT,1,CALENDAR_MULTIPLIER_NONE,False,,,,1484757000,2017.01.18 16:30:00,0.2,0.2,,0.0,Flat,False,FLAT_DIRECTION,,,,,,,,,,,,,,,,,,,,,,
ANCHOR_CPI_SERIES,CPI_TIMELINE_20170118_163000:headline_yy,840030007,10211,US,USD,CPI Headline y/y,headline_yy,2016.12.01 00:00:00,6936,0,CALENDAR_TIMEMODE_DATETIME,False,trade_server_time,CALENDAR_UNIT_PERCENT,1,CALENDAR_MULTIPLIER_NONE,False,,,,1484757000,2017.01.18 16:30:00,2.1,1.7,,0.4,Short,True,,1484758800,2017.01.18 17:00:00,1800,1.06842,0.0015942853358998507,1.0,1.0,240,1.0700142853358998,1.0668257146641,STOP,1,2017.01.18 17:00:00,1,-1.0,-15.942853358998505,False,False,,,STOP,-1.0
ANCHOR_CPI_SERIES,CPI_TIMELINE_20170118_163000:core_yy,840030008,12915,US,USD,CPI Core y/y,core_yy,2016.12.01 00:00:00,7076,0,CALENDAR_TIMEMODE_DATETIME,False,trade_server_time,CALENDAR_UNIT_PERCENT,1,CALENDAR_MULTIPLIER_NONE,False,,,,1484757000,2017.01.18 16:30:00,2.2,2.1,,0.1,Short,True,,1484758800,2017.01.18 17:00:00,1800,1.06842,0.0015942853358998507,1.0,1.0,240,1.0700142853358998,1.0668257146641,STOP,1,2017.01.18 17:00:00,1,-1.0,-15.942853358998505,False,False,,,STOP,-1.0
ANCHOR_CPI_SERIES,CPI_TIMELINE_20170118_163000:mm_sum,DERIVED_MM_SUM,,US,USD,CPI m/m Sum,mm_sum,,,0,CALENDAR_TIMEMODE_DATETIME,False,trade_server_time,CALENDAR_UNIT_PERCENT,1,CALENDAR_MULTIPLIER_NONE,True,"840030005,840030006","16500,7102","6658,6797",1484757000,2017.01.18 16:30:00,,,,0.1,Short,True,,1484758800,2017.01.18 17:00:00,1800,1.06842,0.0015942853358998507,1.0,1.0,240,1.0700142853358998,1.0668257146641,STOP,1,2017.01.18 17:00:00,1,-1.0,-15.942853358998505,False,False,,,STOP,-1.0
ANCHOR_CPI_SERIES,CPI_TIMELINE_20170118_163000:yy_sum,DERIVED_YY_SUM,,US,USD,CPI y/y Sum,yy_sum,,,0,CALENDAR_TIMEMODE_DATETIME,False,trade_server_time,CALENDAR_UNIT_PERCENT,1,CALENDAR_MULTIPLIER_NONE,True,"840030007,840030008","10211,12915","6936,7076",1484757000,2017.01.18 16:30:00,,,,0.5,Short,True,,1484758800,2017.01.18 17:00:00,1800,1.06842,0.0015942853358998507,1.0,1.0,240,1.0700142853358998,1.0668257146641,STOP,1,2017.01.18 17:00:00,1,-1.0,-15.942853358998505,False,False,,,STOP,-1.0
ANCHOR_CPI_SERIES,CPI_TIMELINE_20170215_163000:headline_mm,840030005,16501,US,USD,CPI Headline m/m,headline_mm,2017.01.01 00:00:00,6659,0,CALENDAR_TIMEMODE_DATETIME,False,trade_server_time,CALENDAR_UNIT_PERCENT,1,CALENDAR_MULTIPLIER_NONE,False,,,,1487176200,2017.02.15 16:30:00,0.6,0.3,,0.3,Short,True,,1487178000,2017.02.15 17:00:00,1800,1.05607,0.0014180102884958198,1.0,1.0,240,1.0574880102884958,1.0546519897115043,STOP,1,2017.02.15 17:00:00,1,-1.0,-14.180102884958197,False,False,,,STOP,-1.0
ANCHOR_CPI_SERIES,CPI_TIMELINE_20170215_163000:core_mm,840030006,7103,US,USD,CPI Core m/m,core_mm,2017.01.01 00:00:00,6798,0,CALENDAR_TIMEMODE_DATETIME,False,trade_server_time,CALENDAR_UNIT_PERCENT,1,CALENDAR_MULTIPLIER_NONE,False,,,,1487176200,2017.02.15 16:30:00,0.3,0.2,,0.1,Short,True,,1487178000,2017.02.15 17:00:00,1800,1.05607,0.0014180102884958198,1.0,1.0,240,1.0574880102884958,1.0546519897115043,STOP,1,2017.02.15 17:00:00,1,-1.0,-14.180102884958197,False,False,,,STOP,-1.0
ANCHOR_CPI_SERIES,CPI_TIMELINE_20170215_163000:headline_yy,840030007,10212,US,USD,CPI Headline y/y,headline_yy,2017.01.01 00:00:00,6937,0,CALENDAR_TIMEMODE_DATETIME,False,trade_server_time,CALENDAR_UNIT_PERCENT,1,CALENDAR_MULTIPLIER_NONE,False,,,,1487176200,2017.02.15 16:30:00,2.5,2.1,,0.4,Short,True,,1487178000,2017.02.15 17:00:00,1800,1.05607,0.0014180102884958198,1.0,1.0,240,1.0574880102884958,1.0546519897115043,STOP,1,2017.02.15 17:00:00,1,-1.0,-14.180102884958197,False,False,,,STOP,-1.0
ANCHOR_CPI_SERIES,CPI_TIMELINE_20170215_163000:core_yy,840030008,12916,US,USD,CPI Core y/y,core_yy,2017.01.01 00:00:00,7077,0,CALENDAR_TIMEMODE_DATETIME,False,trade_server_time,CALENDAR_UNIT_PERCENT,1,CALENDAR_MULTIPLIER_NONE,False,,,,1487176200,2017.02.15 16:30:00,2.3,2.2,,0.1,Short,True,,1487178000,2017.02.15 17:00:00,1800,1.05607,0.0014180102884958198,1.0,1.0,240,1.0574880102884958,1.0546519897115043,STOP,1,2017.02.15 17:00:00,1,-1.0,-14.180102884958197,False,False,,,STOP,-1.0
ANCHOR_CPI_SERIES,CPI_TIMELINE_20170215_163000:mm_sum,DERIVED_MM_SUM,,US,USD,CPI m/m Sum,mm_sum,,,0,CALENDAR_TIMEMODE_DATETIME,False,trade_server_time,CALENDAR_UNIT_PERCENT,1,CALENDAR_MULTIPLIER_NONE,True,"840030005,840030006","16501,7103","6659,6798",1487176200,2017.02.15 16:30:00,,,,0.4,Short,True,,1487178000,2017.02.15 17:00:00,1800,1.05607,0.0014180102884958198,1.0,1.0,240,1.0574880102884958,1.0546519897115043,STOP,1,2017.02.15 17:00:00,1,-1.0,-14.180102884958197,False,False,,,STOP,-1.0
ANCHOR_CPI_SERIES,CPI_TIMELINE_20170215_163000:yy_sum,DERIVED_YY_SUM,,US,USD,CPI y/y Sum,yy_sum,,,0,CALENDAR_TIMEMODE_DATETIME,False,trade_server_time,CALENDAR_UNIT_PERCENT,1,CALENDAR_MULTIPLIER_NONE,True,"840030007,840030008","10212,12916","6937,7077",1487176200,2017.02.15 16:30:00,,,,0.5,Short,True,,1487178000,2017.02.15 17:00:00,1800,1.05607,0.0014180102884958198,1.0,1.0,240,1.0574880102884958,1.0546519897115043,STOP,1,2017.02.15 17:00:00,1,-1.0,-14.180102884958197,False,False,,,STOP,-1.0
ANCHOR_CPI_SERIES,CPI_TIMELINE_20170315_153000:headline_mm,840030005,16502,US,USD,CPI Headline m/m,headline_mm,2017.02.01 00:00:00,6660,0,CALENDAR_TIMEMODE_DATETIME,False,trade_server_time,CALENDAR_UNIT_PERCENT,1,CALENDAR_MULTIPLIER_NONE,False,,,,1489591800,2017.03.15 15:30:00,0.1,0.6,,-0.5,Long,True,,1489593600,2017.03.15 16:00:00,1800,1.06155,0.0010020354339190425,1.0,1.0,240,1.060547964566081,1.062552035433919,TARGET,1,2017.03.15 16:00:00,1,1.0,10.020354339190424,False,False,,,TARGET,1.0
ANCHOR_CPI_SERIES,CPI_TIMELINE_20170315_153000:core_mm,840030006,7104,US,USD,CPI Core m/m,core_mm,2017.02.01 00:00:00,6799,0,CALENDAR_TIMEMODE_DATETIME,False,trade_server_time,CALENDAR_UNIT_PERCENT,1,CALENDAR_MULTIPLIER_NONE,False,,,,1489591800,2017.03.15 15:30:00,0.2,0.3,,-0.1,Long,True,,1489593600,2017.03.15 16:00:00,1800,1.06155,0.0010020354339190425,1.0,1.0,240,1.060547964566081,1.062552035433919,TARGET,1,2017.03.15 16:00:00,1,1.0,10.020354339190424,False,False,,,TARGET,1.0
ANCHOR_CPI_SERIES,CPI_TIMELINE_20170315_153000:headline_yy,840030007,10213,US,USD,CPI Headline y/y,headline_yy,2017.02.01 00:00:00,6938,0,CALENDAR_TIMEMODE_DATETIME,False,trade_server_time,CALENDAR_UNIT_PERCENT,1,CALENDAR_MULTIPLIER_NONE,False,,,,1489591800,2017.03.15 15:30:00,2.7,2.5,,0.2,Short,True,,1489593600,2017.03.15 16:00:00,1800,1.06155,0.0010020354339190425,1.0,1.0,240,1.062552035433919,1.060547964566081,STOP,1,2017.03.15 16:00:00,1,-1.0,-10.020354339190424,False,False,,,STOP,-1.0
ANCHOR_CPI_SERIES,CPI_TIMELINE_20170315_153000:core_yy,840030008,12917,US,USD,CPI Core y/y,core_yy,2017.02.01 00:00:00,7078,0,CALENDAR_TIMEMODE_DATETIME,False,trade_server_time,CALENDAR_UNIT_PERCENT,1,CALENDAR_MULTIPLIER_NONE,False,,,,1489591800,2017.03.15 15:30:00,2.2,2.3,,-0.1,Long,True,,1489593600,2017.03.15 16:00:00,1800,1.06155,0.0010020354339190425,1.0,1.0,240,1.060547964566081,1.062552035433919,TARGET,1,2017.03.15 16:00:00,1,1.0,10.020354339190424,False,False,,,TARGET,1.0
ANCHOR_CPI_SERIES,CPI_TIMELINE_20170315_153000:mm_sum,DERIVED_MM_SUM,,US,USD,CPI m/m Sum,mm_sum,,,0,CALENDAR_TIMEMODE_DATETIME,False,trade_server_time,CALENDAR_UNIT_PERCENT,1,CALENDAR_MULTIPLIER_NONE,True,"840030005,840030006","16502,7104","6660,6799",1489591800,2017.03.15 15:30:00,,,,-0.6,Long,True,,1489593600,2017.03.15 16:00:00,1800,1.06155,0.0010020354339190425,1.0,1.0,240,1.060547964566081,1.062552035433919,TARGET,1,2017.03.15 16:00:00,1,1.0,10.020354339190424,False,False,,,TARGET,1.0
ANCHOR_CPI_SERIES,CPI_TIMELINE_20170315_153000:yy_sum,DERIVED_YY_SUM,,US,USD,CPI y/y Sum,yy_sum,,,0,CALENDAR_TIMEMODE_DATETIME,False,trade_server_time,CALENDAR_UNIT_PERCENT,1,CALENDAR_MULTIPLIER_NONE,True,"840030007,840030008","10213,12917","6938,7078",1489591800,2017.03.15 15:30:00,,,,0.1,Short,True,,1489593600,2017.03.15 16:00:00,1800,1.06155,0.0010020354339190425,1.0,1.0,240,1.062552035433919,1.060547964566081,STOP,1,2017.03.15 16:00:00,1,-1.0,-10.020354339190424,False,False,,,STOP,-1.0
ANCHOR_CPI_SERIES,CPI_TIMELINE_20170414_153000:headline_mm,840030005,20805,US,USD,CPI Headline m/m,headline_mm,2017.03.01 00:00:00,6661,0,CALENDAR_TIMEMODE_DATETIME,False,trade_server_time,CALENDAR_UNIT_PERCENT,1,CALENDAR_MULTIPLIER_NONE,False,,,,1492183800,2017.04.14 15:30:00,-0.3,0.1,0.1,-0.4,Long,True,,1492185600,2017.04.14 16:00:00,1800,1.06291,0.0009113764834583145,1.0,1.0,240,1.0619986235165417,1.0638213764834583,STOP,1,2017.04.14 16:00:00,1,-1.0,-9.113764834583144,False,False,,,STOP,-1.0
ANCHOR_CPI_SERIES,CPI_TIMELINE_20170414_153000:core_mm,840030006,20806,US,USD,CPI Core m/m,core_mm,2017.03.01 00:00:00,6800,0,CALENDAR_TIMEMODE_DATETIME,False,trade_server_time,CALENDAR_UNIT_PERCENT,1,CALENDAR_MULTIPLIER_NONE,False,,,,1492183800,2017.04.14 15:30:00,-0.1,0.2,0.2,-0.3,Long,True,,1492185600,2017.04.14 16:00:00,1800,1.06291,0.0009113764834583145,1.0,1.0,240,1.0619986235165417,1.0638213764834583,STOP,1,2017.04.14 16:00:00,1,-1.0,-9.113764834583144,False,False,,,STOP,-1.0
ANCHOR_CPI_SERIES,CPI_TIMELINE_20170414_153000:headline_yy,840030007,20807,US,USD,CPI Headline y/y,headline_yy,2017.03.01 00:00:00,6939,0,CALENDAR_TIMEMODE_DATETIME,False,trade_server_time,CALENDAR_UNIT_PERCENT,1,CALENDAR_MULTIPLIER_NONE,False,,,,1492183800,2017.04.14 15:30:00,2.4,2.7,,-0.3,Long,True,,1492185600,2017.04.14 16:00:00,1800,1.06291,0.0009113764834583145,1.0,1.0,240,1.0619986235165417,1.0638213764834583,STOP,1,2017.04.14 16:00:00,1,-1.0,-9.113764834583144,False,False,,,STOP,-1.0
ANCHOR_CPI_SERIES,CPI_TIMELINE_20170414_153000:core_yy,840030008,20808,US,USD,CPI Core y/y,core_yy,2017.03.01 00:00:00,7079,0,CALENDAR_TIMEMODE_DATETIME,False,trade_server_time,CALENDAR_UNIT_PERCENT,1,CALENDAR_MULTIPLIER_NONE,False,,,,1492183800,2017.04.14 15:30:00,2.0,2.2,,-0.2,Long,True,,1492185600,2017.04.14 16:00:00,1800,1.06291,0.0009113764834583145,1.0,1.0,240,1.0619986235165417,1.0638213764834583,STOP,1,2017.04.14 16:00:00,1,-1.0,-9.113764834583144,False,False,,,STOP,-1.0
ANCHOR_CPI_SERIES,CPI_TIMELINE_20170414_153000:mm_sum,DERIVED_MM_SUM,,US,USD,CPI m/m Sum,mm_sum,,,0,CALENDAR_TIMEMODE_DATETIME,False,trade_server_time,CALENDAR_UNIT_PERCENT,1,CALENDAR_MULTIPLIER_NONE,True,"840030005,840030006","20805,20806","6661,6800",1492183800,2017.04.14 15:30:00,,,,-0.7,Long,True,,1492185600,2017.04.14 16:00:00,1800,1.06291,0.0009113764834583145,1.0,1.0,240,1.0619986235165417,1.0638213764834583,STOP,1,2017.04.14 16:00:00,1,-1.0,-9.113764834583144,False,False,,,STOP,-1.0
ANCHOR_CPI_SERIES,CPI_TIMELINE_20170414_153000:yy_sum,DERIVED_YY_SUM,,US,USD,CPI y/y Sum,yy_sum,,,0,CALENDAR_TIMEMODE_DATETIME,False,trade_server_time,CALENDAR_UNIT_PERCENT,1,CALENDAR_MULTIPLIER_NONE,True,"840030007,840030008","20807,20808","6939,7079",1492183800,2017.04.14 15:30:00,,,,-0.5,Long,True,,1492185600,2017.04.14 16:00:00,1800,1.06291,0.0009113764834583145,1.0,1.0,240,1.0619986235165417,1.0638213764834583,STOP,1,2017.04.14 16:00:00,1,-1.0,-9.113764834583144,False,False,,,STOP,-1.0
ANCHOR_CPI_SERIES,CPI_TIMELINE_20170512_153000:headline_mm,840030005,20837,US,USD,CPI Headline m/m,headline_mm,2017.04.01 00:00:00,6662,0,CALENDAR_TIMEMODE_DATETIME,False,trade_server_time,CALENDAR_UNIT_PERCENT,1,CALENDAR_MULTIPLIER_NONE,False,,,,1494603000,2017.05.12 15:30:00,0.2,-0.3,-0.3,0.5,Short,True,,1494604800,2017.05.12 16:00:00,1800,1.09058,0.0008857421862697437,1.0,1.0,240,1.09146574218627,1.0896942578137303,STOP,1,2017.05.12 16:00:00,1,-1.0,-8.857421862697436,False,False,,,STOP,-1.0
ANCHOR_CPI_SERIES,CPI_TIMELINE_20170512_153000:core_mm,840030006,20838,US,USD,CPI Core m/m,core_mm,2017.04.01 00:00:00,6801,0,CALENDAR_TIMEMODE_DATETIME,False,trade_server_time,CALENDAR_UNIT_PERCENT,1,CALENDAR_MULTIPLIER_NONE,False,,,,1494603000,2017.05.12 15:30:00,0.1,-0.1,-0.1,0.2,Short,True,,1494604800,2017.05.12 16:00:00,1800,1.09058,0.0008857421862697437,1.0,1.0,240,1.09146574218627,1.0896942578137303,STOP,1,2017.05.12 16:00:00,1,-1.0,-8.857421862697436,False,False,,,STOP,-1.0
ANCHOR_CPI_SERIES,CPI_TIMELINE_20170512_153000:headline_yy,840030007,20839,US,USD,CPI Headline y/y,headline_yy,2017.04.01 00:00:00,6940,0,CALENDAR_TIMEMODE_DATETIME,False,trade_server_time,CALENDAR_UNIT_PERCENT,1,CALENDAR_MULTIPLIER_NONE,False,,,,1494603000,2017.05.12 15:30:00,2.2,2.4,,-0.2,Long,True,,1494604800,2017.05.12 16:00:00,1800,1.09058,0.0008857421862697437,1.0,1.0,240,1.0896942578137303,1.09146574218627,TARGET,1,2017.05.12 16:00:00,1,1.0,8.857421862697436,False,False,,,TARGET,1.0
ANCHOR_CPI_SERIES,CPI_TIMELINE_20170512_153000:core_yy,840030008,20840,US,USD,CPI Core y/y,core_yy,2017.04.01 00:00:00,7080,0,CALENDAR_TIMEMODE_DATETIME,False,trade_server_time,CALENDAR_UNIT_PERCENT,1,CALENDAR_MULTIPLIER_NONE,False,,,,1494603000,2017.05.12 15:30:00,1.9,2.0,,-0.1,Long,True,,1494604800,2017.05.12 16:00:00,1800,1.09058,0.0008857421862697437,1.0,1.0,240,1.0896942578137303,1.09146574218627,TARGET,1,2017.05.12 16:00:00,1,1.0,8.857421862697436,False,False,,,TARGET,1.0
ANCHOR_CPI_SERIES,CPI_TIMELINE_20170512_153000:mm_sum,DERIVED_MM_SUM,,US,USD,CPI m/m Sum,mm_sum,,,0,CALENDAR_TIMEMODE_DATETIME,False,trade_server_time,CALENDAR_UNIT_PERCENT,1,CALENDAR_MULTIPLIER_NONE,True,"840030005,840030006","20837,20838","6662,6801",1494603000,2017.05.12 15:30:00,,,,0.7,Short,True,,1494604800,2017.05.12 16:00:00,1800,1.09058,0.0008857421862697437,1.0,1.0,240,1.09146574218627,1.0896942578137303,STOP,1,2017.05.12 16:00:00,1,-1.0,-8.857421862697436,False,False,,,STOP,-1.0
ANCHOR_CPI_SERIES,CPI_TIMELINE_20170512_153000:yy_sum,DERIVED_YY_SUM,,US,USD,CPI y/y Sum,yy_sum,,,0,CALENDAR_TIMEMODE_DATETIME,False,trade_server_time,CALENDAR_UNIT_PERCENT,1,CALENDAR_MULTIPLIER_NONE,True,"840030007,840030008","20839,20840","6940,7080",1494603000,2017.05.12 15:30:00,,,,-0.3,Long,True,,1494604800,2017.05.12 16:00:00,1800,1.09058,0.0008857421862697437,1.0,1.0,240,1.0896942578137303,1.09146574218627,TARGET,1,2017.05.12 16:00:00,1,1.0,8.857421862697436,False,False,,,TARGET,1.0
ANCHOR_CPI_SERIES,CPI_TIMELINE_20170614_153000:headline_mm,840030005,20855,US,USD,CPI Headline m/m,headline_mm,2017.05.01 00:00:00,6663,0,CALENDAR_TIMEMODE_DATETIME,False,trade_server_time,CALENDAR_UNIT_PERCENT,1,CALENDAR_MULTIPLIER_NONE,False,,,,1497454200,2017.06.14 15:30:00,-0.1,0.2,0.2,-0.3,Long,True,,1497456000,2017.06.14 16:00:00,1800,1.12629,0.0009208251263075863,1.0,1.0,240,1.1253691748736925,1.1272108251263075,TARGET,1,2017.06.14 16:00:00,1,1.0,9.208251263075862,False,False,,,TARGET,1.0
ANCHOR_CPI_SERIES,CPI_TIMELINE_20170614_153000:core_mm,840030006,20856,US,USD,CPI Core m/m,core_mm,2017.05.01 00:00:00,6802,0,CALENDAR_TIMEMODE_DATETIME,False,trade_server_time,CALENDAR_UNIT_PERCENT,1,CALENDAR_MULTIPLIER_NONE,False,,,,1497454200,2017.06.14 15:30:00,0.1,0.1,0.1,0.0,Flat,False,FLAT_DIRECTION,,,,,,,,,,,,,,,,,,,,,,
ANCHOR_CPI_SERIES,CPI_TIMELINE_20170614_153000:headline_yy,840030007,20857,US,USD,CPI Headline y/y,headline_yy,2017.05.01 00:00:00,6941,0,CALENDAR_TIMEMODE_DATETIME,False,trade_server_time,CALENDAR_UNIT_PERCENT,1,CALENDAR_MULTIPLIER_NONE,False,,,,1497454200,2017.06.14 15:30:00,1.9,2.2,,-0.3,Long,True,,1497456000,2017.06.14 16:00:00,1800,1.12629,0.0009208251263075863,1.0,1.0,240,1.1253691748736925,1.1272108251263075,TARGET,1,2017.06.14 16:00:00,1,1.0,9.208251263075862,False,False,,,TARGET,1.0
ANCHOR_CPI_SERIES,CPI_TIMELINE_20170614_153000:core_yy,840030008,20858,US,USD,CPI Core y/y,core_yy,2017.05.01 00:00:00,7081,0,CALENDAR_TIMEMODE_DATETIME,False,trade_server_time,CALENDAR_UNIT_PERCENT,1,CALENDAR_MULTIPLIER_NONE,False,,,,1497454200,2017.06.14 15:30:00,1.7,1.9,,-0.2,Long,True,,1497456000,2017.06.14 16:00:00,1800,1.12629,0.0009208251263075863,1.0,1.0,240,1.1253691748736925,1.1272108251263075,TARGET,1,2017.06.14 16:00:00,1,1.0,9.208251263075862,False,False,,,TARGET,1.0
ANCHOR_CPI_SERIES,CPI_TIMELINE_20170614_153000:mm_sum,DERIVED_MM_SUM,,US,USD,CPI m/m Sum,mm_sum,,,0,CALENDAR_TIMEMODE_DATETIME,False,trade_server_time,CALENDAR_UNIT_PERCENT,1,CALENDAR_MULTIPLIER_NONE,True,"840030005,840030006","20855,20856","6663,6802",1497454200,2017.06.14 15:30:00,,,,-0.3,Long,True,,1497456000,2017.06.14 16:00:00,1800,1.12629,0.0009208251263075863,1.0,1.0,240,1.1253691748736925,1.1272108251263075,TARGET,1,2017.06.14 16:00:00,1,1.0,9.208251263075862,False,False,,,TARGET,1.0
ANCHOR_CPI_SERIES,CPI_TIMELINE_20170614_153000:yy_sum,DERIVED_YY_SUM,,US,USD,CPI y/y Sum,yy_sum,,,0,CALENDAR_TIMEMODE_DATETIME,False,trade_server_time,CALENDAR_UNIT_PERCENT,1,CALENDAR_MULTIPLIER_NONE,True,"840030007,840030008","20857,20858","6941,7081",1497454200,2017.06.14 15:30:00,,,,-0.5,Long,True,,1497456000,2017.06.14 16:00:00,1800,1.12629,0.0009208251263075863,1.0,1.0,240,1.1253691748736925,1.1272108251263075,TARGET,1,2017.06.14 16:00:00,1,1.0,9.208251263075862,False,False,,,TARGET,1.0
ANCHOR_CPI_SERIES,CPI_TIMELINE_20170714_153000:headline_mm,840030005,20881,US,USD,CPI Headline m/m,headline_mm,2017.06.01 00:00:00,6664,0,CALENDAR_TIMEMODE_DATETIME,False,trade_server_time,CALENDAR_UNIT_PERCENT,1,CALENDAR_MULTIPLIER_NONE,False,,,,1500046200,2017.07.14 15:30:00,0.0,-0.1,-0.1,0.1,Short,True,,1500048000,2017.07.14 16:00:00,1800,1.14614,0.0012019100782465883,1.0,1.0,240,1.1473419100782465,1.1449380899217534,TARGET,1,2017.07.14 16:00:00,1,1.0,12.019100782465882,False,False,,,TARGET,1.0
ANCHOR_CPI_SERIES,CPI_TIMELINE_20170714_153000:core_mm,840030006,20883,US,USD,CPI Core m/m,core_mm,2017.06.01 00:00:00,6803,0,CALENDAR_TIMEMODE_DATETIME,False,trade_server_time,CALENDAR_UNIT_PERCENT,1,CALENDAR_MULTIPLIER_NONE,False,,,,1500046200,2017.07.14 15:30:00,0.1,0.1,0.1,0.0,Flat,False,FLAT_DIRECTION,,,,,,,,,,,,,,,,,,,,,,
ANCHOR_CPI_SERIES,CPI_TIMELINE_20170714_153000:headline_yy,840030007,20885,US,USD,CPI Headline y/y,headline_yy,2017.06.01 00:00:00,6942,0,CALENDAR_TIMEMODE_DATETIME,False,trade_server_time,CALENDAR_UNIT_PERCENT,1,CALENDAR_MULTIPLIER_NONE,False,,,,1500046200,2017.07.14 15:30:00,1.6,1.9,,-0.3,Long,True,,1500048000,2017.07.14 16:00:00,1800,1.14614,0.0012019100782465883,1.0,1.0,240,1.1449380899217534,1.1473419100782465,STOP,1,2017.07.14 16:00:00,1,-1.0,-12.019100782465882,False,False,,,STOP,-1.0
ANCHOR_CPI_SERIES,CPI_TIMELINE_20170714_153000:core_yy,840030008,20886,US,USD,CPI Core y/y,core_yy,2017.06.01 00:00:00,7082,0,CALENDAR_TIMEMODE_DATETIME,False,trade_server_time,CALENDAR_UNIT_PERCENT,1,CALENDAR_MULTIPLIER_NONE,False,,,,1500046200,2017.07.14 15:30:00,1.7,1.7,,0.0,Flat,False,FLAT_DIRECTION,,,,,,,,,,,,,,,,,,,,,,
ANCHOR_CPI_SERIES,CPI_TIMELINE_20170714_153000:mm_sum,DERIVED_MM_SUM,,US,USD,CPI m/m Sum,mm_sum,,,0,CALENDAR_TIMEMODE_DATETIME,False,trade_server_time,CALENDAR_UNIT_PERCENT,1,CALENDAR_MULTIPLIER_NONE,True,"840030005,840030006","20881,20883","6664,6803",1500046200,2017.07.14 15:30:00,,,,0.1,Short,True,,1500048000,2017.07.14 16:00:00,1800,1.14614,0.0012019100782465883,1.0,1.0,240,1.1473419100782465,1.1449380899217534,TARGET,1,2017.07.14 16:00:00,1,1.0,12.019100782465882,False,False,,,TARGET,1.0
ANCHOR_CPI_SERIES,CPI_TIMELINE_20170714_153000:yy_sum,DERIVED_YY_SUM,,US,USD,CPI y/y Sum,yy_sum,,,0,CALENDAR_TIMEMODE_DATETIME,False,trade_server_time,CALENDAR_UNIT_PERCENT,1,CALENDAR_MULTIPLIER_NONE,True,"840030007,840030008","20885,20886","6942,7082",1500046200,2017.07.14 15:30:00,,,,-0.3,Long,True,,1500048000,2017.07.14 16:00:00,1800,1.14614,0.0012019100782465883,1.0,1.0,240,1.1449380899217534,1.1473419100782465,STOP,1,2017.07.14 16:00:00,1,-1.0,-12.019100782465882,False,False,,,STOP,-1.0
ANCHOR_CPI_SERIES,CPI_TIMELINE_20170811_153000:headline_mm,840030005,20909,US,USD,CPI Headline m/m,headline_mm,2017.07.01 00:00:00,6665,0,CALENDAR_TIMEMODE_DATETIME,False,trade_server_time,CALENDAR_UNIT_PERCENT,1,CALENDAR_MULTIPLIER_NONE,False,,,,1502465400,2017.08.11 15:30:00,0.1,0.0,0.0,0.1,Short,True,,1502467200,2017.08.11 16:00:00,1800,1.1816,0.001315455820510205,1.0,1.0,240,1.1829154558205102,1.1802845441794898,STOP,1,2017.08.11 16:00:00,1,-1.0,-13.154558205102049,True,False,,,TARGET,1.0
ANCHOR_CPI_SERIES,CPI_TIMELINE_20170811_153000:core_mm,840030006,20910,US,USD,CPI Core m/m,core_mm,2017.07.01 00:00:00,6804,0,CALENDAR_TIMEMODE_DATETIME,False,trade_server_time,CALENDAR_UNIT_PERCENT,1,CALENDAR_MULTIPLIER_NONE,False,,,,1502465400,2017.08.11 15:30:00,0.1,0.1,0.1,0.0,Flat,False,FLAT_DIRECTION,,,,,,,,,,,,,,,,,,,,,,
ANCHOR_CPI_SERIES,CPI_TIMELINE_20170811_153000:headline_yy,840030007,20911,US,USD,CPI Headline y/y,headline_yy,2017.07.01 00:00:00,6943,0,CALENDAR_TIMEMODE_DATETIME,False,trade_server_time,CALENDAR_UNIT_PERCENT,1,CALENDAR_MULTIPLIER_NONE,False,,,,1502465400,2017.08.11 15:30:00,1.7,1.6,,0.1,Short,True,,1502467200,2017.08.11 16:00:00,1800,1.1816,0.001315455820510205,1.0,1.0,240,1.1829154558205102,1.1802845441794898,STOP,1,2017.08.11 16:00:00,1,-1.0,-13.154558205102049,True,False,,,TARGET,1.0
ANCHOR_CPI_SERIES,CPI_TIMELINE_20170811_153000:core_yy,840030008,20912,US,USD,CPI Core y/y,core_yy,2017.07.01 00:00:00,7083,0,CALENDAR_TIMEMODE_DATETIME,False,trade_server_time,CALENDAR_UNIT_PERCENT,1,CALENDAR_MULTIPLIER_NONE,False,,,,1502465400,2017.08.11 15:30:00,1.7,1.7,,0.0,Flat,False,FLAT_DIRECTION,,,,,,,,,,,,,,,,,,,,,,
ANCHOR_CPI_SERIES,CPI_TIMELINE_20170811_153000:mm_sum,DERIVED_MM_SUM,,US,USD,CPI m/m Sum,mm_sum,,,0,CALENDAR_TIMEMODE_DATETIME,False,trade_server_time,CALENDAR_UNIT_PERCENT,1,CALENDAR_MULTIPLIER_NONE,True,"840030005,840030006","20909,20910","6665,6804",1502465400,2017.08.11 15:30:00,,,,0.1,Short,True,,1502467200,2017.08.11 16:00:00,1800,1.1816,0.001315455820510205,1.0,1.0,240,1.1829154558205102,1.1802845441794898,STOP,1,2017.08.11 16:00:00,1,-1.0,-13.154558205102049,True,False,,,TARGET,1.0
ANCHOR_CPI_SERIES,CPI_TIMELINE_20170811_153000:yy_sum,DERIVED_YY_SUM,,US,USD,CPI y/y Sum,yy_sum,,,0,CALENDAR_TIMEMODE_DATETIME,False,trade_server_time,CALENDAR_UNIT_PERCENT,1,CALENDAR_MULTIPLIER_NONE,True,"840030007,840030008","20911,20912","6943,7083",1502465400,2017.08.11 15:30:00,,,,0.1,Short,True,,1502467200,2017.08.11 16:00:00,1800,1.1816,0.001315455820510205,1.0,1.0,240,1.1829154558205102,1.1802845441794898,STOP,1,2017.08.11 16:00:00,1,-1.0,-13.154558205102049,True,False,,,TARGET,1.0
ANCHOR_CPI_SERIES,CPI_TIMELINE_20170914_153000:headline_mm,840030005,20931,US,USD,CPI Headline m/m,headline_mm,2017.08.01 00:00:00,6666,0,CALENDAR_TIMEMODE_DATETIME,False,trade_server_time,CALENDAR_UNIT_PERCENT,1,CALENDAR_MULTIPLIER_NONE,False,,,,1505403000,2017.09.14 15:30:00,0.4,0.1,0.1,0.3,Short,True,,1505404800,2017.09.14 16:00:00,1800,1.18924,0.00152916389414272,1.0,1.0,240,1.190769163894143,1.1877108361058573,TARGET,1,2017.09.14 16:00:00,1,1.0,15.291638941427198,False,False,,,TARGET,1.0
ANCHOR_CPI_SERIES,CPI_TIMELINE_20170914_153000:core_mm,840030006,20932,US,USD,CPI Core m/m,core_mm,2017.08.01 00:00:00,6805,0,CALENDAR_TIMEMODE_DATETIME,False,trade_server_time,CALENDAR_UNIT_PERCENT,1,CALENDAR_MULTIPLIER_NONE,False,,,,1505403000,2017.09.14 15:30:00,0.2,0.1,0.1,0.1,Short,True,,1505404800,2017.09.14 16:00:00,1800,1.18924,0.00152916389414272,1.0,1.0,240,1.190769163894143,1.1877108361058573,TARGET,1,2017.09.14 16:00:00,1,1.0,15.291638941427198,False,False,,,TARGET,1.0
ANCHOR_CPI_SERIES,CPI_TIMELINE_20170914_153000:headline_yy,840030007,20933,US,USD,CPI Headline y/y,headline_yy,2017.08.01 00:00:00,6944,0,CALENDAR_TIMEMODE_DATETIME,False,trade_server_time,CALENDAR_UNIT_PERCENT,1,CALENDAR_MULTIPLIER_NONE,False,,,,1505403000,2017.09.14 15:30:00,1.9,1.7,,0.2,Short,True,,1505404800,2017.09.14 16:00:00,1800,1.18924,0.00152916389414272,1.0,1.0,240,1.190769163894143,1.1877108361058573,TARGET,1,2017.09.14 16:00:00,1,1.0,15.291638941427198,False,False,,,TARGET,1.0
ANCHOR_CPI_SERIES,CPI_TIMELINE_20170914_153000:core_yy,840030008,20934,US,USD,CPI Core y/y,core_yy,2017.08.01 00:00:00,7084,0,CALENDAR_TIMEMODE_DATETIME,False,trade_server_time,CALENDAR_UNIT_PERCENT,1,CALENDAR_MULTIPLIER_NONE,False,,,,1505403000,2017.09.14 15:30:00,1.7,1.7,,0.0,Flat,False,FLAT_DIRECTION,,,,,,,,,,,,,,,,,,,,,,
ANCHOR_CPI_SERIES,CPI_TIMELINE_20170914_153000:mm_sum,DERIVED_MM_SUM,,US,USD,CPI m/m Sum,mm_sum,,,0,CALENDAR_TIMEMODE_DATETIME,False,trade_server_time,CALENDAR_UNIT_PERCENT,1,CALENDAR_MULTIPLIER_NONE,True,"840030005,840030006","20931,20932","6666,6805",1505403000,2017.09.14 15:30:00,,,,0.4,Short,True,,1505404800,2017.09.14 16:00:00,1800,1.18924,0.00152916389414272,1.0,1.0,240,1.190769163894143,1.1877108361058573,TARGET,1,2017.09.14 16:00:00,1,1.0,15.291638941427198,False,False,,,TARGET,1.0
ANCHOR_CPI_SERIES,CPI_TIMELINE_20170914_153000:yy_sum,DERIVED_YY_SUM,,US,USD,CPI y/y Sum,yy_sum,,,0,CALENDAR_TIMEMODE_DATETIME,False,trade_server_time,CALENDAR_UNIT_PERCENT,1,CALENDAR_MULTIPLIER_NONE,True,"840030007,840030008","20933,20934","6944,7084",1505403000,2017.09.14 15:30:00,,,,0.2,Short,True,,1505404800,2017.09.14 16:00:00,1800,1.18924,0.00152916389414272,1.0,1.0,240,1.190769163894143,1.1877108361058573,TARGET,1,2017.09.14 16:00:00,1,1.0,15.291638941427198,False,False,,,TARGET,1.0
ANCHOR_CPI_SERIES,CPI_TIMELINE_20171013_153000:headline_mm,840030005,20953,US,USD,CPI Headline m/m,headline_mm,2017.09.01 00:00:00,6667,0,CALENDAR_TIMEMODE_DATETIME,False,trade_server_time,CALENDAR_UNIT_PERCENT,1,CALENDAR_MULTIPLIER_NONE,False,,,,1507908600,2017.10.13 15:30:00,0.5,0.4,0.4,0.1,Short,True,,1507910400,2017.10.13 16:00:00,1800,1.18561,0.0012324313019632766,1.0,1.0,240,1.1868424313019634,1.1843775686980367,STOP,1,2017.10.13 16:00:00,1,-1.0,-12.324313019632765,False,False,,,STOP,-1.0
ANCHOR_CPI_SERIES,CPI_TIMELINE_20171013_153000:core_mm,840030006,20954,US,USD,CPI Core m/m,core_mm,2017.09.01 00:00:00,6806,0,CALENDAR_TIMEMODE_DATETIME,False,trade_server_time,CALENDAR_UNIT_PERCENT,1,CALENDAR_MULTIPLIER_NONE,False,,,,1507908600,2017.10.13 15:30:00,0.1,0.2,0.2,-0.1,Long,True,,1507910400,2017.10.13 16:00:00,1800,1.18561,0.0012324313019632766,1.0,1.0,240,1.1843775686980367,1.1868424313019634,TARGET,1,2017.10.13 16:00:00,1,1.0,12.324313019632765,False,False,,,TARGET,1.0
ANCHOR_CPI_SERIES,CPI_TIMELINE_20171013_153000:headline_yy,840030007,20955,US,USD,CPI Headline y/y,headline_yy,2017.09.01 00:00:00,6945,0,CALENDAR_TIMEMODE_DATETIME,False,trade_server_time,CALENDAR_UNIT_PERCENT,1,CALENDAR_MULTIPLIER_NONE,False,,,,1507908600,2017.10.13 15:30:00,2.2,1.9,,0.3,Short,True,,1507910400,2017.10.13 16:00:00,1800,1.18561,0.0012324313019632766,1.0,1.0,240,1.1868424313019634,1.1843775686980367,STOP,1,2017.10.13 16:00:00,1,-1.0,-12.324313019632765,False,False,,,STOP,-1.0
ANCHOR_CPI_SERIES,CPI_TIMELINE_20171013_153000:core_yy,840030008,20956,US,USD,CPI Core y/y,core_yy,2017.09.01 00:00:00,7085,0,CALENDAR_TIMEMODE_DATETIME,False,trade_server_time,CALENDAR_UNIT_PERCENT,1,CALENDAR_MULTIPLIER_NONE,False,,,,1507908600,2017.10.13 15:30:00,1.7,1.7,,0.0,Flat,False,FLAT_DIRECTION,,,,,,,,,,,,,,,,,,,,,,
ANCHOR_CPI_SERIES,CPI_TIMELINE_20171013_153000:mm_sum,DERIVED_MM_SUM,,US,USD,CPI m/m Sum,mm_sum,,,0,CALENDAR_TIMEMODE_DATETIME,False,trade_server_time,CALENDAR_UNIT_PERCENT,1,CALENDAR_MULTIPLIER_NONE,True,"840030005,840030006","20953,20954","6667,6806",1507908600,2017.10.13 15:30:00,,,,0.0,Flat,False,FLAT_DIRECTION,,,,,,,,,,,,,,,,,,,,,,
ANCHOR_CPI_SERIES,CPI_TIMELINE_20171013_153000:yy_sum,DERIVED_YY_SUM,,US,USD,CPI y/y Sum,yy_sum,,,0,CALENDAR_TIMEMODE_DATETIME,False,trade_server_time,CALENDAR_UNIT_PERCENT,1,CALENDAR_MULTIPLIER_NONE,True,"840030007,840030008","20955,20956","6945,7085",1507908600,2017.10.13 15:30:00,,,,0.3,Short,True,,1507910400,2017.10.13 16:00:00,1800,1.18561,0.0012324313019632766,1.0,1.0,240,1.1868424313019634,1.1843775686980367,STOP,1,2017.10.13 16:00:00,1,-1.0,-12.324313019632765,False,False,,,STOP,-1.0
ANCHOR_CPI_SERIES,CPI_TIMELINE_20171115_163000:headline_mm,840030005,20984,US,USD,CPI Headline m/m,headline_mm,2017.10.01 00:00:00,6668,0,CALENDAR_TIMEMODE_DATETIME,False,trade_server_time,CALENDAR_UNIT_PERCENT,1,CALENDAR_MULTIPLIER_NONE,False,,,,1510763400,2017.11.15 16:30:00,0.1,0.5,,-0.4,Long,True,,1510765200,2017.11.15 17:00:00,1800,1.182,0.0015803423720442422,1.0,1.0,240,1.1804196576279558,1.1835803423720441,STOP,1,2017.11.15 17:00:00,1,-1.0,-15.80342372044242,False,False,,,STOP,-1.0
ANCHOR_CPI_SERIES,CPI_TIMELINE_20171115_163000:core_mm,840030006,20985,US,USD,CPI Core m/m,core_mm,2017.10.01 00:00:00,6807,0,CALENDAR_TIMEMODE_DATETIME,False,trade_server_time,CALENDAR_UNIT_PERCENT,1,CALENDAR_MULTIPLIER_NONE,False,,,,1510763400,2017.11.15 16:30:00,0.2,0.1,,0.1,Short,True,,1510765200,2017.11.15 17:00:00,1800,1.182,0.0015803423720442422,1.0,1.0,240,1.1835803423720441,1.1804196576279558,TARGET,1,2017.11.15 17:00:00,1,1.0,15.80342372044242,False,False,,,TARGET,1.0
ANCHOR_CPI_SERIES,CPI_TIMELINE_20171115_163000:headline_yy,840030007,20986,US,USD,CPI Headline y/y,headline_yy,2017.10.01 00:00:00,6946,0,CALENDAR_TIMEMODE_DATETIME,False,trade_server_time,CALENDAR_UNIT_PERCENT,1,CALENDAR_MULTIPLIER_NONE,False,,,,1510763400,2017.11.15 16:30:00,2.0,2.2,,-0.2,Long,True,,1510765200,2017.11.15 17:00:00,1800,1.182,0.0015803423720442422,1.0,1.0,240,1.1804196576279558,1.1835803423720441,STOP,1,2017.11.15 17:00:00,1,-1.0,-15.80342372044242,False,False,,,STOP,-1.0
ANCHOR_CPI_SERIES,CPI_TIMELINE_20171115_163000:core_yy,840030008,20987,US,USD,CPI Core y/y,core_yy,2017.10.01 00:00:00,7086,0,CALENDAR_TIMEMODE_DATETIME,False,trade_server_time,CALENDAR_UNIT_PERCENT,1,CALENDAR_MULTIPLIER_NONE,False,,,,1510763400,2017.11.15 16:30:00,1.8,1.7,,0.1,Short,True,,1510765200,2017.11.15 17:00:00,1800,1.182,0.0015803423720442422,1.0,1.0,240,1.1835803423720441,1.1804196576279558,TARGET,1,2017.11.15 17:00:00,1,1.0,15.80342372044242,False,False,,,TARGET,1.0
ANCHOR_CPI_SERIES,CPI_TIMELINE_20171115_163000:mm_sum,DERIVED_MM_SUM,,US,USD,CPI m/m Sum,mm_sum,,,0,CALENDAR_TIMEMODE_DATETIME,False,trade_server_time,CALENDAR_UNIT_PERCENT,1,CALENDAR_MULTIPLIER_NONE,True,"840030005,840030006","20984,20985","6668,6807",1510763400,2017.11.15 16:30:00,,,,-0.3,Long,True,,1510765200,2017.11.15 17:00:00,1800,1.182,0.0015803423720442422,1.0,1.0,240,1.1804196576279558,1.1835803423720441,STOP,1,2017.11.15 17:00:00,1,-1.0,-15.80342372044242,False,False,,,STOP,-1.0
ANCHOR_CPI_SERIES,CPI_TIMELINE_20171115_163000:yy_sum,DERIVED_YY_SUM,,US,USD,CPI y/y Sum,yy_sum,,,0,CALENDAR_TIMEMODE_DATETIME,False,trade_server_time,CALENDAR_UNIT_PERCENT,1,CALENDAR_MULTIPLIER_NONE,True,"840030007,840030008","20986,20987","6946,7086",1510763400,2017.11.15 16:30:00,,,,-0.1,Long,True,,1510765200,2017.11.15 17:00:00,1800,1.182,0.0015803423720442422,1.0,1.0,240,1.1804196576279558,1.1835803423720441,STOP,1,2017.11.15 17:00:00,1,-1.0,-15.80342372044242,False,False,,,STOP,-1.0
ANCHOR_CPI_SERIES,CPI_TIMELINE_20171213_163000:headline_mm,840030005,21020,US,USD,CPI Headline m/m,headline_mm,2017.11.01 00:00:00,6669,0,CALENDAR_TIMEMODE_DATETIME,False,trade_server_time,CALENDAR_UNIT_PERCENT,1,CALENDAR_MULTIPLIER_NONE,False,,,,1513182600,2017.12.13 16:30:00,0.4,0.1,,0.3,Short,True,,1513184400,2017.12.13 17:00:00,1800,1.1751,0.0013101721648829292,1.0,1.0,240,1.176410172164883,1.173789827835117,STOP,1,2017.12.13 17:00:00,1,-1.0,-13.101721648829292,False,False,,,STOP,-1.0
ANCHOR_CPI_SERIES,CPI_TIMELINE_20171213_163000:core_mm,840030006,21023,US,USD,CPI Core m/m,core_mm,2017.11.01 00:00:00,6808,0,CALENDAR_TIMEMODE_DATETIME,False,trade_server_time,CALENDAR_UNIT_PERCENT,1,CALENDAR_MULTIPLIER_NONE,False,,,,1513182600,2017.12.13 16:30:00,0.1,0.2,,-0.1,Long,True,,1513184400,2017.12.13 17:00:00,1800,1.1751,0.0013101721648829292,1.0,1.0,240,1.173789827835117,1.176410172164883,TARGET,1,2017.12.13 17:00:00,1,1.0,13.101721648829292,False,False,,,TARGET,1.0
ANCHOR_CPI_SERIES,CPI_TIMELINE_20171213_163000:headline_yy,840030007,21026,US,USD,CPI Headline y/y,headline_yy,2017.11.01 00:00:00,6947,0,CALENDAR_TIMEMODE_DATETIME,False,trade_server_time,CALENDAR_UNIT_PERCENT,1,CALENDAR_MULTIPLIER_NONE,False,,,,1513182600,2017.12.13 16:30:00,2.2,2.0,,0.2,Short,True,,1513184400,2017.12.13 17:00:00,1800,1.1751,0.0013101721648829292,1.0,1.0,240,1.176410172164883,1.173789827835117,STOP,1,2017.12.13 17:00:00,1,-1.0,-13.101721648829292,False,False,,,STOP,-1.0
ANCHOR_CPI_SERIES,CPI_TIMELINE_20171213_163000:core_yy,840030008,21029,US,USD,CPI Core y/y,core_yy,2017.11.01 00:00:00,7087,0,CALENDAR_TIMEMODE_DATETIME,False,trade_server_time,CALENDAR_UNIT_PERCENT,1,CALENDAR_MULTIPLIER_NONE,False,,,,1513182600,2017.12.13 16:30:00,1.7,1.8,,-0.1,Long,True,,1513184400,2017.12.13 17:00:00,1800,1.1751,0.0013101721648829292,1.0,1.0,240,1.173789827835117,1.176410172164883,TARGET,1,2017.12.13 17:00:00,1,1.0,13.101721648829292,False,False,,,TARGET,1.0
ANCHOR_CPI_SERIES,CPI_TIMELINE_20171213_163000:mm_sum,DERIVED_MM_SUM,,US,USD,CPI m/m Sum,mm_sum,,,0,CALENDAR_TIMEMODE_DATETIME,False,trade_server_time,CALENDAR_UNIT_PERCENT,1,CALENDAR_MULTIPLIER_NONE,True,"840030005,840030006","21020,21023","6669,6808",1513182600,2017.12.13 16:30:00,,,,0.2,Short,True,,1513184400,2017.12.13 17:00:00,1800,1.1751,0.0013101721648829292,1.0,1.0,240,1.176410172164883,1.173789827835117,STOP,1,2017.12.13 17:00:00,1,-1.0,-13.101721648829292,False,False,,,STOP,-1.0
ANCHOR_CPI_SERIES,CPI_TIMELINE_20171213_163000:yy_sum,DERIVED_YY_SUM,,US,USD,CPI y/y Sum,yy_sum,,,0,CALENDAR_TIMEMODE_DATETIME,False,trade_server_time,CALENDAR_UNIT_PERCENT,1,CALENDAR_MULTIPLIER_NONE,True,"840030007,840030008","21026,21029","6947,7087",1513182600,2017.12.13 16:30:00,,,,0.1,Short,True,,1513184400,2017.12.13 17:00:00,1800,1.1751,0.0013101721648829292,1.0,1.0,240,1.176410172164883,1.173789827835117,STOP,1,2017.12.13 17:00:00,1,-1.0,-13.101721648829292,False,False,,,STOP,-1.0
ANCHOR_CPI_SERIES,CPI_TIMELINE_20180112_163000:headline_mm,840030005,44516,US,USD,CPI Headline m/m,headline_mm,2017.12.01 00:00:00,6670,0,CALENDAR_TIMEMODE_DATETIME,False,trade_server_time,CALENDAR_UNIT_PERCENT,1,CALENDAR_MULTIPLIER_NONE,False,,,,1515774600,2018.01.12 16:30:00,0.1,0.4,,-0.3,Long,True,,1515776400,2018.01.12 17:00:00,1800,1.21376,0.0020654475778045457,1.0,1.0,240,1.2116945524221954,1.2158254475778045,TARGET,4,2018.01.12 20:00:00,4,1.0,20.654475778045455,False,False,,,TARGET,1.0
ANCHOR_CPI_SERIES,CPI_TIMELINE_20180112_163000:core_mm,840030006,44517,US,USD,CPI Core m/m,core_mm,2017.12.01 00:00:00,6809,0,CALENDAR_TIMEMODE_DATETIME,False,trade_server_time,CALENDAR_UNIT_PERCENT,1,CALENDAR_MULTIPLIER_NONE,False,,,,1515774600,2018.01.12 16:30:00,0.3,0.1,,0.2,Short,True,,1515776400,2018.01.12 17:00:00,1800,1.21376,0.0020654475778045457,1.0,1.0,240,1.2158254475778045,1.2116945524221954,STOP,4,2018.01.12 20:00:00,4,-1.0,-20.654475778045455,False,False,,,STOP,-1.0
ANCHOR_CPI_SERIES,CPI_TIMELINE_20180112_163000:headline_yy,840030007,44518,US,USD,CPI Headline y/y,headline_yy,2017.12.01 00:00:00,6948,0,CALENDAR_TIMEMODE_DATETIME,False,trade_server_time,CALENDAR_UNIT_PERCENT,1,CALENDAR_MULTIPLIER_NONE,False,,,,1515774600,2018.01.12 16:30:00,2.1,2.2,,-0.1,Long,True,,1515776400,2018.01.12 17:00:00,1800,1.21376,0.0020654475778045457,1.0,1.0,240,1.2116945524221954,1.2158254475778045,TARGET,4,2018.01.12 20:00:00,4,1.0,20.654475778045455,False,False,,,TARGET,1.0
ANCHOR_CPI_SERIES,CPI_TIMELINE_20180112_163000:core_yy,840030008,44519,US,USD,CPI Core y/y,core_yy,2017.12.01 00:00:00,7088,0,CALENDAR_TIMEMODE_DATETIME,False,trade_server_time,CALENDAR_UNIT_PERCENT,1,CALENDAR_MULTIPLIER_NONE,False,,,,1515774600,2018.01.12 16:30:00,1.8,1.7,,0.1,Short,True,,1515776400,2018.01.12 17:00:00,1800,1.21376,0.0020654475778045457,1.0,1.0,240,1.2158254475778045,1.2116945524221954,STOP,4,2018.01.12 20:00:00,4,-1.0,-20.654475778045455,False,False,,,STOP,-1.0
ANCHOR_CPI_SERIES,CPI_TIMELINE_20180112_163000:mm_sum,DERIVED_MM_SUM,,US,USD,CPI m/m Sum,mm_sum,,,0,CALENDAR_TIMEMODE_DATETIME,False,trade_server_time,CALENDAR_UNIT_PERCENT,1,CALENDAR_MULTIPLIER_NONE,True,"840030005,840030006","44516,44517","6670,6809",1515774600,2018.01.12 16:30:00,,,,-0.1,Long,True,,1515776400,2018.01.12 17:00:00,1800,1.21376,0.0020654475778045457,1.0,1.0,240,1.2116945524221954,1.2158254475778045,TARGET,4,2018.01.12 20:00:00,4,1.0,20.654475778045455,False,False,,,TARGET,1.0
ANCHOR_CPI_SERIES,CPI_TIMELINE_20180112_163000:yy_sum,DERIVED_YY_SUM,,US,USD,CPI y/y Sum,yy_sum,,,0,CALENDAR_TIMEMODE_DATETIME,False,trade_server_time,CALENDAR_UNIT_PERCENT,1,CALENDAR_MULTIPLIER_NONE,True,"840030007,840030008","44518,44519","6948,7088",1515774600,2018.01.12 16:30:00,,,,0.0,Flat,False,FLAT_DIRECTION,,,,,,,,,,,,,,,,,,,,,,
ANCHOR_CPI_SERIES,CPI_TIMELINE_20180214_163000:headline_mm,840030005,44579,US,USD,CPI Headline m/m,headline_mm,2018.01.01 00:00:00,6671,0,CALENDAR_TIMEMODE_DATETIME,False,trade_server_time,CALENDAR_UNIT_PERCENT,1,CALENDAR_MULTIPLIER_NONE,False,,,,1518625800,2018.02.14 16:30:00,0.5,0.1,0.2,0.4,Short,True,,1518627600,2018.02.14 17:00:00,1800,1.23219,0.0019869244162568768,1.0,1.0,240,1.2341769244162568,1.230203075583743,STOP,1,2018.02.14 17:00:00,1,-1.0,-19.869244162568766,False,False,,,STOP,-1.0
ANCHOR_CPI_SERIES,CPI_TIMELINE_20180214_163000:core_mm,840030006,44580,US,USD,CPI Core m/m,core_mm,2018.01.01 00:00:00,6810,0,CALENDAR_TIMEMODE_DATETIME,False,trade_server_time,CALENDAR_UNIT_PERCENT,1,CALENDAR_MULTIPLIER_NONE,False,,,,1518625800,2018.02.14 16:30:00,0.3,0.3,0.2,0.0,Flat,False,FLAT_DIRECTION,,,,,,,,,,,,,,,,,,,,,,
ANCHOR_CPI_SERIES,CPI_TIMELINE_20180214_163000:headline_yy,840030007,44581,US,USD,CPI Headline y/y,headline_yy,2018.01.01 00:00:00,6949,0,CALENDAR_TIMEMODE_DATETIME,False,trade_server_time,CALENDAR_UNIT_PERCENT,1,CALENDAR_MULTIPLIER_NONE,False,,,,1518625800,2018.02.14 16:30:00,2.1,2.1,,0.0,Flat,False,FLAT_DIRECTION,,,,,,,,,,,,,,,,,,,,,,
ANCHOR_CPI_SERIES,CPI_TIMELINE_20180214_163000:core_yy,840030008,44582,US,USD,CPI Core y/y,core_yy,2018.01.01 00:00:00,7089,0,CALENDAR_TIMEMODE_DATETIME,False,trade_server_time,CALENDAR_UNIT_PERCENT,1,CALENDAR_MULTIPLIER_NONE,False,,,,1518625800,2018.02.14 16:30:00,1.8,1.8,,0.0,Flat,False,FLAT_DIRECTION,,,,,,,,,,,,,,,,,,,,,,
ANCHOR_CPI_SERIES,CPI_TIMELINE_20180214_163000:mm_sum,DERIVED_MM_SUM,,US,USD,CPI m/m Sum,mm_sum,,,0,CALENDAR_TIMEMODE_DATETIME,False,trade_server_time,CALENDAR_UNIT_PERCENT,1,CALENDAR_MULTIPLIER_NONE,True,"840030005,840030006","44579,44580","6671,6810",1518625800,2018.02.14 16:30:00,,,,0.4,Short,True,,1518627600,2018.02.14 17:00:00,1800,1.23219,0.0019869244162568768,1.0,1.0,240,1.2341769244162568,1.230203075583743,STOP,1,2018.02.14 17:00:00,1,-1.0,-19.869244162568766,False,False,,,STOP,-1.0
ANCHOR_CPI_SERIES,CPI_TIMELINE_20180214_163000:yy_sum,DERIVED_YY_SUM,,US,USD,CPI y/y Sum,yy_sum,,,0,CALENDAR_TIMEMODE_DATETIME,False,trade_server_time,CALENDAR_UNIT_PERCENT,1,CALENDAR_MULTIPLIER_NONE,True,"840030007,840030008","44581,44582","6949,7089",1518625800,2018.02.14 16:30:00,,,,0.0,Flat,False,FLAT_DIRECTION,,,,,,,,,,,,,,,,,,,,,,
ANCHOR_CPI_SERIES,CPI_TIMELINE_20180313_153000:headline_mm,840030005,44606,US,USD,CPI Headline m/m,headline_mm,2018.02.01 00:00:00,6672,0,CALENDAR_TIMEMODE_DATETIME,False,trade_server_time,CALENDAR_UNIT_PERCENT,1,CALENDAR_MULTIPLIER_NONE,False,,,,1520955000,2018.03.13 15:30:00,0.2,0.5,,-0.3,Long,True,,1520956800,2018.03.13 16:00:00,1800,1.23684,0.001543237218229278,1.0,1.0,240,1.2352967627817706,1.2383832372182293,STOP,1,2018.03.13 16:00:00,1,-1.0,-15.432372182292779,False,False,,,STOP,-1.0
ANCHOR_CPI_SERIES,CPI_TIMELINE_20180313_153000:core_mm,840030006,44607,US,USD,CPI Core m/m,core_mm,2018.02.01 00:00:00,6811,0,CALENDAR_TIMEMODE_DATETIME,False,trade_server_time,CALENDAR_UNIT_PERCENT,1,CALENDAR_MULTIPLIER_NONE,False,,,,1520955000,2018.03.13 15:30:00,0.2,0.3,,-0.1,Long,True,,1520956800,2018.03.13 16:00:00,1800,1.23684,0.001543237218229278,1.0,1.0,240,1.2352967627817706,1.2383832372182293,STOP,1,2018.03.13 16:00:00,1,-1.0,-15.432372182292779,False,False,,,STOP,-1.0
ANCHOR_CPI_SERIES,CPI_TIMELINE_20180313_153000:headline_yy,840030007,44608,US,USD,CPI Headline y/y,headline_yy,2018.02.01 00:00:00,6950,0,CALENDAR_TIMEMODE_DATETIME,False,trade_server_time,CALENDAR_UNIT_PERCENT,1,CALENDAR_MULTIPLIER_NONE,False,,,,1520955000,2018.03.13 15:30:00,2.2,2.1,,0.1,Short,True,,1520956800,2018.03.13 16:00:00,1800,1.23684,0.001543237218229278,1.0,1.0,240,1.2383832372182293,1.2352967627817706,TARGET,1,2018.03.13 16:00:00,1,1.0,15.432372182292779,False,False,,,TARGET,1.0
ANCHOR_CPI_SERIES,CPI_TIMELINE_20180313_153000:core_yy,840030008,44609,US,USD,CPI Core y/y,core_yy,2018.02.01 00:00:00,7090,0,CALENDAR_TIMEMODE_DATETIME,False,trade_server_time,CALENDAR_UNIT_PERCENT,1,CALENDAR_MULTIPLIER_NONE,False,,,,1520955000,2018.03.13 15:30:00,1.8,1.8,,0.0,Flat,False,FLAT_DIRECTION,,,,,,,,,,,,,,,,,,,,,,
ANCHOR_CPI_SERIES,CPI_TIMELINE_20180313_153000:mm_sum,DERIVED_MM_SUM,,US,USD,CPI m/m Sum,mm_sum,,,0,CALENDAR_TIMEMODE_DATETIME,False,trade_server_time,CALENDAR_UNIT_PERCENT,1,CALENDAR_MULTIPLIER_NONE,True,"840030005,840030006","44606,44607","6672,6811",1520955000,2018.03.13 15:30:00,,,,-0.4,Long,True,,1520956800,2018.03.13 16:00:00,1800,1.23684,0.001543237218229278,1.0,1.0,240,1.2352967627817706,1.2383832372182293,STOP,1,2018.03.13 16:00:00,1,-1.0,-15.432372182292779,False,False,,,STOP,-1.0
ANCHOR_CPI_SERIES,CPI_TIMELINE_20180313_153000:yy_sum,DERIVED_YY_SUM,,US,USD,CPI y/y Sum,yy_sum,,,0,CALENDAR_TIMEMODE_DATETIME,False,trade_server_time,CALENDAR_UNIT_PERCENT,1,CALENDAR_MULTIPLIER_NONE,True,"840030007,840030008","44608,44609","6950,7090",1520955000,2018.03.13 15:30:00,,,,0.1,Short,True,,1520956800,2018.03.13 16:00:00,1800,1.23684,0.001543237218229278,1.0,1.0,240,1.2383832372182293,1.2352967627817706,TARGET,1,2018.03.13 16:00:00,1,1.0,15.432372182292779,False,False,,,TARGET,1.0
ANCHOR_CPI_SERIES,CPI_TIMELINE_20180411_153000:headline_mm,840030005,44653,US,USD,CPI Headline m/m,headline_mm,2018.03.01 00:00:00,6673,0,CALENDAR_TIMEMODE_DATETIME,False,trade_server_time,CALENDAR_UNIT_PERCENT,1,CALENDAR_MULTIPLIER_NONE,False,,,,1523460600,2018.04.11 15:30:00,-0.1,0.2,,-0.3,Long,True,,1523462400,2018.04.11 16:00:00,1800,1.23749,0.0013593988167356537,1.0,1.0,240,1.2361306011832642,1.2388493988167357,TARGET,2,2018.04.11 17:00:00,2,1.0,13.593988167356535,False,False,,,TARGET,1.0
ANCHOR_CPI_SERIES,CPI_TIMELINE_20180411_153000:core_mm,840030006,44654,US,USD,CPI Core m/m,core_mm,2018.03.01 00:00:00,6812,0,CALENDAR_TIMEMODE_DATETIME,False,trade_server_time,CALENDAR_UNIT_PERCENT,1,CALENDAR_MULTIPLIER_NONE,False,,,,1523460600,2018.04.11 15:30:00,0.2,0.2,,0.0,Flat,False,FLAT_DIRECTION,,,,,,,,,,,,,,,,,,,,,,
ANCHOR_CPI_SERIES,CPI_TIMELINE_20180411_153000:headline_yy,840030007,44655,US,USD,CPI Headline y/y,headline_yy,2018.03.01 00:00:00,6951,0,CALENDAR_TIMEMODE_DATETIME,False,trade_server_time,CALENDAR_UNIT_PERCENT,1,CALENDAR_MULTIPLIER_NONE,False,,,,1523460600,2018.04.11 15:30:00,2.4,2.2,,0.2,Short,True,,1523462400,2018.04.11 16:00:00,1800,1.23749,0.0013593988167356537,1.0,1.0,240,1.2388493988167357,1.2361306011832642,STOP,2,2018.04.11 17:00:00,2,-1.0,-13.593988167356535,False,False,,,STOP,-1.0
ANCHOR_CPI_SERIES,CPI_TIMELINE_20180411_153000:core_yy,840030008,44656,US,USD,CPI Core y/y,core_yy,2018.03.01 00:00:00,7091,0,CALENDAR_TIMEMODE_DATETIME,False,trade_server_time,CALENDAR_UNIT_PERCENT,1,CALENDAR_MULTIPLIER_NONE,False,,,,1523460600,2018.04.11 15:30:00,2.1,1.8,,0.3,Short,True,,1523462400,2018.04.11 16:00:00,1800,1.23749,0.0013593988167356537,1.0,1.0,240,1.2388493988167357,1.2361306011832642,STOP,2,2018.04.11 17:00:00,2,-1.0,-13.593988167356535,False,False,,,STOP,-1.0
ANCHOR_CPI_SERIES,CPI_TIMELINE_20180411_153000:mm_sum,DERIVED_MM_SUM,,US,USD,CPI m/m Sum,mm_sum,,,0,CALENDAR_TIMEMODE_DATETIME,False,trade_server_time,CALENDAR_UNIT_PERCENT,1,CALENDAR_MULTIPLIER_NONE,True,"840030005,840030006","44653,44654","6673,6812",1523460600,2018.04.11 15:30:00,,,,-0.3,Long,True,,1523462400,2018.04.11 16:00:00,1800,1.23749,0.0013593988167356537,1.0,1.0,240,1.2361306011832642,1.2388493988167357,TARGET,2,2018.04.11 17:00:00,2,1.0,13.593988167356535,False,False,,,TARGET,1.0
ANCHOR_CPI_SERIES,CPI_TIMELINE_20180411_153000:yy_sum,DERIVED_YY_SUM,,US,USD,CPI y/y Sum,yy_sum,,,0,CALENDAR_TIMEMODE_DATETIME,False,trade_server_time,CALENDAR_UNIT_PERCENT,1,CALENDAR_MULTIPLIER_NONE,True,"840030007,840030008","44655,44656","6951,7091",1523460600,2018.04.11 15:30:00,,,,0.5,Short,True,,1523462400,2018.04.11 16:00:00,1800,1.23749,0.0013593988167356537,1.0,1.0,240,1.2388493988167357,1.2361306011832642,STOP,2,2018.04.11 17:00:00,2,-1.0,-13.593988167356535,False,False,,,STOP,-1.0
ANCHOR_CPI_SERIES,CPI_TIMELINE_20180510_153000:headline_mm,840030005,44682,US,USD,CPI Headline m/m,headline_mm,2018.04.01 00:00:00,6674,0,CALENDAR_TIMEMODE_DATETIME,False,trade_server_time,CALENDAR_UNIT_PERCENT,1,CALENDAR_MULTIPLIER_NONE,False,,,,1525966200,2018.05.10 15:30:00,0.2,-0.1,,0.3,Short,True,,1525968000,2018.05.10 16:00:00,1800,1.19265,0.0015693914409005648,1.0,1.0,240,1.1942193914409005,1.1910806085590995,STOP,1,2018.05.10 16:00:00,1,-1.0,-15.693914409005647,True,False,,,TARGET,1.0
ANCHOR_CPI_SERIES,CPI_TIMELINE_20180510_153000:core_mm,840030006,44683,US,USD,CPI Core m/m,core_mm,2018.04.01 00:00:00,6813,0,CALENDAR_TIMEMODE_DATETIME,False,trade_server_time,CALENDAR_UNIT_PERCENT,1,CALENDAR_MULTIPLIER_NONE,False,,,,1525966200,2018.05.10 15:30:00,0.1,0.2,,-0.1,Long,True,,1525968000,2018.05.10 16:00:00,1800,1.19265,0.0015693914409005648,1.0,1.0,240,1.1910806085590995,1.1942193914409005,STOP,1,2018.05.10 16:00:00,1,-1.0,-15.693914409005647,True,False,,,TARGET,1.0
ANCHOR_CPI_SERIES,CPI_TIMELINE_20180510_153000:headline_yy,840030007,44684,US,USD,CPI Headline y/y,headline_yy,2018.04.01 00:00:00,6952,0,CALENDAR_TIMEMODE_DATETIME,False,trade_server_time,CALENDAR_UNIT_PERCENT,1,CALENDAR_MULTIPLIER_NONE,False,,,,1525966200,2018.05.10 15:30:00,2.5,2.4,,0.1,Short,True,,1525968000,2018.05.10 16:00:00,1800,1.19265,0.0015693914409005648,1.0,1.0,240,1.1942193914409005,1.1910806085590995,STOP,1,2018.05.10 16:00:00,1,-1.0,-15.693914409005647,True,False,,,TARGET,1.0
ANCHOR_CPI_SERIES,CPI_TIMELINE_20180510_153000:core_yy,840030008,44685,US,USD,CPI Core y/y,core_yy,2018.04.01 00:00:00,7092,0,CALENDAR_TIMEMODE_DATETIME,False,trade_server_time,CALENDAR_UNIT_PERCENT,1,CALENDAR_MULTIPLIER_NONE,False,,,,1525966200,2018.05.10 15:30:00,2.1,2.1,,0.0,Flat,False,FLAT_DIRECTION,,,,,,,,,,,,,,,,,,,,,,
ANCHOR_CPI_SERIES,CPI_TIMELINE_20180510_153000:mm_sum,DERIVED_MM_SUM,,US,USD,CPI m/m Sum,mm_sum,,,0,CALENDAR_TIMEMODE_DATETIME,False,trade_server_time,CALENDAR_UNIT_PERCENT,1,CALENDAR_MULTIPLIER_NONE,True,"840030005,840030006","44682,44683","6674,6813",1525966200,2018.05.10 15:30:00,,,,0.2,Short,True,,1525968000,2018.05.10 16:00:00,1800,1.19265,0.0015693914409005648,1.0,1.0,240,1.1942193914409005,1.1910806085590995,STOP,1,2018.05.10 16:00:00,1,-1.0,-15.693914409005647,True,False,,,TARGET,1.0
ANCHOR_CPI_SERIES,CPI_TIMELINE_20180510_153000:yy_sum,DERIVED_YY_SUM,,US,USD,CPI y/y Sum,yy_sum,,,0,CALENDAR_TIMEMODE_DATETIME,False,trade_server_time,CALENDAR_UNIT_PERCENT,1,CALENDAR_MULTIPLIER_NONE,True,"840030007,840030008","44684,44685","6952,7092",1525966200,2018.05.10 15:30:00,,,,0.1,Short,True,,1525968000,2018.05.10 16:00:00,1800,1.19265,0.0015693914409005648,1.0,1.0,240,1.1942193914409005,1.1910806085590995,STOP,1,2018.05.10 16:00:00,1,-1.0,-15.693914409005647,True,False,,,TARGET,1.0
ANCHOR_CPI_SERIES,CPI_TIMELINE_20180612_153000:headline_mm,840030005,44705,US,USD,CPI Headline m/m,headline_mm,2018.05.01 00:00:00,6675,0,CALENDAR_TIMEMODE_DATETIME,False,trade_server_time,CALENDAR_UNIT_PERCENT,1,CALENDAR_MULTIPLIER_NONE,False,,,,1528817400,2018.06.12 15:30:00,0.2,0.2,,0.0,Flat,False,FLAT_DIRECTION,,,,,,,,,,,,,,,,,,,,,,
ANCHOR_CPI_SERIES,CPI_TIMELINE_20180612_153000:core_mm,840030006,44706,US,USD,CPI Core m/m,core_mm,2018.05.01 00:00:00,6814,0,CALENDAR_TIMEMODE_DATETIME,False,trade_server_time,CALENDAR_UNIT_PERCENT,1,CALENDAR_MULTIPLIER_NONE,False,,,,1528817400,2018.06.12 15:30:00,0.2,0.1,,0.1,Short,True,,1528819200,2018.06.12 16:00:00,1800,1.18,0.0015496191631256281,1.0,1.0,240,1.1815496191631256,1.1784503808368743,TARGET,2,2018.06.12 17:00:00,2,1.0,15.49619163125628,False,False,,,TARGET,1.0
ANCHOR_CPI_SERIES,CPI_TIMELINE_20180612_153000:headline_yy,840030007,44707,US,USD,CPI Headline y/y,headline_yy,2018.05.01 00:00:00,6953,0,CALENDAR_TIMEMODE_DATETIME,False,trade_server_time,CALENDAR_UNIT_PERCENT,1,CALENDAR_MULTIPLIER_NONE,False,,,,1528817400,2018.06.12 15:30:00,2.8,2.5,,0.3,Short,True,,1528819200,2018.06.12 16:00:00,1800,1.18,0.0015496191631256281,1.0,1.0,240,1.1815496191631256,1.1784503808368743,TARGET,2,2018.06.12 17:00:00,2,1.0,15.49619163125628,False,False,,,TARGET,1.0
ANCHOR_CPI_SERIES,CPI_TIMELINE_20180612_153000:core_yy,840030008,44708,US,USD,CPI Core y/y,core_yy,2018.05.01 00:00:00,7093,0,CALENDAR_TIMEMODE_DATETIME,False,trade_server_time,CALENDAR_UNIT_PERCENT,1,CALENDAR_MULTIPLIER_NONE,False,,,,1528817400,2018.06.12 15:30:00,2.2,2.1,,0.1,Short,True,,1528819200,2018.06.12 16:00:00,1800,1.18,0.0015496191631256281,1.0,1.0,240,1.1815496191631256,1.1784503808368743,TARGET,2,2018.06.12 17:00:00,2,1.0,15.49619163125628,False,False,,,TARGET,1.0
ANCHOR_CPI_SERIES,CPI_TIMELINE_20180612_153000:mm_sum,DERIVED_MM_SUM,,US,USD,CPI m/m Sum,mm_sum,,,0,CALENDAR_TIMEMODE_DATETIME,False,trade_server_time,CALENDAR_UNIT_PERCENT,1,CALENDAR_MULTIPLIER_NONE,True,"840030005,840030006","44705,44706","6675,6814",1528817400,2018.06.12 15:30:00,,,,0.1,Short,True,,1528819200,2018.06.12 16:00:00,1800,1.18,0.0015496191631256281,1.0,1.0,240,1.1815496191631256,1.1784503808368743,TARGET,2,2018.06.12 17:00:00,2,1.0,15.49619163125628,False,False,,,TARGET,1.0
ANCHOR_CPI_SERIES,CPI_TIMELINE_20180612_153000:yy_sum,DERIVED_YY_SUM,,US,USD,CPI y/y Sum,yy_sum,,,0,CALENDAR_TIMEMODE_DATETIME,False,trade_server_time,CALENDAR_UNIT_PERCENT,1,CALENDAR_MULTIPLIER_NONE,True,"840030007,840030008","44707,44708","6953,7093",1528817400,2018.06.12 15:30:00,,,,0.4,Short,True,,1528819200,2018.06.12 16:00:00,1800,1.18,0.0015496191631256281,1.0,1.0,240,1.1815496191631256,1.1784503808368743,TARGET,2,2018.06.12 17:00:00,2,1.0,15.49619163125628,False,False,,,TARGET,1.0
ANCHOR_CPI_SERIES,CPI_TIMELINE_20180712_153000:headline_mm,840030005,44734,US,USD,CPI Headline m/m,headline_mm,2018.06.01 00:00:00,6676,0,CALENDAR_TIMEMODE_DATETIME,False,trade_server_time,CALENDAR_UNIT_PERCENT,1,CALENDAR_MULTIPLIER_NONE,False,,,,1531409400,2018.07.12 15:30:00,0.1,0.2,,-0.1,Long,True,,1531411200,2018.07.12 16:00:00,1800,1.16711,0.0014570439166134398,1.0,1.0,240,1.1656529560833866,1.1685670439166136,TARGET,3,2018.07.12 18:00:00,3,1.0,14.570439166134397,False,False,,,TARGET,1.0
ANCHOR_CPI_SERIES,CPI_TIMELINE_20180712_153000:core_mm,840030006,44735,US,USD,CPI Core m/m,core_mm,2018.06.01 00:00:00,6815,0,CALENDAR_TIMEMODE_DATETIME,False,trade_server_time,CALENDAR_UNIT_PERCENT,1,CALENDAR_MULTIPLIER_NONE,False,,,,1531409400,2018.07.12 15:30:00,0.2,0.2,,0.0,Flat,False,FLAT_DIRECTION,,,,,,,,,,,,,,,,,,,,,,
ANCHOR_CPI_SERIES,CPI_TIMELINE_20180712_153000:headline_yy,840030007,44736,US,USD,CPI Headline y/y,headline_yy,2018.06.01 00:00:00,6954,0,CALENDAR_TIMEMODE_DATETIME,False,trade_server_time,CALENDAR_UNIT_PERCENT,1,CALENDAR_MULTIPLIER_NONE,False,,,,1531409400,2018.07.12 15:30:00,2.9,2.8,,0.1,Short,True,,1531411200,2018.07.12 16:00:00,1800,1.16711,0.0014570439166134398,1.0,1.0,240,1.1685670439166136,1.1656529560833866,STOP,3,2018.07.12 18:00:00,3,-1.0,-14.570439166134397,False,False,,,STOP,-1.0
ANCHOR_CPI_SERIES,CPI_TIMELINE_20180712_153000:core_yy,840030008,44737,US,USD,CPI Core y/y,core_yy,2018.06.01 00:00:00,7094,0,CALENDAR_TIMEMODE_DATETIME,False,trade_server_time,CALENDAR_UNIT_PERCENT,1,CALENDAR_MULTIPLIER_NONE,False,,,,1531409400,2018.07.12 15:30:00,2.3,2.2,,0.1,Short,True,,1531411200,2018.07.12 16:00:00,1800,1.16711,0.0014570439166134398,1.0,1.0,240,1.1685670439166136,1.1656529560833866,STOP,3,2018.07.12 18:00:00,3,-1.0,-14.570439166134397,False,False,,,STOP,-1.0
ANCHOR_CPI_SERIES,CPI_TIMELINE_20180712_153000:mm_sum,DERIVED_MM_SUM,,US,USD,CPI m/m Sum,mm_sum,,,0,CALENDAR_TIMEMODE_DATETIME,False,trade_server_time,CALENDAR_UNIT_PERCENT,1,CALENDAR_MULTIPLIER_NONE,True,"840030005,840030006","44734,44735","6676,6815",1531409400,2018.07.12 15:30:00,,,,-0.1,Long,True,,1531411200,2018.07.12 16:00:00,1800,1.16711,0.0014570439166134398,1.0,1.0,240,1.1656529560833866,1.1685670439166136,TARGET,3,2018.07.12 18:00:00,3,1.0,14.570439166134397,False,False,,,TARGET,1.0
ANCHOR_CPI_SERIES,CPI_TIMELINE_20180712_153000:yy_sum,DERIVED_YY_SUM,,US,USD,CPI y/y Sum,yy_sum,,,0,CALENDAR_TIMEMODE_DATETIME,False,trade_server_time,CALENDAR_UNIT_PERCENT,1,CALENDAR_MULTIPLIER_NONE,True,"840030007,840030008","44736,44737","6954,7094",1531409400,2018.07.12 15:30:00,,,,0.2,Short,True,,1531411200,2018.07.12 16:00:00,1800,1.16711,0.0014570439166134398,1.0,1.0,240,1.1685670439166136,1.1656529560833866,STOP,3,2018.07.12 18:00:00,3,-1.0,-14.570439166134397,False,False,,,STOP,-1.0
ANCHOR_CPI_SERIES,CPI_TIMELINE_20180810_153000:headline_mm,840030005,44761,US,USD,CPI Headline m/m,headline_mm,2018.07.01 00:00:00,6677,0,CALENDAR_TIMEMODE_DATETIME,False,trade_server_time,CALENDAR_UNIT_PERCENT,1,CALENDAR_MULTIPLIER_NONE,False,,,,1533915000,2018.08.10 15:30:00,0.2,0.1,,0.1,Short,True,,1533916800,2018.08.10 16:00:00,1800,1.14432,0.0019910176112324395,1.0,1.0,240,1.1463110176112326,1.1423289823887675,TARGET,1,2018.08.10 16:00:00,1,1.0,19.910176112324393,False,False,,,TARGET,1.0
ANCHOR_CPI_SERIES,CPI_TIMELINE_20180810_153000:core_mm,840030006,44762,US,USD,CPI Core m/m,core_mm,2018.07.01 00:00:00,6816,0,CALENDAR_TIMEMODE_DATETIME,False,trade_server_time,CALENDAR_UNIT_PERCENT,1,CALENDAR_MULTIPLIER_NONE,False,,,,1533915000,2018.08.10 15:30:00,0.2,0.2,,0.0,Flat,False,FLAT_DIRECTION,,,,,,,,,,,,,,,,,,,,,,
ANCHOR_CPI_SERIES,CPI_TIMELINE_20180810_153000:headline_yy,840030007,44763,US,USD,CPI Headline y/y,headline_yy,2018.07.01 00:00:00,6955,0,CALENDAR_TIMEMODE_DATETIME,False,trade_server_time,CALENDAR_UNIT_PERCENT,1,CALENDAR_MULTIPLIER_NONE,False,,,,1533915000,2018.08.10 15:30:00,2.9,2.9,,0.0,Flat,False,FLAT_DIRECTION,,,,,,,,,,,,,,,,,,,,,,
ANCHOR_CPI_SERIES,CPI_TIMELINE_20180810_153000:core_yy,840030008,44764,US,USD,CPI Core y/y,core_yy,2018.07.01 00:00:00,7095,0,CALENDAR_TIMEMODE_DATETIME,False,trade_server_time,CALENDAR_UNIT_PERCENT,1,CALENDAR_MULTIPLIER_NONE,False,,,,1533915000,2018.08.10 15:30:00,2.4,2.3,,0.1,Short,True,,1533916800,2018.08.10 16:00:00,1800,1.14432,0.0019910176112324395,1.0,1.0,240,1.1463110176112326,1.1423289823887675,TARGET,1,2018.08.10 16:00:00,1,1.0,19.910176112324393,False,False,,,TARGET,1.0
ANCHOR_CPI_SERIES,CPI_TIMELINE_20180810_153000:mm_sum,DERIVED_MM_SUM,,US,USD,CPI m/m Sum,mm_sum,,,0,CALENDAR_TIMEMODE_DATETIME,False,trade_server_time,CALENDAR_UNIT_PERCENT,1,CALENDAR_MULTIPLIER_NONE,True,"840030005,840030006","44761,44762","6677,6816",1533915000,2018.08.10 15:30:00,,,,0.1,Short,True,,1533916800,2018.08.10 16:00:00,1800,1.14432,0.0019910176112324395,1.0,1.0,240,1.1463110176112326,1.1423289823887675,TARGET,1,2018.08.10 16:00:00,1,1.0,19.910176112324393,False,False,,,TARGET,1.0
ANCHOR_CPI_SERIES,CPI_TIMELINE_20180810_153000:yy_sum,DERIVED_YY_SUM,,US,USD,CPI y/y Sum,yy_sum,,,0,CALENDAR_TIMEMODE_DATETIME,False,trade_server_time,CALENDAR_UNIT_PERCENT,1,CALENDAR_MULTIPLIER_NONE,True,"840030007,840030008","44763,44764","6955,7095",1533915000,2018.08.10 15:30:00,,,,0.1,Short,True,,1533916800,2018.08.10 16:00:00,1800,1.14432,0.0019910176112324395,1.0,1.0,240,1.1463110176112326,1.1423289823887675,TARGET,1,2018.08.10 16:00:00,1,1.0,19.910176112324393,False,False,,,TARGET,1.0
ANCHOR_CPI_SERIES,CPI_TIMELINE_20180913_153000:headline_mm,840030005,44790,US,USD,CPI Headline m/m,headline_mm,2018.08.01 00:00:00,6678,0,CALENDAR_TIMEMODE_DATETIME,False,trade_server_time,CALENDAR_UNIT_PERCENT,1,CALENDAR_MULTIPLIER_NONE,False,,,,1536852600,2018.09.13 15:30:00,0.2,0.2,,0.0,Flat,False,FLAT_DIRECTION,,,,,,,,,,,,,,,,,,,,,,
ANCHOR_CPI_SERIES,CPI_TIMELINE_20180913_153000:core_mm,840030006,44791,US,USD,CPI Core m/m,core_mm,2018.08.01 00:00:00,6817,0,CALENDAR_TIMEMODE_DATETIME,False,trade_server_time,CALENDAR_UNIT_PERCENT,1,CALENDAR_MULTIPLIER_NONE,False,,,,1536852600,2018.09.13 15:30:00,0.1,0.2,,-0.1,Long,True,,1536854400,2018.09.13 16:00:00,1800,1.16787,0.0012332819455915943,1.0,1.0,240,1.1666367180544084,1.1691032819455915,TARGET,1,2018.09.13 16:00:00,1,1.0,12.332819455915942,False,False,,,TARGET,1.0
ANCHOR_CPI_SERIES,CPI_TIMELINE_20180913_153000:headline_yy,840030007,44792,US,USD,CPI Headline y/y,headline_yy,2018.08.01 00:00:00,6956,0,CALENDAR_TIMEMODE_DATETIME,False,trade_server_time,CALENDAR_UNIT_PERCENT,1,CALENDAR_MULTIPLIER_NONE,False,,,,1536852600,2018.09.13 15:30:00,2.7,2.9,,-0.2,Long,True,,1536854400,2018.09.13 16:00:00,1800,1.16787,0.0012332819455915943,1.0,1.0,240,1.1666367180544084,1.1691032819455915,TARGET,1,2018.09.13 16:00:00,1,1.0,12.332819455915942,False,False,,,TARGET,1.0
ANCHOR_CPI_SERIES,CPI_TIMELINE_20180913_153000:core_yy,840030008,44793,US,USD,CPI Core y/y,core_yy,2018.08.01 00:00:00,7096,0,CALENDAR_TIMEMODE_DATETIME,False,trade_server_time,CALENDAR_UNIT_PERCENT,1,CALENDAR_MULTIPLIER_NONE,False,,,,1536852600,2018.09.13 15:30:00,2.2,2.4,,-0.2,Long,True,,1536854400,2018.09.13 16:00:00,1800,1.16787,0.0012332819455915943,1.0,1.0,240,1.1666367180544084,1.1691032819455915,TARGET,1,2018.09.13 16:00:00,1,1.0,12.332819455915942,False,False,,,TARGET,1.0
ANCHOR_CPI_SERIES,CPI_TIMELINE_20180913_153000:mm_sum,DERIVED_MM_SUM,,US,USD,CPI m/m Sum,mm_sum,,,0,CALENDAR_TIMEMODE_DATETIME,False,trade_server_time,CALENDAR_UNIT_PERCENT,1,CALENDAR_MULTIPLIER_NONE,True,"840030005,840030006","44790,44791","6678,6817",1536852600,2018.09.13 15:30:00,,,,-0.1,Long,True,,1536854400,2018.09.13 16:00:00,1800,1.16787,0.0012332819455915943,1.0,1.0,240,1.1666367180544084,1.1691032819455915,TARGET,1,2018.09.13 16:00:00,1,1.0,12.332819455915942,False,False,,,TARGET,1.0
ANCHOR_CPI_SERIES,CPI_TIMELINE_20180913_153000:yy_sum,DERIVED_YY_SUM,,US,USD,CPI y/y Sum,yy_sum,,,0,CALENDAR_TIMEMODE_DATETIME,False,trade_server_time,CALENDAR_UNIT_PERCENT,1,CALENDAR_MULTIPLIER_NONE,True,"840030007,840030008","44792,44793","6956,7096",1536852600,2018.09.13 15:30:00,,,,-0.4,Long,True,,1536854400,2018.09.13 16:00:00,1800,1.16787,0.0012332819455915943,1.0,1.0,240,1.1666367180544084,1.1691032819455915,TARGET,1,2018.09.13 16:00:00,1,1.0,12.332819455915942,False,False,,,TARGET,1.0
ANCHOR_CPI_SERIES,CPI_TIMELINE_20181011_153000:headline_mm,840030005,44815,US,USD,CPI Headline m/m,headline_mm,2018.09.01 00:00:00,6679,0,CALENDAR_TIMEMODE_DATETIME,False,trade_server_time,CALENDAR_UNIT_PERCENT,1,CALENDAR_MULTIPLIER_NONE,False,,,,1539271800,2018.10.11 15:30:00,0.1,0.2,,-0.1,Long,True,,1539273600,2018.10.11 16:00:00,1800,1.15739,0.001493061098337935,1.0,1.0,240,1.155896938901662,1.1588830610983378,STOP,2,2018.10.11 17:00:00,2,-1.0,-14.93061098337935,False,False,,,STOP,-1.0
ANCHOR_CPI_SERIES,CPI_TIMELINE_20181011_153000:core_mm,840030006,44816,US,USD,CPI Core m/m,core_mm,2018.09.01 00:00:00,6818,0,CALENDAR_TIMEMODE_DATETIME,False,trade_server_time,CALENDAR_UNIT_PERCENT,1,CALENDAR_MULTIPLIER_NONE,False,,,,1539271800,2018.10.11 15:30:00,0.1,0.1,,0.0,Flat,False,FLAT_DIRECTION,,,,,,,,,,,,,,,,,,,,,,
ANCHOR_CPI_SERIES,CPI_TIMELINE_20181011_153000:headline_yy,840030007,44817,US,USD,CPI Headline y/y,headline_yy,2018.09.01 00:00:00,6957,0,CALENDAR_TIMEMODE_DATETIME,False,trade_server_time,CALENDAR_UNIT_PERCENT,1,CALENDAR_MULTIPLIER_NONE,False,,,,1539271800,2018.10.11 15:30:00,2.3,2.7,,-0.4,Long,True,,1539273600,2018.10.11 16:00:00,1800,1.15739,0.001493061098337935,1.0,1.0,240,1.155896938901662,1.1588830610983378,STOP,2,2018.10.11 17:00:00,2,-1.0,-14.93061098337935,False,False,,,STOP,-1.0
ANCHOR_CPI_SERIES,CPI_TIMELINE_20181011_153000:core_yy,840030008,44818,US,USD,CPI Core y/y,core_yy,2018.09.01 00:00:00,7097,0,CALENDAR_TIMEMODE_DATETIME,False,trade_server_time,CALENDAR_UNIT_PERCENT,1,CALENDAR_MULTIPLIER_NONE,False,,,,1539271800,2018.10.11 15:30:00,2.2,2.2,,0.0,Flat,False,FLAT_DIRECTION,,,,,,,,,,,,,,,,,,,,,,
ANCHOR_CPI_SERIES,CPI_TIMELINE_20181011_153000:mm_sum,DERIVED_MM_SUM,,US,USD,CPI m/m Sum,mm_sum,,,0,CALENDAR_TIMEMODE_DATETIME,False,trade_server_time,CALENDAR_UNIT_PERCENT,1,CALENDAR_MULTIPLIER_NONE,True,"840030005,840030006","44815,44816","6679,6818",1539271800,2018.10.11 15:30:00,,,,-0.1,Long,True,,1539273600,2018.10.11 16:00:00,1800,1.15739,0.001493061098337935,1.0,1.0,240,1.155896938901662,1.1588830610983378,STOP,2,2018.10.11 17:00:00,2,-1.0,-14.93061098337935,False,False,,,STOP,-1.0
ANCHOR_CPI_SERIES,CPI_TIMELINE_20181011_153000:yy_sum,DERIVED_YY_SUM,,US,USD,CPI y/y Sum,yy_sum,,,0,CALENDAR_TIMEMODE_DATETIME,False,trade_server_time,CALENDAR_UNIT_PERCENT,1,CALENDAR_MULTIPLIER_NONE,True,"840030007,840030008","44817,44818","6957,7097",1539271800,2018.10.11 15:30:00,,,,-0.4,Long,True,,1539273600,2018.10.11 16:00:00,1800,1.15739,0.001493061098337935,1.0,1.0,240,1.155896938901662,1.1588830610983378,STOP,2,2018.10.11 17:00:00,2,-1.0,-14.93061098337935,False,False,,,STOP,-1.0
ANCHOR_CPI_SERIES,CPI_TIMELINE_20181114_163000:headline_mm,840030005,44845,US,USD,CPI Headline m/m,headline_mm,2018.10.01 00:00:00,6680,0,CALENDAR_TIMEMODE_DATETIME,False,trade_server_time,CALENDAR_UNIT_PERCENT,1,CALENDAR_MULTIPLIER_NONE,False,,,,1542213000,2018.11.14 16:30:00,0.3,0.1,,0.2,Short,True,,1542214800,2018.11.14 17:00:00,1800,1.13331,0.001579212498593849,1.0,1.0,240,1.1348892124985939,1.1317307875014062,TARGET,1,2018.11.14 17:00:00,1,1.0,15.792124985938488,False,False,,,TARGET,1.0
ANCHOR_CPI_SERIES,CPI_TIMELINE_20181114_163000:core_mm,840030006,44846,US,USD,CPI Core m/m,core_mm,2018.10.01 00:00:00,6819,0,CALENDAR_TIMEMODE_DATETIME,False,trade_server_time,CALENDAR_UNIT_PERCENT,1,CALENDAR_MULTIPLIER_NONE,False,,,,1542213000,2018.11.14 16:30:00,0.2,0.1,,0.1,Short,True,,1542214800,2018.11.14 17:00:00,1800,1.13331,0.001579212498593849,1.0,1.0,240,1.1348892124985939,1.1317307875014062,TARGET,1,2018.11.14 17:00:00,1,1.0,15.792124985938488,False,False,,,TARGET,1.0
ANCHOR_CPI_SERIES,CPI_TIMELINE_20181114_163000:headline_yy,840030007,44847,US,USD,CPI Headline y/y,headline_yy,2018.10.01 00:00:00,6958,0,CALENDAR_TIMEMODE_DATETIME,False,trade_server_time,CALENDAR_UNIT_PERCENT,1,CALENDAR_MULTIPLIER_NONE,False,,,,1542213000,2018.11.14 16:30:00,2.5,2.3,,0.2,Short,True,,1542214800,2018.11.14 17:00:00,1800,1.13331,0.001579212498593849,1.0,1.0,240,1.1348892124985939,1.1317307875014062,TARGET,1,2018.11.14 17:00:00,1,1.0,15.792124985938488,False,False,,,TARGET,1.0
ANCHOR_CPI_SERIES,CPI_TIMELINE_20181114_163000:core_yy,840030008,44848,US,USD,CPI Core y/y,core_yy,2018.10.01 00:00:00,7098,0,CALENDAR_TIMEMODE_DATETIME,False,trade_server_time,CALENDAR_UNIT_PERCENT,1,CALENDAR_MULTIPLIER_NONE,False,,,,1542213000,2018.11.14 16:30:00,2.1,2.2,,-0.1,Long,True,,1542214800,2018.11.14 17:00:00,1800,1.13331,0.001579212498593849,1.0,1.0,240,1.1317307875014062,1.1348892124985939,STOP,1,2018.11.14 17:00:00,1,-1.0,-15.792124985938488,False,False,,,STOP,-1.0
ANCHOR_CPI_SERIES,CPI_TIMELINE_20181114_163000:mm_sum,DERIVED_MM_SUM,,US,USD,CPI m/m Sum,mm_sum,,,0,CALENDAR_TIMEMODE_DATETIME,False,trade_server_time,CALENDAR_UNIT_PERCENT,1,CALENDAR_MULTIPLIER_NONE,True,"840030005,840030006","44845,44846","6680,6819",1542213000,2018.11.14 16:30:00,,,,0.3,Short,True,,1542214800,2018.11.14 17:00:00,1800,1.13331,0.001579212498593849,1.0,1.0,240,1.1348892124985939,1.1317307875014062,TARGET,1,2018.11.14 17:00:00,1,1.0,15.792124985938488,False,False,,,TARGET,1.0
ANCHOR_CPI_SERIES,CPI_TIMELINE_20181114_163000:yy_sum,DERIVED_YY_SUM,,US,USD,CPI y/y Sum,yy_sum,,,0,CALENDAR_TIMEMODE_DATETIME,False,trade_server_time,CALENDAR_UNIT_PERCENT,1,CALENDAR_MULTIPLIER_NONE,True,"840030007,840030008","44847,44848","6958,7098",1542213000,2018.11.14 16:30:00,,,,0.1,Short,True,,1542214800,2018.11.14 17:00:00,1800,1.13331,0.001579212498593849,1.0,1.0,240,1.1348892124985939,1.1317307875014062,TARGET,1,2018.11.14 17:00:00,1,1.0,15.792124985938488,False,False,,,TARGET,1.0
ANCHOR_CPI_SERIES,CPI_TIMELINE_20181212_163000:headline_mm,840030005,44872,US,USD,CPI Headline m/m,headline_mm,2018.11.01 00:00:00,6681,0,CALENDAR_TIMEMODE_DATETIME,False,trade_server_time,CALENDAR_UNIT_PERCENT,1,CALENDAR_MULTIPLIER_NONE,False,,,,1544632200,2018.12.12 16:30:00,0.0,0.3,,-0.3,Long,True,,1544634000,2018.12.12 17:00:00,1800,1.1364,0.0014793173360472583,1.0,1.0,240,1.1349206826639529,1.1378793173360473,TARGET,4,2018.12.12 20:00:00,4,1.0,14.793173360472583,False,False,,,TARGET,1.0
ANCHOR_CPI_SERIES,CPI_TIMELINE_20181212_163000:core_mm,840030006,44873,US,USD,CPI Core m/m,core_mm,2018.11.01 00:00:00,6820,0,CALENDAR_TIMEMODE_DATETIME,False,trade_server_time,CALENDAR_UNIT_PERCENT,1,CALENDAR_MULTIPLIER_NONE,False,,,,1544632200,2018.12.12 16:30:00,0.2,0.2,,0.0,Flat,False,FLAT_DIRECTION,,,,,,,,,,,,,,,,,,,,,,
ANCHOR_CPI_SERIES,CPI_TIMELINE_20181212_163000:headline_yy,840030007,44874,US,USD,CPI Headline y/y,headline_yy,2018.11.01 00:00:00,6959,0,CALENDAR_TIMEMODE_DATETIME,False,trade_server_time,CALENDAR_UNIT_PERCENT,1,CALENDAR_MULTIPLIER_NONE,False,,,,1544632200,2018.12.12 16:30:00,2.2,2.5,,-0.3,Long,True,,1544634000,2018.12.12 17:00:00,1800,1.1364,0.0014793173360472583,1.0,1.0,240,1.1349206826639529,1.1378793173360473,TARGET,4,2018.12.12 20:00:00,4,1.0,14.793173360472583,False,False,,,TARGET,1.0
ANCHOR_CPI_SERIES,CPI_TIMELINE_20181212_163000:core_yy,840030008,44875,US,USD,CPI Core y/y,core_yy,2018.11.01 00:00:00,7099,0,CALENDAR_TIMEMODE_DATETIME,False,trade_server_time,CALENDAR_UNIT_PERCENT,1,CALENDAR_MULTIPLIER_NONE,False,,,,1544632200,2018.12.12 16:30:00,2.2,2.1,,0.1,Short,True,,1544634000,2018.12.12 17:00:00,1800,1.1364,0.0014793173360472583,1.0,1.0,240,1.1378793173360473,1.1349206826639529,STOP,4,2018.12.12 20:00:00,4,-1.0,-14.793173360472583,False,False,,,STOP,-1.0
ANCHOR_CPI_SERIES,CPI_TIMELINE_20181212_163000:mm_sum,DERIVED_MM_SUM,,US,USD,CPI m/m Sum,mm_sum,,,0,CALENDAR_TIMEMODE_DATETIME,False,trade_server_time,CALENDAR_UNIT_PERCENT,1,CALENDAR_MULTIPLIER_NONE,True,"840030005,840030006","44872,44873","6681,6820",1544632200,2018.12.12 16:30:00,,,,-0.3,Long,True,,1544634000,2018.12.12 17:00:00,1800,1.1364,0.0014793173360472583,1.0,1.0,240,1.1349206826639529,1.1378793173360473,TARGET,4,2018.12.12 20:00:00,4,1.0,14.793173360472583,False,False,,,TARGET,1.0
ANCHOR_CPI_SERIES,CPI_TIMELINE_20181212_163000:yy_sum,DERIVED_YY_SUM,,US,USD,CPI y/y Sum,yy_sum,,,0,CALENDAR_TIMEMODE_DATETIME,False,trade_server_time,CALENDAR_UNIT_PERCENT,1,CALENDAR_MULTIPLIER_NONE,True,"840030007,840030008","44874,44875","6959,7099",1544632200,2018.12.12 16:30:00,,,,-0.2,Long,True,,1544634000,2018.12.12 17:00:00,1800,1.1364,0.0014793173360472583,1.0,1.0,240,1.1349206826639529,1.1378793173360473,TARGET,4,2018.12.12 20:00:00,4,1.0,14.793173360472583,False,False,,,TARGET,1.0
ANCHOR_CPI_SERIES,CPI_TIMELINE_20190111_163000:headline_mm,840030005,61573,US,USD,CPI Headline m/m,headline_mm,2018.12.01 00:00:00,6682,0,CALENDAR_TIMEMODE_DATETIME,False,trade_server_time,CALENDAR_UNIT_PERCENT,1,CALENDAR_MULTIPLIER_NONE,False,,,,1547224200,2019.01.11 16:30:00,-0.1,0.0,,-0.1,Long,True,,1547226000,2019.01.11 17:00:00,1800,1.14696,0.0013787075734720123,1.0,1.0,240,1.145581292426528,1.148338707573472,TARGET,3,2019.01.11 19:00:00,3,1.0,13.787075734720123,False,False,,,TARGET,1.0
ANCHOR_CPI_SERIES,CPI_TIMELINE_20190111_163000:core_mm,840030006,61576,US,USD,CPI Core m/m,core_mm,2018.12.01 00:00:00,6821,0,CALENDAR_TIMEMODE_DATETIME,False,trade_server_time,CALENDAR_UNIT_PERCENT,1,CALENDAR_MULTIPLIER_NONE,False,,,,1547224200,2019.01.11 16:30:00,0.2,0.2,,0.0,Flat,False,FLAT_DIRECTION,,,,,,,,,,,,,,,,,,,,,,
ANCHOR_CPI_SERIES,CPI_TIMELINE_20190111_163000:headline_yy,840030007,61574,US,USD,CPI Headline y/y,headline_yy,2018.12.01 00:00:00,6960,0,CALENDAR_TIMEMODE_DATETIME,False,trade_server_time,CALENDAR_UNIT_PERCENT,1,CALENDAR_MULTIPLIER_NONE,False,,,,1547224200,2019.01.11 16:30:00,1.9,2.2,,-0.3,Long,True,,1547226000,2019.01.11 17:00:00,1800,1.14696,0.0013787075734720123,1.0,1.0,240,1.145581292426528,1.148338707573472,TARGET,3,2019.01.11 19:00:00,3,1.0,13.787075734720123,False,False,,,TARGET,1.0
ANCHOR_CPI_SERIES,CPI_TIMELINE_20190111_163000:core_yy,840030008,61575,US,USD,CPI Core y/y,core_yy,2018.12.01 00:00:00,7100,0,CALENDAR_TIMEMODE_DATETIME,False,trade_server_time,CALENDAR_UNIT_PERCENT,1,CALENDAR_MULTIPLIER_NONE,False,,,,1547224200,2019.01.11 16:30:00,2.2,2.2,,0.0,Flat,False,FLAT_DIRECTION,,,,,,,,,,,,,,,,,,,,,,
ANCHOR_CPI_SERIES,CPI_TIMELINE_20190111_163000:mm_sum,DERIVED_MM_SUM,,US,USD,CPI m/m Sum,mm_sum,,,0,CALENDAR_TIMEMODE_DATETIME,False,trade_server_time,CALENDAR_UNIT_PERCENT,1,CALENDAR_MULTIPLIER_NONE,True,"840030005,840030006","61573,61576","6682,6821",1547224200,2019.01.11 16:30:00,,,,-0.1,Long,True,,1547226000,2019.01.11 17:00:00,1800,1.14696,0.0013787075734720123,1.0,1.0,240,1.145581292426528,1.148338707573472,TARGET,3,2019.01.11 19:00:00,3,1.0,13.787075734720123,False,False,,,TARGET,1.0
ANCHOR_CPI_SERIES,CPI_TIMELINE_20190111_163000:yy_sum,DERIVED_YY_SUM,,US,USD,CPI y/y Sum,yy_sum,,,0,CALENDAR_TIMEMODE_DATETIME,False,trade_server_time,CALENDAR_UNIT_PERCENT,1,CALENDAR_MULTIPLIER_NONE,True,"840030007,840030008","61574,61575","6960,7100",1547224200,2019.01.11 16:30:00,,,,-0.3,Long,True,,1547226000,2019.01.11 17:00:00,1800,1.14696,0.0013787075734720123,1.0,1.0,240,1.145581292426528,1.148338707573472,TARGET,3,2019.01.11 19:00:00,3,1.0,13.787075734720123,False,False,,,TARGET,1.0
ANCHOR_CPI_SERIES,CPI_TIMELINE_20190213_163000:headline_mm,840030005,61603,US,USD,CPI Headline m/m,headline_mm,2019.01.01 00:00:00,6683,0,CALENDAR_TIMEMODE_DATETIME,False,trade_server_time,CALENDAR_UNIT_PERCENT,1,CALENDAR_MULTIPLIER_NONE,False,,,,1550075400,2019.02.13 16:30:00,0.0,-0.1,0.0,0.1,Short,True,,1550077200,2019.02.13 17:00:00,1800,1.12979,0.001230364951553547,1.0,1.0,240,1.1310203649515536,1.1285596350484466,TARGET,1,2019.02.13 17:00:00,1,1.0,12.303649515535469,False,False,,,TARGET,1.0
ANCHOR_CPI_SERIES,CPI_TIMELINE_20190213_163000:core_mm,840030006,61606,US,USD,CPI Core m/m,core_mm,2019.01.01 00:00:00,6822,0,CALENDAR_TIMEMODE_DATETIME,False,trade_server_time,CALENDAR_UNIT_PERCENT,1,CALENDAR_MULTIPLIER_NONE,False,,,,1550075400,2019.02.13 16:30:00,0.2,0.2,,0.0,Flat,False,FLAT_DIRECTION,,,,,,,,,,,,,,,,,,,,,,
ANCHOR_CPI_SERIES,CPI_TIMELINE_20190213_163000:headline_yy,840030007,61604,US,USD,CPI Headline y/y,headline_yy,2019.01.01 00:00:00,6961,0,CALENDAR_TIMEMODE_DATETIME,False,trade_server_time,CALENDAR_UNIT_PERCENT,1,CALENDAR_MULTIPLIER_NONE,False,,,,1550075400,2019.02.13 16:30:00,1.6,1.9,,-0.3,Long,True,,1550077200,2019.02.13 17:00:00,1800,1.12979,0.001230364951553547,1.0,1.0,240,1.1285596350484466,1.1310203649515536,STOP,1,2019.02.13 17:00:00,1,-1.0,-12.303649515535469,False,False,,,STOP,-1.0
ANCHOR_CPI_SERIES,CPI_TIMELINE_20190213_163000:core_yy,840030008,61605,US,USD,CPI Core y/y,core_yy,2019.01.01 00:00:00,7101,0,CALENDAR_TIMEMODE_DATETIME,False,trade_server_time,CALENDAR_UNIT_PERCENT,1,CALENDAR_MULTIPLIER_NONE,False,,,,1550075400,2019.02.13 16:30:00,2.2,2.2,,0.0,Flat,False,FLAT_DIRECTION,,,,,,,,,,,,,,,,,,,,,,
ANCHOR_CPI_SERIES,CPI_TIMELINE_20190213_163000:mm_sum,DERIVED_MM_SUM,,US,USD,CPI m/m Sum,mm_sum,,,0,CALENDAR_TIMEMODE_DATETIME,False,trade_server_time,CALENDAR_UNIT_PERCENT,1,CALENDAR_MULTIPLIER_NONE,True,"840030005,840030006","61603,61606","6683,6822",1550075400,2019.02.13 16:30:00,,,,0.1,Short,True,,1550077200,2019.02.13 17:00:00,1800,1.12979,0.001230364951553547,1.0,1.0,240,1.1310203649515536,1.1285596350484466,TARGET,1,2019.02.13 17:00:00,1,1.0,12.303649515535469,False,False,,,TARGET,1.0
ANCHOR_CPI_SERIES,CPI_TIMELINE_20190213_163000:yy_sum,DERIVED_YY_SUM,,US,USD,CPI y/y Sum,yy_sum,,,0,CALENDAR_TIMEMODE_DATETIME,False,trade_server_time,CALENDAR_UNIT_PERCENT,1,CALENDAR_MULTIPLIER_NONE,True,"840030007,840030008","61604,61605","6961,7101",1550075400,2019.02.13 16:30:00,,,,-0.3,Long,True,,1550077200,2019.02.13 17:00:00,1800,1.12979,0.001230364951553547,1.0,1.0,240,1.1285596350484466,1.1310203649515536,STOP,1,2019.02.13 17:00:00,1,-1.0,-12.303649515535469,False,False,,,STOP,-1.0
ANCHOR_CPI_SERIES,CPI_TIMELINE_20190312_153000:headline_mm,840030005,61631,US,USD,CPI Headline m/m,headline_mm,2019.02.01 00:00:00,6684,0,CALENDAR_TIMEMODE_DATETIME,False,trade_server_time,CALENDAR_UNIT_PERCENT,1,CALENDAR_MULTIPLIER_NONE,False,,,,1552404600,2019.03.12 15:30:00,0.2,0.0,,0.2,Short,True,,1552406400,2019.03.12 16:00:00,1800,1.12794,0.001321836265257925,1.0,1.0,240,1.1292618362652578,1.126618163734742,STOP,2,2019.03.12 17:00:00,2,-1.0,-13.21836265257925,False,False,,,STOP,-1.0
ANCHOR_CPI_SERIES,CPI_TIMELINE_20190312_153000:core_mm,840030006,61634,US,USD,CPI Core m/m,core_mm,2019.02.01 00:00:00,6823,0,CALENDAR_TIMEMODE_DATETIME,False,trade_server_time,CALENDAR_UNIT_PERCENT,1,CALENDAR_MULTIPLIER_NONE,False,,,,1552404600,2019.03.12 15:30:00,0.1,0.2,,-0.1,Long,True,,1552406400,2019.03.12 16:00:00,1800,1.12794,0.001321836265257925,1.0,1.0,240,1.126618163734742,1.1292618362652578,TARGET,2,2019.03.12 17:00:00,2,1.0,13.21836265257925,False,False,,,TARGET,1.0
ANCHOR_CPI_SERIES,CPI_TIMELINE_20190312_153000:headline_yy,840030007,61632,US,USD,CPI Headline y/y,headline_yy,2019.02.01 00:00:00,6962,0,CALENDAR_TIMEMODE_DATETIME,False,trade_server_time,CALENDAR_UNIT_PERCENT,1,CALENDAR_MULTIPLIER_NONE,False,,,,1552404600,2019.03.12 15:30:00,1.5,1.6,,-0.1,Long,True,,1552406400,2019.03.12 16:00:00,1800,1.12794,0.001321836265257925,1.0,1.0,240,1.126618163734742,1.1292618362652578,TARGET,2,2019.03.12 17:00:00,2,1.0,13.21836265257925,False,False,,,TARGET,1.0
ANCHOR_CPI_SERIES,CPI_TIMELINE_20190312_153000:core_yy,840030008,61633,US,USD,CPI Core y/y,core_yy,2019.02.01 00:00:00,7102,0,CALENDAR_TIMEMODE_DATETIME,False,trade_server_time,CALENDAR_UNIT_PERCENT,1,CALENDAR_MULTIPLIER_NONE,False,,,,1552404600,2019.03.12 15:30:00,2.1,2.2,,-0.1,Long,True,,1552406400,2019.03.12 16:00:00,1800,1.12794,0.001321836265257925,1.0,1.0,240,1.126618163734742,1.1292618362652578,TARGET,2,2019.03.12 17:00:00,2,1.0,13.21836265257925,False,False,,,TARGET,1.0
ANCHOR_CPI_SERIES,CPI_TIMELINE_20190312_153000:mm_sum,DERIVED_MM_SUM,,US,USD,CPI m/m Sum,mm_sum,,,0,CALENDAR_TIMEMODE_DATETIME,False,trade_server_time,CALENDAR_UNIT_PERCENT,1,CALENDAR_MULTIPLIER_NONE,True,"840030005,840030006","61631,61634","6684,6823",1552404600,2019.03.12 15:30:00,,,,0.1,Short,True,,1552406400,2019.03.12 16:00:00,1800,1.12794,0.001321836265257925,1.0,1.0,240,1.1292618362652578,1.126618163734742,STOP,2,2019.03.12 17:00:00,2,-1.0,-13.21836265257925,False,False,,,STOP,-1.0
ANCHOR_CPI_SERIES,CPI_TIMELINE_20190312_153000:yy_sum,DERIVED_YY_SUM,,US,USD,CPI y/y Sum,yy_sum,,,0,CALENDAR_TIMEMODE_DATETIME,False,trade_server_time,CALENDAR_UNIT_PERCENT,1,CALENDAR_MULTIPLIER_NONE,True,"840030007,840030008","61632,61633","6962,7102",1552404600,2019.03.12 15:30:00,,,,-0.2,Long,True,,1552406400,2019.03.12 16:00:00,1800,1.12794,0.001321836265257925,1.0,1.0,240,1.126618163734742,1.1292618362652578,TARGET,2,2019.03.12 17:00:00,2,1.0,13.21836265257925,False,False,,,TARGET,1.0
ANCHOR_CPI_SERIES,CPI_TIMELINE_20190410_153000:headline_mm,840030005,61655,US,USD,CPI Headline m/m,headline_mm,2019.03.01 00:00:00,6685,0,CALENDAR_TIMEMODE_DATETIME,False,trade_server_time,CALENDAR_UNIT_PERCENT,1,CALENDAR_MULTIPLIER_NONE,False,,,,1554910200,2019.04.10 15:30:00,0.4,0.2,,0.2,Short,True,,1554912000,2019.04.10 16:00:00,1800,1.12558,0.0007808242302409787,1.0,1.0,240,1.126360824230241,1.124799175769759,TARGET,1,2019.04.10 16:00:00,1,1.0,7.808242302409787,False,False,,,TARGET,1.0
ANCHOR_CPI_SERIES,CPI_TIMELINE_20190410_153000:core_mm,840030006,61658,US,USD,CPI Core m/m,core_mm,2019.03.01 00:00:00,6824,0,CALENDAR_TIMEMODE_DATETIME,False,trade_server_time,CALENDAR_UNIT_PERCENT,1,CALENDAR_MULTIPLIER_NONE,False,,,,1554910200,2019.04.10 15:30:00,0.1,0.1,,0.0,Flat,False,FLAT_DIRECTION,,,,,,,,,,,,,,,,,,,,,,
ANCHOR_CPI_SERIES,CPI_TIMELINE_20190410_153000:headline_yy,840030007,61656,US,USD,CPI Headline y/y,headline_yy,2019.03.01 00:00:00,6963,0,CALENDAR_TIMEMODE_DATETIME,False,trade_server_time,CALENDAR_UNIT_PERCENT,1,CALENDAR_MULTIPLIER_NONE,False,,,,1554910200,2019.04.10 15:30:00,1.9,1.5,,0.4,Short,True,,1554912000,2019.04.10 16:00:00,1800,1.12558,0.0007808242302409787,1.0,1.0,240,1.126360824230241,1.124799175769759,TARGET,1,2019.04.10 16:00:00,1,1.0,7.808242302409787,False,False,,,TARGET,1.0
ANCHOR_CPI_SERIES,CPI_TIMELINE_20190410_153000:core_yy,840030008,61657,US,USD,CPI Core y/y,core_yy,2019.03.01 00:00:00,7103,0,CALENDAR_TIMEMODE_DATETIME,False,trade_server_time,CALENDAR_UNIT_PERCENT,1,CALENDAR_MULTIPLIER_NONE,False,,,,1554910200,2019.04.10 15:30:00,2.0,2.1,,-0.1,Long,True,,1554912000,2019.04.10 16:00:00,1800,1.12558,0.0007808242302409787,1.0,1.0,240,1.124799175769759,1.126360824230241,STOP,1,2019.04.10 16:00:00,1,-1.0,-7.808242302409787,False,False,,,STOP,-1.0
ANCHOR_CPI_SERIES,CPI_TIMELINE_20190410_153000:mm_sum,DERIVED_MM_SUM,,US,USD,CPI m/m Sum,mm_sum,,,0,CALENDAR_TIMEMODE_DATETIME,False,trade_server_time,CALENDAR_UNIT_PERCENT,1,CALENDAR_MULTIPLIER_NONE,True,"840030005,840030006","61655,61658","6685,6824",1554910200,2019.04.10 15:30:00,,,,0.2,Short,True,,1554912000,2019.04.10 16:00:00,1800,1.12558,0.0007808242302409787,1.0,1.0,240,1.126360824230241,1.124799175769759,TARGET,1,2019.04.10 16:00:00,1,1.0,7.808242302409787,False,False,,,TARGET,1.0
ANCHOR_CPI_SERIES,CPI_TIMELINE_20190410_153000:yy_sum,DERIVED_YY_SUM,,US,USD,CPI y/y Sum,yy_sum,,,0,CALENDAR_TIMEMODE_DATETIME,False,trade_server_time,CALENDAR_UNIT_PERCENT,1,CALENDAR_MULTIPLIER_NONE,True,"840030007,840030008","61656,61657","6963,7103",1554910200,2019.04.10 15:30:00,,,,0.3,Short,True,,1554912000,2019.04.10 16:00:00,1800,1.12558,0.0007808242302409787,1.0,1.0,240,1.126360824230241,1.124799175769759,TARGET,1,2019.04.10 16:00:00,1,1.0,7.808242302409787,False,False,,,TARGET,1.0
ANCHOR_CPI_SERIES,CPI_TIMELINE_20190510_153000:headline_mm,840030005,61688,US,USD,CPI Headline m/m,headline_mm,2019.04.01 00:00:00,6686,0,CALENDAR_TIMEMODE_DATETIME,False,trade_server_time,CALENDAR_UNIT_PERCENT,1,CALENDAR_MULTIPLIER_NONE,False,,,,1557502200,2019.05.10 15:30:00,0.3,0.4,,-0.1,Long,True,,1557504000,2019.05.10 16:00:00,1800,1.12416,0.0009995080189855031,1.0,1.0,240,1.1231604919810145,1.1251595080189856,TARGET,2,2019.05.10 17:00:00,2,1.0,9.995080189855031,False,False,,,TARGET,1.0
ANCHOR_CPI_SERIES,CPI_TIMELINE_20190510_153000:core_mm,840030006,61691,US,USD,CPI Core m/m,core_mm,2019.04.01 00:00:00,6825,0,CALENDAR_TIMEMODE_DATETIME,False,trade_server_time,CALENDAR_UNIT_PERCENT,1,CALENDAR_MULTIPLIER_NONE,False,,,,1557502200,2019.05.10 15:30:00,0.1,0.1,,0.0,Flat,False,FLAT_DIRECTION,,,,,,,,,,,,,,,,,,,,,,
ANCHOR_CPI_SERIES,CPI_TIMELINE_20190510_153000:headline_yy,840030007,61689,US,USD,CPI Headline y/y,headline_yy,2019.04.01 00:00:00,6964,0,CALENDAR_TIMEMODE_DATETIME,False,trade_server_time,CALENDAR_UNIT_PERCENT,1,CALENDAR_MULTIPLIER_NONE,False,,,,1557502200,2019.05.10 15:30:00,2.0,1.9,,0.1,Short,True,,1557504000,2019.05.10 16:00:00,1800,1.12416,0.0009995080189855031,1.0,1.0,240,1.1251595080189856,1.1231604919810145,STOP,2,2019.05.10 17:00:00,2,-1.0,-9.995080189855031,False,False,,,STOP,-1.0
ANCHOR_CPI_SERIES,CPI_TIMELINE_20190510_153000:core_yy,840030008,61690,US,USD,CPI Core y/y,core_yy,2019.04.01 00:00:00,7104,0,CALENDAR_TIMEMODE_DATETIME,False,trade_server_time,CALENDAR_UNIT_PERCENT,1,CALENDAR_MULTIPLIER_NONE,False,,,,1557502200,2019.05.10 15:30:00,2.1,2.0,,0.1,Short,True,,1557504000,2019.05.10 16:00:00,1800,1.12416,0.0009995080189855031,1.0,1.0,240,1.1251595080189856,1.1231604919810145,STOP,2,2019.05.10 17:00:00,2,-1.0,-9.995080189855031,False,False,,,STOP,-1.0
ANCHOR_CPI_SERIES,CPI_TIMELINE_20190510_153000:mm_sum,DERIVED_MM_SUM,,US,USD,CPI m/m Sum,mm_sum,,,0,CALENDAR_TIMEMODE_DATETIME,False,trade_server_time,CALENDAR_UNIT_PERCENT,1,CALENDAR_MULTIPLIER_NONE,True,"840030005,840030006","61688,61691","6686,6825",1557502200,2019.05.10 15:30:00,,,,-0.1,Long,True,,1557504000,2019.05.10 16:00:00,1800,1.12416,0.0009995080189855031,1.0,1.0,240,1.1231604919810145,1.1251595080189856,TARGET,2,2019.05.10 17:00:00,2,1.0,9.995080189855031,False,False,,,TARGET,1.0
ANCHOR_CPI_SERIES,CPI_TIMELINE_20190510_153000:yy_sum,DERIVED_YY_SUM,,US,USD,CPI y/y Sum,yy_sum,,,0,CALENDAR_TIMEMODE_DATETIME,False,trade_server_time,CALENDAR_UNIT_PERCENT,1,CALENDAR_MULTIPLIER_NONE,True,"840030007,840030008","61689,61690","6964,7104",1557502200,2019.05.10 15:30:00,,,,0.2,Short,True,,1557504000,2019.05.10 16:00:00,1800,1.12416,0.0009995080189855031,1.0,1.0,240,1.1251595080189856,1.1231604919810145,STOP,2,2019.05.10 17:00:00,2,-1.0,-9.995080189855031,False,False,,,STOP,-1.0
ANCHOR_CPI_SERIES,CPI_TIMELINE_20190612_153000:headline_mm,840030005,61715,US,USD,CPI Headline m/m,headline_mm,2019.05.01 00:00:00,6687,0,CALENDAR_TIMEMODE_DATETIME,False,trade_server_time,CALENDAR_UNIT_PERCENT,1,CALENDAR_MULTIPLIER_NONE,False,,,,1560353400,2019.06.12 15:30:00,0.1,0.3,,-0.2,Long,True,,1560355200,2019.06.12 16:00:00,1800,1.13193,0.0009339240734122544,1.0,1.0,240,1.1309960759265878,1.1328639240734124,STOP,1,2019.06.12 16:00:00,1,-1.0,-9.339240734122544,False,False,,,STOP,-1.0
ANCHOR_CPI_SERIES,CPI_TIMELINE_20190612_153000:core_mm,840030006,61718,US,USD,CPI Core m/m,core_mm,2019.05.01 00:00:00,6826,0,CALENDAR_TIMEMODE_DATETIME,False,trade_server_time,CALENDAR_UNIT_PERCENT,1,CALENDAR_MULTIPLIER_NONE,False,,,,1560353400,2019.06.12 15:30:00,0.1,0.1,,0.0,Flat,False,FLAT_DIRECTION,,,,,,,,,,,,,,,,,,,,,,
ANCHOR_CPI_SERIES,CPI_TIMELINE_20190612_153000:headline_yy,840030007,61716,US,USD,CPI Headline y/y,headline_yy,2019.05.01 00:00:00,6965,0,CALENDAR_TIMEMODE_DATETIME,False,trade_server_time,CALENDAR_UNIT_PERCENT,1,CALENDAR_MULTIPLIER_NONE,False,,,,1560353400,2019.06.12 15:30:00,1.8,2.0,,-0.2,Long,True,,1560355200,2019.06.12 16:00:00,1800,1.13193,0.0009339240734122544,1.0,1.0,240,1.1309960759265878,1.1328639240734124,STOP,1,2019.06.12 16:00:00,1,-1.0,-9.339240734122544,False,False,,,STOP,-1.0
ANCHOR_CPI_SERIES,CPI_TIMELINE_20190612_153000:core_yy,840030008,61717,US,USD,CPI Core y/y,core_yy,2019.05.01 00:00:00,7105,0,CALENDAR_TIMEMODE_DATETIME,False,trade_server_time,CALENDAR_UNIT_PERCENT,1,CALENDAR_MULTIPLIER_NONE,False,,,,1560353400,2019.06.12 15:30:00,2.0,2.1,,-0.1,Long,True,,1560355200,2019.06.12 16:00:00,1800,1.13193,0.0009339240734122544,1.0,1.0,240,1.1309960759265878,1.1328639240734124,STOP,1,2019.06.12 16:00:00,1,-1.0,-9.339240734122544,False,False,,,STOP,-1.0
ANCHOR_CPI_SERIES,CPI_TIMELINE_20190612_153000:mm_sum,DERIVED_MM_SUM,,US,USD,CPI m/m Sum,mm_sum,,,0,CALENDAR_TIMEMODE_DATETIME,False,trade_server_time,CALENDAR_UNIT_PERCENT,1,CALENDAR_MULTIPLIER_NONE,True,"840030005,840030006","61715,61718","6687,6826",1560353400,2019.06.12 15:30:00,,,,-0.2,Long,True,,1560355200,2019.06.12 16:00:00,1800,1.13193,0.0009339240734122544,1.0,1.0,240,1.1309960759265878,1.1328639240734124,STOP,1,2019.06.12 16:00:00,1,-1.0,-9.339240734122544,False,False,,,STOP,-1.0
ANCHOR_CPI_SERIES,CPI_TIMELINE_20190612_153000:yy_sum,DERIVED_YY_SUM,,US,USD,CPI y/y Sum,yy_sum,,,0,CALENDAR_TIMEMODE_DATETIME,False,trade_server_time,CALENDAR_UNIT_PERCENT,1,CALENDAR_MULTIPLIER_NONE,True,"840030007,840030008","61716,61717","6965,7105",1560353400,2019.06.12 15:30:00,,,,-0.3,Long,True,,1560355200,2019.06.12 16:00:00,1800,1.13193,0.0009339240734122544,1.0,1.0,240,1.1309960759265878,1.1328639240734124,STOP,1,2019.06.12 16:00:00,1,-1.0,-9.339240734122544,False,False,,,STOP,-1.0
ANCHOR_CPI_SERIES,CPI_TIMELINE_20190711_153000:headline_mm,840030005,61736,US,USD,CPI Headline m/m,headline_mm,2019.06.01 00:00:00,6688,0,CALENDAR_TIMEMODE_DATETIME,False,trade_server_time,CALENDAR_UNIT_PERCENT,1,CALENDAR_MULTIPLIER_NONE,False,,,,1562859000,2019.07.11 15:30:00,0.1,0.1,,0.0,Flat,False,FLAT_DIRECTION,,,,,,,,,,,,,,,,,,,,,,
ANCHOR_CPI_SERIES,CPI_TIMELINE_20190711_153000:core_mm,840030006,61739,US,USD,CPI Core m/m,core_mm,2019.06.01 00:00:00,6827,0,CALENDAR_TIMEMODE_DATETIME,False,trade_server_time,CALENDAR_UNIT_PERCENT,1,CALENDAR_MULTIPLIER_NONE,False,,,,1562859000,2019.07.11 15:30:00,0.3,0.1,,0.2,Short,True,,1562860800,2019.07.11 16:00:00,1800,1.12671,0.0008902120839392777,1.0,1.0,240,1.1276002120839395,1.1258197879160607,TARGET,1,2019.07.11 16:00:00,1,1.0,8.902120839392776,False,False,,,TARGET,1.0
ANCHOR_CPI_SERIES,CPI_TIMELINE_20190711_153000:headline_yy,840030007,61737,US,USD,CPI Headline y/y,headline_yy,2019.06.01 00:00:00,6966,0,CALENDAR_TIMEMODE_DATETIME,False,trade_server_time,CALENDAR_UNIT_PERCENT,1,CALENDAR_MULTIPLIER_NONE,False,,,,1562859000,2019.07.11 15:30:00,1.6,1.8,,-0.2,Long,True,,1562860800,2019.07.11 16:00:00,1800,1.12671,0.0008902120839392777,1.0,1.0,240,1.1258197879160607,1.1276002120839395,STOP,1,2019.07.11 16:00:00,1,-1.0,-8.902120839392776,False,False,,,STOP,-1.0
ANCHOR_CPI_SERIES,CPI_TIMELINE_20190711_153000:core_yy,840030008,61738,US,USD,CPI Core y/y,core_yy,2019.06.01 00:00:00,7106,0,CALENDAR_TIMEMODE_DATETIME,False,trade_server_time,CALENDAR_UNIT_PERCENT,1,CALENDAR_MULTIPLIER_NONE,False,,,,1562859000,2019.07.11 15:30:00,2.1,2.0,,0.1,Short,True,,1562860800,2019.07.11 16:00:00,1800,1.12671,0.0008902120839392777,1.0,1.0,240,1.1276002120839395,1.1258197879160607,TARGET,1,2019.07.11 16:00:00,1,1.0,8.902120839392776,False,False,,,TARGET,1.0
ANCHOR_CPI_SERIES,CPI_TIMELINE_20190711_153000:mm_sum,DERIVED_MM_SUM,,US,USD,CPI m/m Sum,mm_sum,,,0,CALENDAR_TIMEMODE_DATETIME,False,trade_server_time,CALENDAR_UNIT_PERCENT,1,CALENDAR_MULTIPLIER_NONE,True,"840030005,840030006","61736,61739","6688,6827",1562859000,2019.07.11 15:30:00,,,,0.2,Short,True,,1562860800,2019.07.11 16:00:00,1800,1.12671,0.0008902120839392777,1.0,1.0,240,1.1276002120839395,1.1258197879160607,TARGET,1,2019.07.11 16:00:00,1,1.0,8.902120839392776,False,False,,,TARGET,1.0
ANCHOR_CPI_SERIES,CPI_TIMELINE_20190711_153000:yy_sum,DERIVED_YY_SUM,,US,USD,CPI y/y Sum,yy_sum,,,0,CALENDAR_TIMEMODE_DATETIME,False,trade_server_time,CALENDAR_UNIT_PERCENT,1,CALENDAR_MULTIPLIER_NONE,True,"840030007,840030008","61737,61738","6966,7106",1562859000,2019.07.11 15:30:00,,,,-0.1,Long,True,,1562860800,2019.07.11 16:00:00,1800,1.12671,0.0008902120839392777,1.0,1.0,240,1.1258197879160607,1.1276002120839395,STOP,1,2019.07.11 16:00:00,1,-1.0,-8.902120839392776,False,False,,,STOP,-1.0
ANCHOR_CPI_SERIES,CPI_TIMELINE_20190813_153000:headline_mm,840030005,61767,US,USD,CPI Headline m/m,headline_mm,2019.07.01 00:00:00,6689,0,CALENDAR_TIMEMODE_DATETIME,False,trade_server_time,CALENDAR_UNIT_PERCENT,1,CALENDAR_MULTIPLIER_NONE,False,,,,1565710200,2019.08.13 15:30:00,0.3,0.1,,0.2,Short,True,,1565712000,2019.08.13 16:00:00,1800,1.12163,0.0011198904910056427,1.0,1.0,240,1.1227498904910056,1.1205101095089942,TARGET,1,2019.08.13 16:00:00,1,1.0,11.198904910056427,False,False,,,TARGET,1.0
ANCHOR_CPI_SERIES,CPI_TIMELINE_20190813_153000:core_mm,840030006,61770,US,USD,CPI Core m/m,core_mm,2019.07.01 00:00:00,6828,0,CALENDAR_TIMEMODE_DATETIME,False,trade_server_time,CALENDAR_UNIT_PERCENT,1,CALENDAR_MULTIPLIER_NONE,False,,,,1565710200,2019.08.13 15:30:00,0.3,0.3,,0.0,Flat,False,FLAT_DIRECTION,,,,,,,,,,,,,,,,,,,,,,
ANCHOR_CPI_SERIES,CPI_TIMELINE_20190813_153000:headline_yy,840030007,61768,US,USD,CPI Headline y/y,headline_yy,2019.07.01 00:00:00,6967,0,CALENDAR_TIMEMODE_DATETIME,False,trade_server_time,CALENDAR_UNIT_PERCENT,1,CALENDAR_MULTIPLIER_NONE,False,,,,1565710200,2019.08.13 15:30:00,1.8,1.6,,0.2,Short,True,,1565712000,2019.08.13 16:00:00,1800,1.12163,0.0011198904910056427,1.0,1.0,240,1.1227498904910056,1.1205101095089942,TARGET,1,2019.08.13 16:00:00,1,1.0,11.198904910056427,False,False,,,TARGET,1.0
ANCHOR_CPI_SERIES,CPI_TIMELINE_20190813_153000:core_yy,840030008,61769,US,USD,CPI Core y/y,core_yy,2019.07.01 00:00:00,7107,0,CALENDAR_TIMEMODE_DATETIME,False,trade_server_time,CALENDAR_UNIT_PERCENT,1,CALENDAR_MULTIPLIER_NONE,False,,,,1565710200,2019.08.13 15:30:00,2.2,2.1,,0.1,Short,True,,1565712000,2019.08.13 16:00:00,1800,1.12163,0.0011198904910056427,1.0,1.0,240,1.1227498904910056,1.1205101095089942,TARGET,1,2019.08.13 16:00:00,1,1.0,11.198904910056427,False,False,,,TARGET,1.0
ANCHOR_CPI_SERIES,CPI_TIMELINE_20190813_153000:mm_sum,DERIVED_MM_SUM,,US,USD,CPI m/m Sum,mm_sum,,,0,CALENDAR_TIMEMODE_DATETIME,False,trade_server_time,CALENDAR_UNIT_PERCENT,1,CALENDAR_MULTIPLIER_NONE,True,"840030005,840030006","61767,61770","6689,6828",1565710200,2019.08.13 15:30:00,,,,0.2,Short,True,,1565712000,2019.08.13 16:00:00,1800,1.12163,0.0011198904910056427,1.0,1.0,240,1.1227498904910056,1.1205101095089942,TARGET,1,2019.08.13 16:00:00,1,1.0,11.198904910056427,False,False,,,TARGET,1.0
ANCHOR_CPI_SERIES,CPI_TIMELINE_20190813_153000:yy_sum,DERIVED_YY_SUM,,US,USD,CPI y/y Sum,yy_sum,,,0,CALENDAR_TIMEMODE_DATETIME,False,trade_server_time,CALENDAR_UNIT_PERCENT,1,CALENDAR_MULTIPLIER_NONE,True,"840030007,840030008","61768,61769","6967,7107",1565710200,2019.08.13 15:30:00,,,,0.3,Short,True,,1565712000,2019.08.13 16:00:00,1800,1.12163,0.0011198904910056427,1.0,1.0,240,1.1227498904910056,1.1205101095089942,TARGET,1,2019.08.13 16:00:00,1,1.0,11.198904910056427,False,False,,,TARGET,1.0
ANCHOR_CPI_SERIES,CPI_TIMELINE_20190912_153000:headline_mm,840030005,61796,US,USD,CPI Headline m/m,headline_mm,2019.08.01 00:00:00,6690,0,CALENDAR_TIMEMODE_DATETIME,False,trade_server_time,CALENDAR_UNIT_PERCENT,1,CALENDAR_MULTIPLIER_NONE,False,,,,1568302200,2019.09.12 15:30:00,0.1,0.3,,-0.2,Long,True,,1568304000,2019.09.12 16:00:00,1800,1.09455,0.0014838812549408907,1.0,1.0,240,1.093066118745059,1.0960338812549408,TARGET,1,2019.09.12 16:00:00,1,1.0,14.838812549408907,False,False,,,TARGET,1.0
ANCHOR_CPI_SERIES,CPI_TIMELINE_20190912_153000:core_mm,840030006,61799,US,USD,CPI Core m/m,core_mm,2019.08.01 00:00:00,6829,0,CALENDAR_TIMEMODE_DATETIME,False,trade_server_time,CALENDAR_UNIT_PERCENT,1,CALENDAR_MULTIPLIER_NONE,False,,,,1568302200,2019.09.12 15:30:00,0.3,0.3,,0.0,Flat,False,FLAT_DIRECTION,,,,,,,,,,,,,,,,,,,,,,
ANCHOR_CPI_SERIES,CPI_TIMELINE_20190912_153000:headline_yy,840030007,61797,US,USD,CPI Headline y/y,headline_yy,2019.08.01 00:00:00,6968,0,CALENDAR_TIMEMODE_DATETIME,False,trade_server_time,CALENDAR_UNIT_PERCENT,1,CALENDAR_MULTIPLIER_NONE,False,,,,1568302200,2019.09.12 15:30:00,1.7,1.8,,-0.1,Long,True,,1568304000,2019.09.12 16:00:00,1800,1.09455,0.0014838812549408907,1.0,1.0,240,1.093066118745059,1.0960338812549408,TARGET,1,2019.09.12 16:00:00,1,1.0,14.838812549408907,False,False,,,TARGET,1.0
ANCHOR_CPI_SERIES,CPI_TIMELINE_20190912_153000:core_yy,840030008,61798,US,USD,CPI Core y/y,core_yy,2019.08.01 00:00:00,7108,0,CALENDAR_TIMEMODE_DATETIME,False,trade_server_time,CALENDAR_UNIT_PERCENT,1,CALENDAR_MULTIPLIER_NONE,False,,,,1568302200,2019.09.12 15:30:00,2.4,2.2,,0.2,Short,True,,1568304000,2019.09.12 16:00:00,1800,1.09455,0.0014838812549408907,1.0,1.0,240,1.0960338812549408,1.093066118745059,STOP,1,2019.09.12 16:00:00,1,-1.0,-14.838812549408907,False,False,,,STOP,-1.0
ANCHOR_CPI_SERIES,CPI_TIMELINE_20190912_153000:mm_sum,DERIVED_MM_SUM,,US,USD,CPI m/m Sum,mm_sum,,,0,CALENDAR_TIMEMODE_DATETIME,False,trade_server_time,CALENDAR_UNIT_PERCENT,1,CALENDAR_MULTIPLIER_NONE,True,"840030005,840030006","61796,61799","6690,6829",1568302200,2019.09.12 15:30:00,,,,-0.2,Long,True,,1568304000,2019.09.12 16:00:00,1800,1.09455,0.0014838812549408907,1.0,1.0,240,1.093066118745059,1.0960338812549408,TARGET,1,2019.09.12 16:00:00,1,1.0,14.838812549408907,False,False,,,TARGET,1.0
ANCHOR_CPI_SERIES,CPI_TIMELINE_20190912_153000:yy_sum,DERIVED_YY_SUM,,US,USD,CPI y/y Sum,yy_sum,,,0,CALENDAR_TIMEMODE_DATETIME,False,trade_server_time,CALENDAR_UNIT_PERCENT,1,CALENDAR_MULTIPLIER_NONE,True,"840030007,840030008","61797,61798","6968,7108",1568302200,2019.09.12 15:30:00,,,,0.1,Short,True,,1568304000,2019.09.12 16:00:00,1800,1.09455,0.0014838812549408907,1.0,1.0,240,1.0960338812549408,1.093066118745059,STOP,1,2019.09.12 16:00:00,1,-1.0,-14.838812549408907,False,False,,,STOP,-1.0
ANCHOR_CPI_SERIES,CPI_TIMELINE_20191010_153000:headline_mm,840030005,61820,US,USD,CPI Headline m/m,headline_mm,2019.09.01 00:00:00,6691,0,CALENDAR_TIMEMODE_DATETIME,False,trade_server_time,CALENDAR_UNIT_PERCENT,1,CALENDAR_MULTIPLIER_NONE,False,,,,1570721400,2019.10.10 15:30:00,0.0,0.1,,-0.1,Long,True,,1570723200,2019.10.10 16:00:00,1800,1.10228,0.0010163730858784642,1.0,1.0,240,1.1012636269141214,1.1032963730858785,STOP,2,2019.10.10 17:00:00,2,-1.0,-10.16373085878464,False,False,,,STOP,-1.0
ANCHOR_CPI_SERIES,CPI_TIMELINE_20191010_153000:core_mm,840030006,61823,US,USD,CPI Core m/m,core_mm,2019.09.01 00:00:00,6830,0,CALENDAR_TIMEMODE_DATETIME,False,trade_server_time,CALENDAR_UNIT_PERCENT,1,CALENDAR_MULTIPLIER_NONE,False,,,,1570721400,2019.10.10 15:30:00,0.1,0.3,,-0.2,Long,True,,1570723200,2019.10.10 16:00:00,1800,1.10228,0.0010163730858784642,1.0,1.0,240,1.1012636269141214,1.1032963730858785,STOP,2,2019.10.10 17:00:00,2,-1.0,-10.16373085878464,False,False,,,STOP,-1.0
ANCHOR_CPI_SERIES,CPI_TIMELINE_20191010_153000:headline_yy,840030007,61821,US,USD,CPI Headline y/y,headline_yy,2019.09.01 00:00:00,6969,0,CALENDAR_TIMEMODE_DATETIME,False,trade_server_time,CALENDAR_UNIT_PERCENT,1,CALENDAR_MULTIPLIER_NONE,False,,,,1570721400,2019.10.10 15:30:00,1.7,1.7,,0.0,Flat,False,FLAT_DIRECTION,,,,,,,,,,,,,,,,,,,,,,
ANCHOR_CPI_SERIES,CPI_TIMELINE_20191010_153000:core_yy,840030008,61822,US,USD,CPI Core y/y,core_yy,2019.09.01 00:00:00,7109,0,CALENDAR_TIMEMODE_DATETIME,False,trade_server_time,CALENDAR_UNIT_PERCENT,1,CALENDAR_MULTIPLIER_NONE,False,,,,1570721400,2019.10.10 15:30:00,2.4,2.4,,0.0,Flat,False,FLAT_DIRECTION,,,,,,,,,,,,,,,,,,,,,,
ANCHOR_CPI_SERIES,CPI_TIMELINE_20191010_153000:mm_sum,DERIVED_MM_SUM,,US,USD,CPI m/m Sum,mm_sum,,,0,CALENDAR_TIMEMODE_DATETIME,False,trade_server_time,CALENDAR_UNIT_PERCENT,1,CALENDAR_MULTIPLIER_NONE,True,"840030005,840030006","61820,61823","6691,6830",1570721400,2019.10.10 15:30:00,,,,-0.3,Long,True,,1570723200,2019.10.10 16:00:00,1800,1.10228,0.0010163730858784642,1.0,1.0,240,1.1012636269141214,1.1032963730858785,STOP,2,2019.10.10 17:00:00,2,-1.0,-10.16373085878464,False,False,,,STOP,-1.0
ANCHOR_CPI_SERIES,CPI_TIMELINE_20191010_153000:yy_sum,DERIVED_YY_SUM,,US,USD,CPI y/y Sum,yy_sum,,,0,CALENDAR_TIMEMODE_DATETIME,False,trade_server_time,CALENDAR_UNIT_PERCENT,1,CALENDAR_MULTIPLIER_NONE,True,"840030007,840030008","61821,61822","6969,7109",1570721400,2019.10.10 15:30:00,,,,0.0,Flat,False,FLAT_DIRECTION,,,,,,,,,,,,,,,,,,,,,,
ANCHOR_CPI_SERIES,CPI_TIMELINE_20191113_163000:headline_mm,840030005,61847,US,USD,CPI Headline m/m,headline_mm,2019.10.01 00:00:00,6692,0,CALENDAR_TIMEMODE_DATETIME,False,trade_server_time,CALENDAR_UNIT_PERCENT,1,CALENDAR_MULTIPLIER_NONE,False,,,,1573662600,2019.11.13 16:30:00,0.4,0.0,,0.4,Short,True,,1573664400,2019.11.13 17:00:00,1800,1.10119,0.000735669392121963,1.0,1.0,240,1.1019256693921218,1.100454330607878,TARGET,1,2019.11.13 17:00:00,1,1.0,7.35669392121963,False,False,,,TARGET,1.0
ANCHOR_CPI_SERIES,CPI_TIMELINE_20191113_163000:core_mm,840030006,61850,US,USD,CPI Core m/m,core_mm,2019.10.01 00:00:00,6831,0,CALENDAR_TIMEMODE_DATETIME,False,trade_server_time,CALENDAR_UNIT_PERCENT,1,CALENDAR_MULTIPLIER_NONE,False,,,,1573662600,2019.11.13 16:30:00,0.2,0.1,,0.1,Short,True,,1573664400,2019.11.13 17:00:00,1800,1.10119,0.000735669392121963,1.0,1.0,240,1.1019256693921218,1.100454330607878,TARGET,1,2019.11.13 17:00:00,1,1.0,7.35669392121963,False,False,,,TARGET,1.0
ANCHOR_CPI_SERIES,CPI_TIMELINE_20191113_163000:headline_yy,840030007,61848,US,USD,CPI Headline y/y,headline_yy,2019.10.01 00:00:00,6970,0,CALENDAR_TIMEMODE_DATETIME,False,trade_server_time,CALENDAR_UNIT_PERCENT,1,CALENDAR_MULTIPLIER_NONE,False,,,,1573662600,2019.11.13 16:30:00,1.8,1.7,,0.1,Short,True,,1573664400,2019.11.13 17:00:00,1800,1.10119,0.000735669392121963,1.0,1.0,240,1.1019256693921218,1.100454330607878,TARGET,1,2019.11.13 17:00:00,1,1.0,7.35669392121963,False,False,,,TARGET,1.0
ANCHOR_CPI_SERIES,CPI_TIMELINE_20191113_163000:core_yy,840030008,61849,US,USD,CPI Core y/y,core_yy,2019.10.01 00:00:00,7110,0,CALENDAR_TIMEMODE_DATETIME,False,trade_server_time,CALENDAR_UNIT_PERCENT,1,CALENDAR_MULTIPLIER_NONE,False,,,,1573662600,2019.11.13 16:30:00,2.3,2.4,,-0.1,Long,True,,1573664400,2019.11.13 17:00:00,1800,1.10119,0.000735669392121963,1.0,1.0,240,1.100454330607878,1.1019256693921218,STOP,1,2019.11.13 17:00:00,1,-1.0,-7.35669392121963,False,False,,,STOP,-1.0
ANCHOR_CPI_SERIES,CPI_TIMELINE_20191113_163000:mm_sum,DERIVED_MM_SUM,,US,USD,CPI m/m Sum,mm_sum,,,0,CALENDAR_TIMEMODE_DATETIME,False,trade_server_time,CALENDAR_UNIT_PERCENT,1,CALENDAR_MULTIPLIER_NONE,True,"840030005,840030006","61847,61850","6692,6831",1573662600,2019.11.13 16:30:00,,,,0.5,Short,True,,1573664400,2019.11.13 17:00:00,1800,1.10119,0.000735669392121963,1.0,1.0,240,1.1019256693921218,1.100454330607878,TARGET,1,2019.11.13 17:00:00,1,1.0,7.35669392121963,False,False,,,TARGET,1.0
ANCHOR_CPI_SERIES,CPI_TIMELINE_20191113_163000:yy_sum,DERIVED_YY_SUM,,US,USD,CPI y/y Sum,yy_sum,,,0,CALENDAR_TIMEMODE_DATETIME,False,trade_server_time,CALENDAR_UNIT_PERCENT,1,CALENDAR_MULTIPLIER_NONE,True,"840030007,840030008","61848,61849","6970,7110",1573662600,2019.11.13 16:30:00,,,,0.0,Flat,False,FLAT_DIRECTION,,,,,,,,,,,,,,,,,,,,,,
ANCHOR_CPI_SERIES,CPI_TIMELINE_20191211_163000:headline_mm,840030005,61874,US,USD,CPI Headline m/m,headline_mm,2019.11.01 00:00:00,6693,0,CALENDAR_TIMEMODE_DATETIME,False,trade_server_time,CALENDAR_UNIT_PERCENT,1,CALENDAR_MULTIPLIER_NONE,False,,,,1576081800,2019.12.11 16:30:00,0.3,0.4,,-0.1,Long,True,,1576083600,2019.12.11 17:00:00,1800,1.10904,0.0007033682759614668,1.0,1.0,240,1.1083366317240386,1.1097433682759614,STOP,1,2019.12.11 17:00:00,1,-1.0,-7.033682759614668,False,False,,,STOP,-1.0
ANCHOR_CPI_SERIES,CPI_TIMELINE_20191211_163000:core_mm,840030006,61877,US,USD,CPI Core m/m,core_mm,2019.11.01 00:00:00,6832,0,CALENDAR_TIMEMODE_DATETIME,False,trade_server_time,CALENDAR_UNIT_PERCENT,1,CALENDAR_MULTIPLIER_NONE,False,,,,1576081800,2019.12.11 16:30:00,0.2,0.2,,0.0,Flat,False,FLAT_DIRECTION,,,,,,,,,,,,,,,,,,,,,,
ANCHOR_CPI_SERIES,CPI_TIMELINE_20191211_163000:headline_yy,840030007,61875,US,USD,CPI Headline y/y,headline_yy,2019.11.01 00:00:00,6971,0,CALENDAR_TIMEMODE_DATETIME,False,trade_server_time,CALENDAR_UNIT_PERCENT,1,CALENDAR_MULTIPLIER_NONE,False,,,,1576081800,2019.12.11 16:30:00,2.1,1.8,,0.3,Short,True,,1576083600,2019.12.11 17:00:00,1800,1.10904,0.0007033682759614668,1.0,1.0,240,1.1097433682759614,1.1083366317240386,TARGET,1,2019.12.11 17:00:00,1,1.0,7.033682759614668,False,False,,,TARGET,1.0
ANCHOR_CPI_SERIES,CPI_TIMELINE_20191211_163000:core_yy,840030008,61876,US,USD,CPI Core y/y,core_yy,2019.11.01 00:00:00,7111,0,CALENDAR_TIMEMODE_DATETIME,False,trade_server_time,CALENDAR_UNIT_PERCENT,1,CALENDAR_MULTIPLIER_NONE,False,,,,1576081800,2019.12.11 16:30:00,2.3,2.3,,0.0,Flat,False,FLAT_DIRECTION,,,,,,,,,,,,,,,,,,,,,,
ANCHOR_CPI_SERIES,CPI_TIMELINE_20191211_163000:mm_sum,DERIVED_MM_SUM,,US,USD,CPI m/m Sum,mm_sum,,,0,CALENDAR_TIMEMODE_DATETIME,False,trade_server_time,CALENDAR_UNIT_PERCENT,1,CALENDAR_MULTIPLIER_NONE,True,"840030005,840030006","61874,61877","6693,6832",1576081800,2019.12.11 16:30:00,,,,-0.1,Long,True,,1576083600,2019.12.11 17:00:00,1800,1.10904,0.0007033682759614668,1.0,1.0,240,1.1083366317240386,1.1097433682759614,STOP,1,2019.12.11 17:00:00,1,-1.0,-7.033682759614668,False,False,,,STOP,-1.0
ANCHOR_CPI_SERIES,CPI_TIMELINE_20191211_163000:yy_sum,DERIVED_YY_SUM,,US,USD,CPI y/y Sum,yy_sum,,,0,CALENDAR_TIMEMODE_DATETIME,False,trade_server_time,CALENDAR_UNIT_PERCENT,1,CALENDAR_MULTIPLIER_NONE,True,"840030007,840030008","61875,61876","6971,7111",1576081800,2019.12.11 16:30:00,,,,0.3,Short,True,,1576083600,2019.12.11 17:00:00,1800,1.10904,0.0007033682759614668,1.0,1.0,240,1.1097433682759614,1.1083366317240386,TARGET,1,2019.12.11 17:00:00,1,1.0,7.033682759614668,False,False,,,TARGET,1.0
ANCHOR_CPI_SERIES,CPI_TIMELINE_20200114_163000:headline_mm,840030005,109906,US,USD,CPI Headline m/m,headline_mm,2019.12.01 00:00:00,6694,0,CALENDAR_TIMEMODE_DATETIME,False,trade_server_time,CALENDAR_UNIT_PERCENT,1,CALENDAR_MULTIPLIER_NONE,False,,,,1579019400,2020.01.14 16:30:00,0.2,0.3,,-0.1,Long,True,,1579021200,2020.01.14 17:00:00,1800,1.11214,0.0007956234988872318,1.0,1.0,240,1.1113443765011126,1.1129356234988872,STOP,1,2020.01.14 17:00:00,1,-1.0,-7.956234988872318,False,False,,,STOP,-1.0
ANCHOR_CPI_SERIES,CPI_TIMELINE_20200114_163000:core_mm,840030006,109908,US,USD,CPI Core m/m,core_mm,2019.12.01 00:00:00,6833,0,CALENDAR_TIMEMODE_DATETIME,False,trade_server_time,CALENDAR_UNIT_PERCENT,1,CALENDAR_MULTIPLIER_NONE,False,,,,1579019400,2020.01.14 16:30:00,0.1,0.2,,-0.1,Long,True,,1579021200,2020.01.14 17:00:00,1800,1.11214,0.0007956234988872318,1.0,1.0,240,1.1113443765011126,1.1129356234988872,STOP,1,2020.01.14 17:00:00,1,-1.0,-7.956234988872318,False,False,,,STOP,-1.0
ANCHOR_CPI_SERIES,CPI_TIMELINE_20200114_163000:headline_yy,840030007,109907,US,USD,CPI Headline y/y,headline_yy,2019.12.01 00:00:00,6972,0,CALENDAR_TIMEMODE_DATETIME,False,trade_server_time,CALENDAR_UNIT_PERCENT,1,CALENDAR_MULTIPLIER_NONE,False,,,,1579019400,2020.01.14 16:30:00,2.3,2.1,,0.2,Short,True,,1579021200,2020.01.14 17:00:00,1800,1.11214,0.0007956234988872318,1.0,1.0,240,1.1129356234988872,1.1113443765011126,TARGET,1,2020.01.14 17:00:00,1,1.0,7.956234988872318,False,False,,,TARGET,1.0
ANCHOR_CPI_SERIES,CPI_TIMELINE_20200114_163000:core_yy,840030008,109900,US,USD,CPI Core y/y,core_yy,2019.12.01 00:00:00,7112,0,CALENDAR_TIMEMODE_DATETIME,False,trade_server_time,CALENDAR_UNIT_PERCENT,1,CALENDAR_MULTIPLIER_NONE,False,,,,1579019400,2020.01.14 16:30:00,2.3,2.3,,0.0,Flat,False,FLAT_DIRECTION,,,,,,,,,,,,,,,,,,,,,,
ANCHOR_CPI_SERIES,CPI_TIMELINE_20200114_163000:mm_sum,DERIVED_MM_SUM,,US,USD,CPI m/m Sum,mm_sum,,,0,CALENDAR_TIMEMODE_DATETIME,False,trade_server_time,CALENDAR_UNIT_PERCENT,1,CALENDAR_MULTIPLIER_NONE,True,"840030005,840030006","109906,109908","6694,6833",1579019400,2020.01.14 16:30:00,,,,-0.2,Long,True,,1579021200,2020.01.14 17:00:00,1800,1.11214,0.0007956234988872318,1.0,1.0,240,1.1113443765011126,1.1129356234988872,STOP,1,2020.01.14 17:00:00,1,-1.0,-7.956234988872318,False,False,,,STOP,-1.0
ANCHOR_CPI_SERIES,CPI_TIMELINE_20200114_163000:yy_sum,DERIVED_YY_SUM,,US,USD,CPI y/y Sum,yy_sum,,,0,CALENDAR_TIMEMODE_DATETIME,False,trade_server_time,CALENDAR_UNIT_PERCENT,1,CALENDAR_MULTIPLIER_NONE,True,"840030007,840030008","109907,109900","6972,7112",1579019400,2020.01.14 16:30:00,,,,0.2,Short,True,,1579021200,2020.01.14 17:00:00,1800,1.11214,0.0007956234988872318,1.0,1.0,240,1.1129356234988872,1.1113443765011126,TARGET,1,2020.01.14 17:00:00,1,1.0,7.956234988872318,False,False,,,TARGET,1.0
ANCHOR_CPI_SERIES,CPI_TIMELINE_20200213_163000:headline_mm,840030005,109942,US,USD,CPI Headline m/m,headline_mm,2020.01.01 00:00:00,6695,0,CALENDAR_TIMEMODE_DATETIME,False,trade_server_time,CALENDAR_UNIT_PERCENT,1,CALENDAR_MULTIPLIER_NONE,False,,,,1581611400,2020.02.13 16:30:00,0.1,0.2,,-0.1,Long,True,,1581613200,2020.02.13 17:00:00,1800,1.08549,0.0009517809645740024,1.0,1.0,240,1.084538219035426,1.086441780964574,STOP,1,2020.02.13 17:00:00,1,-1.0,-9.517809645740023,False,False,,,STOP,-1.0
ANCHOR_CPI_SERIES,CPI_TIMELINE_20200213_163000:core_mm,840030006,109944,US,USD,CPI Core m/m,core_mm,2020.01.01 00:00:00,6834,0,CALENDAR_TIMEMODE_DATETIME,False,trade_server_time,CALENDAR_UNIT_PERCENT,1,CALENDAR_MULTIPLIER_NONE,False,,,,1581611400,2020.02.13 16:30:00,0.2,0.1,,0.1,Short,True,,1581613200,2020.02.13 17:00:00,1800,1.08549,0.0009517809645740024,1.0,1.0,240,1.086441780964574,1.084538219035426,TARGET,1,2020.02.13 17:00:00,1,1.0,9.517809645740023,False,False,,,TARGET,1.0
ANCHOR_CPI_SERIES,CPI_TIMELINE_20200213_163000:headline_yy,840030007,109943,US,USD,CPI Headline y/y,headline_yy,2020.01.01 00:00:00,6973,0,CALENDAR_TIMEMODE_DATETIME,False,trade_server_time,CALENDAR_UNIT_PERCENT,1,CALENDAR_MULTIPLIER_NONE,False,,,,1581611400,2020.02.13 16:30:00,2.5,2.3,,0.2,Short,True,,1581613200,2020.02.13 17:00:00,1800,1.08549,0.0009517809645740024,1.0,1.0,240,1.086441780964574,1.084538219035426,TARGET,1,2020.02.13 17:00:00,1,1.0,9.517809645740023,False,False,,,TARGET,1.0
ANCHOR_CPI_SERIES,CPI_TIMELINE_20200213_163000:core_yy,840030008,109936,US,USD,CPI Core y/y,core_yy,2020.01.01 00:00:00,7113,0,CALENDAR_TIMEMODE_DATETIME,False,trade_server_time,CALENDAR_UNIT_PERCENT,1,CALENDAR_MULTIPLIER_NONE,False,,,,1581611400,2020.02.13 16:30:00,2.3,2.3,,0.0,Flat,False,FLAT_DIRECTION,,,,,,,,,,,,,,,,,,,,,,
ANCHOR_CPI_SERIES,CPI_TIMELINE_20200213_163000:mm_sum,DERIVED_MM_SUM,,US,USD,CPI m/m Sum,mm_sum,,,0,CALENDAR_TIMEMODE_DATETIME,False,trade_server_time,CALENDAR_UNIT_PERCENT,1,CALENDAR_MULTIPLIER_NONE,True,"840030005,840030006","109942,109944","6695,6834",1581611400,2020.02.13 16:30:00,,,,0.0,Flat,False,FLAT_DIRECTION,,,,,,,,,,,,,,,,,,,,,,
ANCHOR_CPI_SERIES,CPI_TIMELINE_20200213_163000:yy_sum,DERIVED_YY_SUM,,US,USD,CPI y/y Sum,yy_sum,,,0,CALENDAR_TIMEMODE_DATETIME,False,trade_server_time,CALENDAR_UNIT_PERCENT,1,CALENDAR_MULTIPLIER_NONE,True,"840030007,840030008","109943,109936","6973,7113",1581611400,2020.02.13 16:30:00,,,,0.2,Short,True,,1581613200,2020.02.13 17:00:00,1800,1.08549,0.0009517809645740024,1.0,1.0,240,1.086441780964574,1.084538219035426,TARGET,1,2020.02.13 17:00:00,1,1.0,9.517809645740023,False,False,,,TARGET,1.0
ANCHOR_CPI_SERIES,CPI_TIMELINE_20200311_153000:headline_mm,840030005,109975,US,USD,CPI Headline m/m,headline_mm,2020.02.01 00:00:00,6696,0,CALENDAR_TIMEMODE_DATETIME,False,trade_server_time,CALENDAR_UNIT_PERCENT,1,CALENDAR_MULTIPLIER_NONE,False,,,,1583940600,2020.03.11 15:30:00,0.1,0.1,,0.0,Flat,False,FLAT_DIRECTION,,,,,,,,,,,,,,,,,,,,,,
ANCHOR_CPI_SERIES,CPI_TIMELINE_20200311_153000:core_mm,840030006,109977,US,USD,CPI Core m/m,core_mm,2020.02.01 00:00:00,6835,0,CALENDAR_TIMEMODE_DATETIME,False,trade_server_time,CALENDAR_UNIT_PERCENT,1,CALENDAR_MULTIPLIER_NONE,False,,,,1583940600,2020.03.11 15:30:00,0.2,0.2,,0.0,Flat,False,FLAT_DIRECTION,,,,,,,,,,,,,,,,,,,,,,
ANCHOR_CPI_SERIES,CPI_TIMELINE_20200311_153000:headline_yy,840030007,109976,US,USD,CPI Headline y/y,headline_yy,2020.02.01 00:00:00,6974,0,CALENDAR_TIMEMODE_DATETIME,False,trade_server_time,CALENDAR_UNIT_PERCENT,1,CALENDAR_MULTIPLIER_NONE,False,,,,1583940600,2020.03.11 15:30:00,2.3,2.5,,-0.2,Long,True,,1583942400,2020.03.11 16:00:00,1800,1.13445,0.0026645443212538365,1.0,1.0,240,1.131785455678746,1.1371145443212538,STOP,1,2020.03.11 16:00:00,1,-1.0,-26.645443212538364,False,False,,,STOP,-1.0
ANCHOR_CPI_SERIES,CPI_TIMELINE_20200311_153000:core_yy,840030008,109969,US,USD,CPI Core y/y,core_yy,2020.02.01 00:00:00,7114,0,CALENDAR_TIMEMODE_DATETIME,False,trade_server_time,CALENDAR_UNIT_PERCENT,1,CALENDAR_MULTIPLIER_NONE,False,,,,1583940600,2020.03.11 15:30:00,2.4,2.3,,0.1,Short,True,,1583942400,2020.03.11 16:00:00,1800,1.13445,0.0026645443212538365,1.0,1.0,240,1.1371145443212538,1.131785455678746,TARGET,1,2020.03.11 16:00:00,1,1.0,26.645443212538364,False,False,,,TARGET,1.0
ANCHOR_CPI_SERIES,CPI_TIMELINE_20200311_153000:mm_sum,DERIVED_MM_SUM,,US,USD,CPI m/m Sum,mm_sum,,,0,CALENDAR_TIMEMODE_DATETIME,False,trade_server_time,CALENDAR_UNIT_PERCENT,1,CALENDAR_MULTIPLIER_NONE,True,"840030005,840030006","109975,109977","6696,6835",1583940600,2020.03.11 15:30:00,,,,0.0,Flat,False,FLAT_DIRECTION,,,,,,,,,,,,,,,,,,,,,,
ANCHOR_CPI_SERIES,CPI_TIMELINE_20200311_153000:yy_sum,DERIVED_YY_SUM,,US,USD,CPI y/y Sum,yy_sum,,,0,CALENDAR_TIMEMODE_DATETIME,False,trade_server_time,CALENDAR_UNIT_PERCENT,1,CALENDAR_MULTIPLIER_NONE,True,"840030007,840030008","109976,109969","6974,7114",1583940600,2020.03.11 15:30:00,,,,-0.1,Long,True,,1583942400,2020.03.11 16:00:00,1800,1.13445,0.0026645443212538365,1.0,1.0,240,1.131785455678746,1.1371145443212538,STOP,1,2020.03.11 16:00:00,1,-1.0,-26.645443212538364,False,False,,,STOP,-1.0
ANCHOR_CPI_SERIES,CPI_TIMELINE_20200410_153000:headline_mm,840030005,110009,US,USD,CPI Headline m/m,headline_mm,2020.03.01 00:00:00,6697,0,CALENDAR_TIMEMODE_DATETIME,False,trade_server_time,CALENDAR_UNIT_PERCENT,1,CALENDAR_MULTIPLIER_NONE,False,,,,1586532600,2020.04.10 15:30:00,-0.4,0.1,,-0.5,Long,True,,1586534400,2020.04.10 16:00:00,1800,1.09422,0.001371697468359049,1.0,1.0,240,1.092848302531641,1.095591697468359,STOP,12,2020.04.13 03:00:00,12,-1.0,-13.71697468359049,False,False,,,STOP,-1.0
ANCHOR_CPI_SERIES,CPI_TIMELINE_20200410_153000:core_mm,840030006,110011,US,USD,CPI Core m/m,core_mm,2020.03.01 00:00:00,6836,0,CALENDAR_TIMEMODE_DATETIME,False,trade_server_time,CALENDAR_UNIT_PERCENT,1,CALENDAR_MULTIPLIER_NONE,False,,,,1586532600,2020.04.10 15:30:00,-0.1,0.2,,-0.3,Long,True,,1586534400,2020.04.10 16:00:00,1800,1.09422,0.001371697468359049,1.0,1.0,240,1.092848302531641,1.095591697468359,STOP,12,2020.04.13 03:00:00,12,-1.0,-13.71697468359049,False,False,,,STOP,-1.0
ANCHOR_CPI_SERIES,CPI_TIMELINE_20200410_153000:headline_yy,840030007,110010,US,USD,CPI Headline y/y,headline_yy,2020.03.01 00:00:00,6975,0,CALENDAR_TIMEMODE_DATETIME,False,trade_server_time,CALENDAR_UNIT_PERCENT,1,CALENDAR_MULTIPLIER_NONE,False,,,,1586532600,2020.04.10 15:30:00,1.5,2.3,,-0.8,Long,True,,1586534400,2020.04.10 16:00:00,1800,1.09422,0.001371697468359049,1.0,1.0,240,1.092848302531641,1.095591697468359,STOP,12,2020.04.13 03:00:00,12,-1.0,-13.71697468359049,False,False,,,STOP,-1.0
ANCHOR_CPI_SERIES,CPI_TIMELINE_20200410_153000:core_yy,840030008,110003,US,USD,CPI Core y/y,core_yy,2020.03.01 00:00:00,7115,0,CALENDAR_TIMEMODE_DATETIME,False,trade_server_time,CALENDAR_UNIT_PERCENT,1,CALENDAR_MULTIPLIER_NONE,False,,,,1586532600,2020.04.10 15:30:00,2.1,2.4,,-0.3,Long,True,,1586534400,2020.04.10 16:00:00,1800,1.09422,0.001371697468359049,1.0,1.0,240,1.092848302531641,1.095591697468359,STOP,12,2020.04.13 03:00:00,12,-1.0,-13.71697468359049,False,False,,,STOP,-1.0
ANCHOR_CPI_SERIES,CPI_TIMELINE_20200410_153000:mm_sum,DERIVED_MM_SUM,,US,USD,CPI m/m Sum,mm_sum,,,0,CALENDAR_TIMEMODE_DATETIME,False,trade_server_time,CALENDAR_UNIT_PERCENT,1,CALENDAR_MULTIPLIER_NONE,True,"840030005,840030006","110009,110011","6697,6836",1586532600,2020.04.10 15:30:00,,,,-0.8,Long,True,,1586534400,2020.04.10 16:00:00,1800,1.09422,0.001371697468359049,1.0,1.0,240,1.092848302531641,1.095591697468359,STOP,12,2020.04.13 03:00:00,12,-1.0,-13.71697468359049,False,False,,,STOP,-1.0
ANCHOR_CPI_SERIES,CPI_TIMELINE_20200410_153000:yy_sum,DERIVED_YY_SUM,,US,USD,CPI y/y Sum,yy_sum,,,0,CALENDAR_TIMEMODE_DATETIME,False,trade_server_time,CALENDAR_UNIT_PERCENT,1,CALENDAR_MULTIPLIER_NONE,True,"840030007,840030008","110010,110003","6975,7115",1586532600,2020.04.10 15:30:00,,,,-1.1,Long,True,,1586534400,2020.04.10 16:00:00,1800,1.09422,0.001371697468359049,1.0,1.0,240,1.092848302531641,1.095591697468359,STOP,12,2020.04.13 03:00:00,12,-1.0,-13.71697468359049,False,False,,,STOP,-1.0
ANCHOR_CPI_SERIES,CPI_TIMELINE_20200512_153000:headline_mm,840030005,110040,US,USD,CPI Headline m/m,headline_mm,2020.04.01 00:00:00,6698,0,CALENDAR_TIMEMODE_DATETIME,False,trade_server_time,CALENDAR_UNIT_PERCENT,1,CALENDAR_MULTIPLIER_NONE,False,,,,1589297400,2020.05.12 15:30:00,-0.8,-0.4,,-0.4,Long,True,,1589299200,2020.05.12 16:00:00,1800,1.08589,0.0013785428808723253,1.0,1.0,240,1.0845114571191277,1.0872685428808724,TARGET,1,2020.05.12 16:00:00,1,1.0,13.785428808723253,False,False,,,TARGET,1.0
ANCHOR_CPI_SERIES,CPI_TIMELINE_20200512_153000:core_mm,840030006,110042,US,USD,CPI Core m/m,core_mm,2020.04.01 00:00:00,6837,0,CALENDAR_TIMEMODE_DATETIME,False,trade_server_time,CALENDAR_UNIT_PERCENT,1,CALENDAR_MULTIPLIER_NONE,False,,,,1589297400,2020.05.12 15:30:00,-0.4,-0.1,,-0.3,Long,True,,1589299200,2020.05.12 16:00:00,1800,1.08589,0.0013785428808723253,1.0,1.0,240,1.0845114571191277,1.0872685428808724,TARGET,1,2020.05.12 16:00:00,1,1.0,13.785428808723253,False,False,,,TARGET,1.0
ANCHOR_CPI_SERIES,CPI_TIMELINE_20200512_153000:headline_yy,840030007,110041,US,USD,CPI Headline y/y,headline_yy,2020.04.01 00:00:00,6976,0,CALENDAR_TIMEMODE_DATETIME,False,trade_server_time,CALENDAR_UNIT_PERCENT,1,CALENDAR_MULTIPLIER_NONE,False,,,,1589297400,2020.05.12 15:30:00,0.3,1.5,,-1.2,Long,True,,1589299200,2020.05.12 16:00:00,1800,1.08589,0.0013785428808723253,1.0,1.0,240,1.0845114571191277,1.0872685428808724,TARGET,1,2020.05.12 16:00:00,1,1.0,13.785428808723253,False,False,,,TARGET,1.0
ANCHOR_CPI_SERIES,CPI_TIMELINE_20200512_153000:core_yy,840030008,110034,US,USD,CPI Core y/y,core_yy,2020.04.01 00:00:00,7116,0,CALENDAR_TIMEMODE_DATETIME,False,trade_server_time,CALENDAR_UNIT_PERCENT,1,CALENDAR_MULTIPLIER_NONE,False,,,,1589297400,2020.05.12 15:30:00,1.4,2.1,,-0.7,Long,True,,1589299200,2020.05.12 16:00:00,1800,1.08589,0.0013785428808723253,1.0,1.0,240,1.0845114571191277,1.0872685428808724,TARGET,1,2020.05.12 16:00:00,1,1.0,13.785428808723253,False,False,,,TARGET,1.0
ANCHOR_CPI_SERIES,CPI_TIMELINE_20200512_153000:mm_sum,DERIVED_MM_SUM,,US,USD,CPI m/m Sum,mm_sum,,,0,CALENDAR_TIMEMODE_DATETIME,False,trade_server_time,CALENDAR_UNIT_PERCENT,1,CALENDAR_MULTIPLIER_NONE,True,"840030005,840030006","110040,110042","6698,6837",1589297400,2020.05.12 15:30:00,,,,-0.7,Long,True,,1589299200,2020.05.12 16:00:00,1800,1.08589,0.0013785428808723253,1.0,1.0,240,1.0845114571191277,1.0872685428808724,TARGET,1,2020.05.12 16:00:00,1,1.0,13.785428808723253,False,False,,,TARGET,1.0
ANCHOR_CPI_SERIES,CPI_TIMELINE_20200512_153000:yy_sum,DERIVED_YY_SUM,,US,USD,CPI y/y Sum,yy_sum,,,0,CALENDAR_TIMEMODE_DATETIME,False,trade_server_time,CALENDAR_UNIT_PERCENT,1,CALENDAR_MULTIPLIER_NONE,True,"840030007,840030008","110041,110034","6976,7116",1589297400,2020.05.12 15:30:00,,,,-1.9,Long,True,,1589299200,2020.05.12 16:00:00,1800,1.08589,0.0013785428808723253,1.0,1.0,240,1.0845114571191277,1.0872685428808724,TARGET,1,2020.05.12 16:00:00,1,1.0,13.785428808723253,False,False,,,TARGET,1.0
ANCHOR_CPI_SERIES,CPI_TIMELINE_20200610_153000:headline_mm,840030005,110073,US,USD,CPI Headline m/m,headline_mm,2020.05.01 00:00:00,6699,0,CALENDAR_TIMEMODE_DATETIME,False,trade_server_time,CALENDAR_UNIT_PERCENT,1,CALENDAR_MULTIPLIER_NONE,False,,,,1591803000,2020.06.10 15:30:00,-0.1,-0.8,,0.7,Short,True,,1591804800,2020.06.10 16:00:00,1800,1.13797,0.001628848650759754,1.0,1.0,240,1.1395988486507598,1.13634115134924,TARGET,1,2020.06.10 16:00:00,1,1.0,16.28848650759754,False,False,,,TARGET,1.0
ANCHOR_CPI_SERIES,CPI_TIMELINE_20200610_153000:core_mm,840030006,110075,US,USD,CPI Core m/m,core_mm,2020.05.01 00:00:00,6838,0,CALENDAR_TIMEMODE_DATETIME,False,trade_server_time,CALENDAR_UNIT_PERCENT,1,CALENDAR_MULTIPLIER_NONE,False,,,,1591803000,2020.06.10 15:30:00,-0.1,-0.4,,0.3,Short,True,,1591804800,2020.06.10 16:00:00,1800,1.13797,0.001628848650759754,1.0,1.0,240,1.1395988486507598,1.13634115134924,TARGET,1,2020.06.10 16:00:00,1,1.0,16.28848650759754,False,False,,,TARGET,1.0
ANCHOR_CPI_SERIES,CPI_TIMELINE_20200610_153000:headline_yy,840030007,110074,US,USD,CPI Headline y/y,headline_yy,2020.05.01 00:00:00,6977,0,CALENDAR_TIMEMODE_DATETIME,False,trade_server_time,CALENDAR_UNIT_PERCENT,1,CALENDAR_MULTIPLIER_NONE,False,,,,1591803000,2020.06.10 15:30:00,0.1,0.3,,-0.2,Long,True,,1591804800,2020.06.10 16:00:00,1800,1.13797,0.001628848650759754,1.0,1.0,240,1.13634115134924,1.1395988486507598,STOP,1,2020.06.10 16:00:00,1,-1.0,-16.28848650759754,False,False,,,STOP,-1.0
ANCHOR_CPI_SERIES,CPI_TIMELINE_20200610_153000:core_yy,840030008,110067,US,USD,CPI Core y/y,core_yy,2020.05.01 00:00:00,7117,0,CALENDAR_TIMEMODE_DATETIME,False,trade_server_time,CALENDAR_UNIT_PERCENT,1,CALENDAR_MULTIPLIER_NONE,False,,,,1591803000,2020.06.10 15:30:00,1.2,1.4,,-0.2,Long,True,,1591804800,2020.06.10 16:00:00,1800,1.13797,0.001628848650759754,1.0,1.0,240,1.13634115134924,1.1395988486507598,STOP,1,2020.06.10 16:00:00,1,-1.0,-16.28848650759754,False,False,,,STOP,-1.0
ANCHOR_CPI_SERIES,CPI_TIMELINE_20200610_153000:mm_sum,DERIVED_MM_SUM,,US,USD,CPI m/m Sum,mm_sum,,,0,CALENDAR_TIMEMODE_DATETIME,False,trade_server_time,CALENDAR_UNIT_PERCENT,1,CALENDAR_MULTIPLIER_NONE,True,"840030005,840030006","110073,110075","6699,6838",1591803000,2020.06.10 15:30:00,,,,1.0,Short,True,,1591804800,2020.06.10 16:00:00,1800,1.13797,0.001628848650759754,1.0,1.0,240,1.1395988486507598,1.13634115134924,TARGET,1,2020.06.10 16:00:00,1,1.0,16.28848650759754,False,False,,,TARGET,1.0
ANCHOR_CPI_SERIES,CPI_TIMELINE_20200610_153000:yy_sum,DERIVED_YY_SUM,,US,USD,CPI y/y Sum,yy_sum,,,0,CALENDAR_TIMEMODE_DATETIME,False,trade_server_time,CALENDAR_UNIT_PERCENT,1,CALENDAR_MULTIPLIER_NONE,True,"840030007,840030008","110074,110067","6977,7117",1591803000,2020.06.10 15:30:00,,,,-0.4,Long,True,,1591804800,2020.06.10 16:00:00,1800,1.13797,0.001628848650759754,1.0,1.0,240,1.13634115134924,1.1395988486507598,STOP,1,2020.06.10 16:00:00,1,-1.0,-16.28848650759754,False,False,,,STOP,-1.0
ANCHOR_CPI_SERIES,CPI_TIMELINE_20200714_153000:headline_mm,840030005,110108,US,USD,CPI Headline m/m,headline_mm,2020.06.01 00:00:00,6700,0,CALENDAR_TIMEMODE_DATETIME,False,trade_server_time,CALENDAR_UNIT_PERCENT,1,CALENDAR_MULTIPLIER_NONE,False,,,,1594740600,2020.07.14 15:30:00,0.6,-0.1,,0.7,Short,True,,1594742400,2020.07.14 16:00:00,1800,1.13715,0.0014159830661012857,1.0,1.0,240,1.1385659830661015,1.1357340169338987,STOP,1,2020.07.14 16:00:00,1,-1.0,-14.159830661012856,False,False,,,STOP,-1.0
ANCHOR_CPI_SERIES,CPI_TIMELINE_20200714_153000:core_mm,840030006,110110,US,USD,CPI Core m/m,core_mm,2020.06.01 00:00:00,6839,0,CALENDAR_TIMEMODE_DATETIME,False,trade_server_time,CALENDAR_UNIT_PERCENT,1,CALENDAR_MULTIPLIER_NONE,False,,,,1594740600,2020.07.14 15:30:00,0.2,-0.1,,0.3,Short,True,,1594742400,2020.07.14 16:00:00,1800,1.13715,0.0014159830661012857,1.0,1.0,240,1.1385659830661015,1.1357340169338987,STOP,1,2020.07.14 16:00:00,1,-1.0,-14.159830661012856,False,False,,,STOP,-1.0
ANCHOR_CPI_SERIES,CPI_TIMELINE_20200714_153000:headline_yy,840030007,110109,US,USD,CPI Headline y/y,headline_yy,2020.06.01 00:00:00,6978,0,CALENDAR_TIMEMODE_DATETIME,False,trade_server_time,CALENDAR_UNIT_PERCENT,1,CALENDAR_MULTIPLIER_NONE,False,,,,1594740600,2020.07.14 15:30:00,0.6,0.1,,0.5,Short,True,,1594742400,2020.07.14 16:00:00,1800,1.13715,0.0014159830661012857,1.0,1.0,240,1.1385659830661015,1.1357340169338987,STOP,1,2020.07.14 16:00:00,1,-1.0,-14.159830661012856,False,False,,,STOP,-1.0
ANCHOR_CPI_SERIES,CPI_TIMELINE_20200714_153000:core_yy,840030008,110102,US,USD,CPI Core y/y,core_yy,2020.06.01 00:00:00,7118,0,CALENDAR_TIMEMODE_DATETIME,False,trade_server_time,CALENDAR_UNIT_PERCENT,1,CALENDAR_MULTIPLIER_NONE,False,,,,1594740600,2020.07.14 15:30:00,1.2,1.2,,0.0,Flat,False,FLAT_DIRECTION,,,,,,,,,,,,,,,,,,,,,,
ANCHOR_CPI_SERIES,CPI_TIMELINE_20200714_153000:mm_sum,DERIVED_MM_SUM,,US,USD,CPI m/m Sum,mm_sum,,,0,CALENDAR_TIMEMODE_DATETIME,False,trade_server_time,CALENDAR_UNIT_PERCENT,1,CALENDAR_MULTIPLIER_NONE,True,"840030005,840030006","110108,110110","6700,6839",1594740600,2020.07.14 15:30:00,,,,1.0,Short,True,,1594742400,2020.07.14 16:00:00,1800,1.13715,0.0014159830661012857,1.0,1.0,240,1.1385659830661015,1.1357340169338987,STOP,1,2020.07.14 16:00:00,1,-1.0,-14.159830661012856,False,False,,,STOP,-1.0
ANCHOR_CPI_SERIES,CPI_TIMELINE_20200714_153000:yy_sum,DERIVED_YY_SUM,,US,USD,CPI y/y Sum,yy_sum,,,0,CALENDAR_TIMEMODE_DATETIME,False,trade_server_time,CALENDAR_UNIT_PERCENT,1,CALENDAR_MULTIPLIER_NONE,True,"840030007,840030008","110109,110102","6978,7118",1594740600,2020.07.14 15:30:00,,,,0.5,Short,True,,1594742400,2020.07.14 16:00:00,1800,1.13715,0.0014159830661012857,1.0,1.0,240,1.1385659830661015,1.1357340169338987,STOP,1,2020.07.14 16:00:00,1,-1.0,-14.159830661012856,False,False,,,STOP,-1.0
ANCHOR_CPI_SERIES,CPI_TIMELINE_20200812_153000:headline_mm,840030005,110143,US,USD,CPI Headline m/m,headline_mm,2020.07.01 00:00:00,6701,0,CALENDAR_TIMEMODE_DATETIME,False,trade_server_time,CALENDAR_UNIT_PERCENT,1,CALENDAR_MULTIPLIER_NONE,False,,,,1597246200,2020.08.12 15:30:00,0.6,0.6,,0.0,Flat,False,FLAT_DIRECTION,,,,,,,,,,,,,,,,,,,,,,
ANCHOR_CPI_SERIES,CPI_TIMELINE_20200812_153000:core_mm,840030006,110145,US,USD,CPI Core m/m,core_mm,2020.07.01 00:00:00,6840,0,CALENDAR_TIMEMODE_DATETIME,False,trade_server_time,CALENDAR_UNIT_PERCENT,1,CALENDAR_MULTIPLIER_NONE,False,,,,1597246200,2020.08.12 15:30:00,0.6,0.2,,0.4,Short,True,,1597248000,2020.08.12 16:00:00,1800,1.17903,0.001770521248415902,1.0,1.0,240,1.1808005212484158,1.1772594787515842,STOP,2,2020.08.12 17:00:00,2,-1.0,-17.70521248415902,True,False,,,TARGET,1.0
ANCHOR_CPI_SERIES,CPI_TIMELINE_20200812_153000:headline_yy,840030007,110144,US,USD,CPI Headline y/y,headline_yy,2020.07.01 00:00:00,6979,0,CALENDAR_TIMEMODE_DATETIME,False,trade_server_time,CALENDAR_UNIT_PERCENT,1,CALENDAR_MULTIPLIER_NONE,False,,,,1597246200,2020.08.12 15:30:00,1.0,0.6,,0.4,Short,True,,1597248000,2020.08.12 16:00:00,1800,1.17903,0.001770521248415902,1.0,1.0,240,1.1808005212484158,1.1772594787515842,STOP,2,2020.08.12 17:00:00,2,-1.0,-17.70521248415902,True,False,,,TARGET,1.0
ANCHOR_CPI_SERIES,CPI_TIMELINE_20200812_153000:core_yy,840030008,110135,US,USD,CPI Core y/y,core_yy,2020.07.01 00:00:00,7119,0,CALENDAR_TIMEMODE_DATETIME,False,trade_server_time,CALENDAR_UNIT_PERCENT,1,CALENDAR_MULTIPLIER_NONE,False,,,,1597246200,2020.08.12 15:30:00,1.6,1.2,,0.4,Short,True,,1597248000,2020.08.12 16:00:00,1800,1.17903,0.001770521248415902,1.0,1.0,240,1.1808005212484158,1.1772594787515842,STOP,2,2020.08.12 17:00:00,2,-1.0,-17.70521248415902,True,False,,,TARGET,1.0
ANCHOR_CPI_SERIES,CPI_TIMELINE_20200812_153000:mm_sum,DERIVED_MM_SUM,,US,USD,CPI m/m Sum,mm_sum,,,0,CALENDAR_TIMEMODE_DATETIME,False,trade_server_time,CALENDAR_UNIT_PERCENT,1,CALENDAR_MULTIPLIER_NONE,True,"840030005,840030006","110143,110145","6701,6840",1597246200,2020.08.12 15:30:00,,,,0.4,Short,True,,1597248000,2020.08.12 16:00:00,1800,1.17903,0.001770521248415902,1.0,1.0,240,1.1808005212484158,1.1772594787515842,STOP,2,2020.08.12 17:00:00,2,-1.0,-17.70521248415902,True,False,,,TARGET,1.0
ANCHOR_CPI_SERIES,CPI_TIMELINE_20200812_153000:yy_sum,DERIVED_YY_SUM,,US,USD,CPI y/y Sum,yy_sum,,,0,CALENDAR_TIMEMODE_DATETIME,False,trade_server_time,CALENDAR_UNIT_PERCENT,1,CALENDAR_MULTIPLIER_NONE,True,"840030007,840030008","110144,110135","6979,7119",1597246200,2020.08.12 15:30:00,,,,0.8,Short,True,,1597248000,2020.08.12 16:00:00,1800,1.17903,0.001770521248415902,1.0,1.0,240,1.1808005212484158,1.1772594787515842,STOP,2,2020.08.12 17:00:00,2,-1.0,-17.70521248415902,True,False,,,TARGET,1.0
ANCHOR_CPI_SERIES,CPI_TIMELINE_20200911_153000:headline_mm,840030005,110178,US,USD,CPI Headline m/m,headline_mm,2020.08.01 00:00:00,6702,0,CALENDAR_TIMEMODE_DATETIME,False,trade_server_time,CALENDAR_UNIT_PERCENT,1,CALENDAR_MULTIPLIER_NONE,False,,,,1599838200,2020.09.11 15:30:00,0.4,0.6,,-0.2,Long,True,,1599840000,2020.09.11 16:00:00,1800,1.18463,0.0016132117942220833,1.0,1.0,240,1.183016788205778,1.186243211794222,STOP,2,2020.09.11 17:00:00,2,-1.0,-16.132117942220834,False,False,,,STOP,-1.0
ANCHOR_CPI_SERIES,CPI_TIMELINE_20200911_153000:core_mm,840030006,110180,US,USD,CPI Core m/m,core_mm,2020.08.01 00:00:00,6841,0,CALENDAR_TIMEMODE_DATETIME,False,trade_server_time,CALENDAR_UNIT_PERCENT,1,CALENDAR_MULTIPLIER_NONE,False,,,,1599838200,2020.09.11 15:30:00,0.4,0.6,,-0.2,Long,True,,1599840000,2020.09.11 16:00:00,1800,1.18463,0.0016132117942220833,1.0,1.0,240,1.183016788205778,1.186243211794222,STOP,2,2020.09.11 17:00:00,2,-1.0,-16.132117942220834,False,False,,,STOP,-1.0
ANCHOR_CPI_SERIES,CPI_TIMELINE_20200911_153000:headline_yy,840030007,110179,US,USD,CPI Headline y/y,headline_yy,2020.08.01 00:00:00,6980,0,CALENDAR_TIMEMODE_DATETIME,False,trade_server_time,CALENDAR_UNIT_PERCENT,1,CALENDAR_MULTIPLIER_NONE,False,,,,1599838200,2020.09.11 15:30:00,1.3,1.0,,0.3,Short,True,,1599840000,2020.09.11 16:00:00,1800,1.18463,0.0016132117942220833,1.0,1.0,240,1.186243211794222,1.183016788205778,TARGET,2,2020.09.11 17:00:00,2,1.0,16.132117942220834,False,False,,,TARGET,1.0
ANCHOR_CPI_SERIES,CPI_TIMELINE_20200911_153000:core_yy,840030008,110172,US,USD,CPI Core y/y,core_yy,2020.08.01 00:00:00,7120,0,CALENDAR_TIMEMODE_DATETIME,False,trade_server_time,CALENDAR_UNIT_PERCENT,1,CALENDAR_MULTIPLIER_NONE,False,,,,1599838200,2020.09.11 15:30:00,1.7,1.6,,0.1,Short,True,,1599840000,2020.09.11 16:00:00,1800,1.18463,0.0016132117942220833,1.0,1.0,240,1.186243211794222,1.183016788205778,TARGET,2,2020.09.11 17:00:00,2,1.0,16.132117942220834,False,False,,,TARGET,1.0
ANCHOR_CPI_SERIES,CPI_TIMELINE_20200911_153000:mm_sum,DERIVED_MM_SUM,,US,USD,CPI m/m Sum,mm_sum,,,0,CALENDAR_TIMEMODE_DATETIME,False,trade_server_time,CALENDAR_UNIT_PERCENT,1,CALENDAR_MULTIPLIER_NONE,True,"840030005,840030006","110178,110180","6702,6841",1599838200,2020.09.11 15:30:00,,,,-0.4,Long,True,,1599840000,2020.09.11 16:00:00,1800,1.18463,0.0016132117942220833,1.0,1.0,240,1.183016788205778,1.186243211794222,STOP,2,2020.09.11 17:00:00,2,-1.0,-16.132117942220834,False,False,,,STOP,-1.0
ANCHOR_CPI_SERIES,CPI_TIMELINE_20200911_153000:yy_sum,DERIVED_YY_SUM,,US,USD,CPI y/y Sum,yy_sum,,,0,CALENDAR_TIMEMODE_DATETIME,False,trade_server_time,CALENDAR_UNIT_PERCENT,1,CALENDAR_MULTIPLIER_NONE,True,"840030007,840030008","110179,110172","6980,7120",1599838200,2020.09.11 15:30:00,,,,0.4,Short,True,,1599840000,2020.09.11 16:00:00,1800,1.18463,0.0016132117942220833,1.0,1.0,240,1.186243211794222,1.183016788205778,TARGET,2,2020.09.11 17:00:00,2,1.0,16.132117942220834,False,False,,,TARGET,1.0
ANCHOR_CPI_SERIES,CPI_TIMELINE_20201013_153000:headline_mm,840030005,110205,US,USD,CPI Headline m/m,headline_mm,2020.09.01 00:00:00,6703,0,CALENDAR_TIMEMODE_DATETIME,False,trade_server_time,CALENDAR_UNIT_PERCENT,1,CALENDAR_MULTIPLIER_NONE,False,,,,1602603000,2020.10.13 15:30:00,0.2,0.4,,-0.2,Long,True,,1602604800,2020.10.13 16:00:00,1800,1.1791,0.0010090189695421037,1.0,1.0,240,1.1780909810304578,1.1801090189695422,STOP,1,2020.10.13 16:00:00,1,-1.0,-10.090189695421037,False,False,,,STOP,-1.0
ANCHOR_CPI_SERIES,CPI_TIMELINE_20201013_153000:core_mm,840030006,110207,US,USD,CPI Core m/m,core_mm,2020.09.01 00:00:00,6842,0,CALENDAR_TIMEMODE_DATETIME,False,trade_server_time,CALENDAR_UNIT_PERCENT,1,CALENDAR_MULTIPLIER_NONE,False,,,,1602603000,2020.10.13 15:30:00,0.2,0.4,,-0.2,Long,True,,1602604800,2020.10.13 16:00:00,1800,1.1791,0.0010090189695421037,1.0,1.0,240,1.1780909810304578,1.1801090189695422,STOP,1,2020.10.13 16:00:00,1,-1.0,-10.090189695421037,False,False,,,STOP,-1.0
ANCHOR_CPI_SERIES,CPI_TIMELINE_20201013_153000:headline_yy,840030007,110206,US,USD,CPI Headline y/y,headline_yy,2020.09.01 00:00:00,6981,0,CALENDAR_TIMEMODE_DATETIME,False,trade_server_time,CALENDAR_UNIT_PERCENT,1,CALENDAR_MULTIPLIER_NONE,False,,,,1602603000,2020.10.13 15:30:00,1.4,1.3,,0.1,Short,True,,1602604800,2020.10.13 16:00:00,1800,1.1791,0.0010090189695421037,1.0,1.0,240,1.1801090189695422,1.1780909810304578,TARGET,1,2020.10.13 16:00:00,1,1.0,10.090189695421037,False,False,,,TARGET,1.0
ANCHOR_CPI_SERIES,CPI_TIMELINE_20201013_153000:core_yy,840030008,110199,US,USD,CPI Core y/y,core_yy,2020.09.01 00:00:00,7121,0,CALENDAR_TIMEMODE_DATETIME,False,trade_server_time,CALENDAR_UNIT_PERCENT,1,CALENDAR_MULTIPLIER_NONE,False,,,,1602603000,2020.10.13 15:30:00,1.7,1.7,,0.0,Flat,False,FLAT_DIRECTION,,,,,,,,,,,,,,,,,,,,,,
ANCHOR_CPI_SERIES,CPI_TIMELINE_20201013_153000:mm_sum,DERIVED_MM_SUM,,US,USD,CPI m/m Sum,mm_sum,,,0,CALENDAR_TIMEMODE_DATETIME,False,trade_server_time,CALENDAR_UNIT_PERCENT,1,CALENDAR_MULTIPLIER_NONE,True,"840030005,840030006","110205,110207","6703,6842",1602603000,2020.10.13 15:30:00,,,,-0.4,Long,True,,1602604800,2020.10.13 16:00:00,1800,1.1791,0.0010090189695421037,1.0,1.0,240,1.1780909810304578,1.1801090189695422,STOP,1,2020.10.13 16:00:00,1,-1.0,-10.090189695421037,False,False,,,STOP,-1.0
ANCHOR_CPI_SERIES,CPI_TIMELINE_20201013_153000:yy_sum,DERIVED_YY_SUM,,US,USD,CPI y/y Sum,yy_sum,,,0,CALENDAR_TIMEMODE_DATETIME,False,trade_server_time,CALENDAR_UNIT_PERCENT,1,CALENDAR_MULTIPLIER_NONE,True,"840030007,840030008","110206,110199","6981,7121",1602603000,2020.10.13 15:30:00,,,,0.1,Short,True,,1602604800,2020.10.13 16:00:00,1800,1.1791,0.0010090189695421037,1.0,1.0,240,1.1801090189695422,1.1780909810304578,TARGET,1,2020.10.13 16:00:00,1,1.0,10.090189695421037,False,False,,,TARGET,1.0
ANCHOR_CPI_SERIES,CPI_TIMELINE_20201112_163000:headline_mm,840030005,110241,US,USD,CPI Headline m/m,headline_mm,2020.10.01 00:00:00,6704,0,CALENDAR_TIMEMODE_DATETIME,False,trade_server_time,CALENDAR_UNIT_PERCENT,1,CALENDAR_MULTIPLIER_NONE,False,,,,1605198600,2020.11.12 16:30:00,0.0,0.2,,-0.2,Long,True,,1605200400,2020.11.12 17:00:00,1800,1.17965,0.0014805940580558707,1.0,1.0,240,1.1781694059419443,1.1811305940580559,TARGET,1,2020.11.12 17:00:00,1,1.0,14.805940580558707,False,False,,,TARGET,1.0
ANCHOR_CPI_SERIES,CPI_TIMELINE_20201112_163000:core_mm,840030006,110243,US,USD,CPI Core m/m,core_mm,2020.10.01 00:00:00,6843,0,CALENDAR_TIMEMODE_DATETIME,False,trade_server_time,CALENDAR_UNIT_PERCENT,1,CALENDAR_MULTIPLIER_NONE,False,,,,1605198600,2020.11.12 16:30:00,0.0,0.2,,-0.2,Long,True,,1605200400,2020.11.12 17:00:00,1800,1.17965,0.0014805940580558707,1.0,1.0,240,1.1781694059419443,1.1811305940580559,TARGET,1,2020.11.12 17:00:00,1,1.0,14.805940580558707,False,False,,,TARGET,1.0
ANCHOR_CPI_SERIES,CPI_TIMELINE_20201112_163000:headline_yy,840030007,110242,US,USD,CPI Headline y/y,headline_yy,2020.10.01 00:00:00,6982,0,CALENDAR_TIMEMODE_DATETIME,False,trade_server_time,CALENDAR_UNIT_PERCENT,1,CALENDAR_MULTIPLIER_NONE,False,,,,1605198600,2020.11.12 16:30:00,1.2,1.4,,-0.2,Long,True,,1605200400,2020.11.12 17:00:00,1800,1.17965,0.0014805940580558707,1.0,1.0,240,1.1781694059419443,1.1811305940580559,TARGET,1,2020.11.12 17:00:00,1,1.0,14.805940580558707,False,False,,,TARGET,1.0
ANCHOR_CPI_SERIES,CPI_TIMELINE_20201112_163000:core_yy,840030008,110235,US,USD,CPI Core y/y,core_yy,2020.10.01 00:00:00,7122,0,CALENDAR_TIMEMODE_DATETIME,False,trade_server_time,CALENDAR_UNIT_PERCENT,1,CALENDAR_MULTIPLIER_NONE,False,,,,1605198600,2020.11.12 16:30:00,1.6,1.7,,-0.1,Long,True,,1605200400,2020.11.12 17:00:00,1800,1.17965,0.0014805940580558707,1.0,1.0,240,1.1781694059419443,1.1811305940580559,TARGET,1,2020.11.12 17:00:00,1,1.0,14.805940580558707,False,False,,,TARGET,1.0
ANCHOR_CPI_SERIES,CPI_TIMELINE_20201112_163000:mm_sum,DERIVED_MM_SUM,,US,USD,CPI m/m Sum,mm_sum,,,0,CALENDAR_TIMEMODE_DATETIME,False,trade_server_time,CALENDAR_UNIT_PERCENT,1,CALENDAR_MULTIPLIER_NONE,True,"840030005,840030006","110241,110243","6704,6843",1605198600,2020.11.12 16:30:00,,,,-0.4,Long,True,,1605200400,2020.11.12 17:00:00,1800,1.17965,0.0014805940580558707,1.0,1.0,240,1.1781694059419443,1.1811305940580559,TARGET,1,2020.11.12 17:00:00,1,1.0,14.805940580558707,False,False,,,TARGET,1.0
ANCHOR_CPI_SERIES,CPI_TIMELINE_20201112_163000:yy_sum,DERIVED_YY_SUM,,US,USD,CPI y/y Sum,yy_sum,,,0,CALENDAR_TIMEMODE_DATETIME,False,trade_server_time,CALENDAR_UNIT_PERCENT,1,CALENDAR_MULTIPLIER_NONE,True,"840030007,840030008","110242,110235","6982,7122",1605198600,2020.11.12 16:30:00,,,,-0.3,Long,True,,1605200400,2020.11.12 17:00:00,1800,1.17965,0.0014805940580558707,1.0,1.0,240,1.1781694059419443,1.1811305940580559,TARGET,1,2020.11.12 17:00:00,1,1.0,14.805940580558707,False,False,,,TARGET,1.0
ANCHOR_CPI_SERIES,CPI_TIMELINE_20201210_163000:headline_mm,840030005,110274,US,USD,CPI Headline m/m,headline_mm,2020.11.01 00:00:00,6705,0,CALENDAR_TIMEMODE_DATETIME,False,trade_server_time,CALENDAR_UNIT_PERCENT,1,CALENDAR_MULTIPLIER_NONE,False,,,,1607617800,2020.12.10 16:30:00,0.2,0.0,,0.2,Short,True,,1607619600,2020.12.10 17:00:00,1800,1.21518,0.0015445845159099722,1.0,1.0,240,1.2167245845159098,1.21363541548409,TARGET,1,2020.12.10 17:00:00,1,1.0,15.44584515909972,False,False,,,TARGET,1.0
ANCHOR_CPI_SERIES,CPI_TIMELINE_20201210_163000:core_mm,840030006,110276,US,USD,CPI Core m/m,core_mm,2020.11.01 00:00:00,6844,0,CALENDAR_TIMEMODE_DATETIME,False,trade_server_time,CALENDAR_UNIT_PERCENT,1,CALENDAR_MULTIPLIER_NONE,False,,,,1607617800,2020.12.10 16:30:00,0.2,0.0,,0.2,Short,True,,1607619600,2020.12.10 17:00:00,1800,1.21518,0.0015445845159099722,1.0,1.0,240,1.2167245845159098,1.21363541548409,TARGET,1,2020.12.10 17:00:00,1,1.0,15.44584515909972,False,False,,,TARGET,1.0
ANCHOR_CPI_SERIES,CPI_TIMELINE_20201210_163000:headline_yy,840030007,110275,US,USD,CPI Headline y/y,headline_yy,2020.11.01 00:00:00,6983,0,CALENDAR_TIMEMODE_DATETIME,False,trade_server_time,CALENDAR_UNIT_PERCENT,1,CALENDAR_MULTIPLIER_NONE,False,,,,1607617800,2020.12.10 16:30:00,1.2,1.2,,0.0,Flat,False,FLAT_DIRECTION,,,,,,,,,,,,,,,,,,,,,,
ANCHOR_CPI_SERIES,CPI_TIMELINE_20201210_163000:core_yy,840030008,110268,US,USD,CPI Core y/y,core_yy,2020.11.01 00:00:00,7123,0,CALENDAR_TIMEMODE_DATETIME,False,trade_server_time,CALENDAR_UNIT_PERCENT,1,CALENDAR_MULTIPLIER_NONE,False,,,,1607617800,2020.12.10 16:30:00,1.6,1.6,,0.0,Flat,False,FLAT_DIRECTION,,,,,,,,,,,,,,,,,,,,,,
ANCHOR_CPI_SERIES,CPI_TIMELINE_20201210_163000:mm_sum,DERIVED_MM_SUM,,US,USD,CPI m/m Sum,mm_sum,,,0,CALENDAR_TIMEMODE_DATETIME,False,trade_server_time,CALENDAR_UNIT_PERCENT,1,CALENDAR_MULTIPLIER_NONE,True,"840030005,840030006","110274,110276","6705,6844",1607617800,2020.12.10 16:30:00,,,,0.4,Short,True,,1607619600,2020.12.10 17:00:00,1800,1.21518,0.0015445845159099722,1.0,1.0,240,1.2167245845159098,1.21363541548409,TARGET,1,2020.12.10 17:00:00,1,1.0,15.44584515909972,False,False,,,TARGET,1.0
ANCHOR_CPI_SERIES,CPI_TIMELINE_20201210_163000:yy_sum,DERIVED_YY_SUM,,US,USD,CPI y/y Sum,yy_sum,,,0,CALENDAR_TIMEMODE_DATETIME,False,trade_server_time,CALENDAR_UNIT_PERCENT,1,CALENDAR_MULTIPLIER_NONE,True,"840030007,840030008","110275,110268","6983,7123",1607617800,2020.12.10 16:30:00,,,,0.0,Flat,False,FLAT_DIRECTION,,,,,,,,,,,,,,,,,,,,,,
ANCHOR_CPI_SERIES,CPI_TIMELINE_20210113_163000:headline_mm,840030005,140165,US,USD,CPI Headline m/m,headline_mm,2020.12.01 00:00:00,6706,0,CALENDAR_TIMEMODE_DATETIME,False,trade_server_time,CALENDAR_UNIT_PERCENT,1,CALENDAR_MULTIPLIER_NONE,False,,,,1610555400,2021.01.13 16:30:00,0.4,0.2,,0.2,Short,True,,1610557200,2021.01.13 17:00:00,1800,1.21635,0.0014625756445149289,1.0,1.0,240,1.217812575644515,1.214887424355485,STOP,1,2021.01.13 17:00:00,1,-1.0,-14.625756445149287,False,False,,,STOP,-1.0
ANCHOR_CPI_SERIES,CPI_TIMELINE_20210113_163000:core_mm,840030006,140177,US,USD,CPI Core m/m,core_mm,2020.12.01 00:00:00,6845,0,CALENDAR_TIMEMODE_DATETIME,False,trade_server_time,CALENDAR_UNIT_PERCENT,1,CALENDAR_MULTIPLIER_NONE,False,,,,1610555400,2021.01.13 16:30:00,0.1,0.2,,-0.1,Long,True,,1610557200,2021.01.13 17:00:00,1800,1.21635,0.0014625756445149289,1.0,1.0,240,1.214887424355485,1.217812575644515,TARGET,1,2021.01.13 17:00:00,1,1.0,14.625756445149287,False,False,,,TARGET,1.0
ANCHOR_CPI_SERIES,CPI_TIMELINE_20210113_163000:headline_yy,840030007,140189,US,USD,CPI Headline y/y,headline_yy,2020.12.01 00:00:00,6984,0,CALENDAR_TIMEMODE_DATETIME,False,trade_server_time,CALENDAR_UNIT_PERCENT,1,CALENDAR_MULTIPLIER_NONE,False,,,,1610555400,2021.01.13 16:30:00,1.4,1.2,,0.2,Short,True,,1610557200,2021.01.13 17:00:00,1800,1.21635,0.0014625756445149289,1.0,1.0,240,1.217812575644515,1.214887424355485,STOP,1,2021.01.13 17:00:00,1,-1.0,-14.625756445149287,False,False,,,STOP,-1.0
ANCHOR_CPI_SERIES,CPI_TIMELINE_20210113_163000:core_yy,840030008,140205,US,USD,CPI Core y/y,core_yy,2020.12.01 00:00:00,7124,0,CALENDAR_TIMEMODE_DATETIME,False,trade_server_time,CALENDAR_UNIT_PERCENT,1,CALENDAR_MULTIPLIER_NONE,False,,,,1610555400,2021.01.13 16:30:00,1.6,1.6,,0.0,Flat,False,FLAT_DIRECTION,,,,,,,,,,,,,,,,,,,,,,
ANCHOR_CPI_SERIES,CPI_TIMELINE_20210113_163000:mm_sum,DERIVED_MM_SUM,,US,USD,CPI m/m Sum,mm_sum,,,0,CALENDAR_TIMEMODE_DATETIME,False,trade_server_time,CALENDAR_UNIT_PERCENT,1,CALENDAR_MULTIPLIER_NONE,True,"840030005,840030006","140165,140177","6706,6845",1610555400,2021.01.13 16:30:00,,,,0.1,Short,True,,1610557200,2021.01.13 17:00:00,1800,1.21635,0.0014625756445149289,1.0,1.0,240,1.217812575644515,1.214887424355485,STOP,1,2021.01.13 17:00:00,1,-1.0,-14.625756445149287,False,False,,,STOP,-1.0
ANCHOR_CPI_SERIES,CPI_TIMELINE_20210113_163000:yy_sum,DERIVED_YY_SUM,,US,USD,CPI y/y Sum,yy_sum,,,0,CALENDAR_TIMEMODE_DATETIME,False,trade_server_time,CALENDAR_UNIT_PERCENT,1,CALENDAR_MULTIPLIER_NONE,True,"840030007,840030008","140189,140205","6984,7124",1610555400,2021.01.13 16:30:00,,,,0.2,Short,True,,1610557200,2021.01.13 17:00:00,1800,1.21635,0.0014625756445149289,1.0,1.0,240,1.217812575644515,1.214887424355485,STOP,1,2021.01.13 17:00:00,1,-1.0,-14.625756445149287,False,False,,,STOP,-1.0
ANCHOR_CPI_SERIES,CPI_TIMELINE_20210210_163000:headline_mm,840030005,140166,US,USD,CPI Headline m/m,headline_mm,2021.01.01 00:00:00,6707,0,CALENDAR_TIMEMODE_DATETIME,False,trade_server_time,CALENDAR_UNIT_PERCENT,1,CALENDAR_MULTIPLIER_NONE,False,,,,1612974600,2021.02.10 16:30:00,0.3,0.4,0.2,-0.1,Long,True,,1612976400,2021.02.10 17:00:00,1800,1.21239,0.0011505228156464865,1.0,1.0,240,1.2112394771843535,1.2135405228156466,TARGET,1,2021.02.10 17:00:00,1,1.0,11.505228156464865,False,False,,,TARGET,1.0
ANCHOR_CPI_SERIES,CPI_TIMELINE_20210210_163000:core_mm,840030006,140178,US,USD,CPI Core m/m,core_mm,2021.01.01 00:00:00,6846,0,CALENDAR_TIMEMODE_DATETIME,False,trade_server_time,CALENDAR_UNIT_PERCENT,1,CALENDAR_MULTIPLIER_NONE,False,,,,1612974600,2021.02.10 16:30:00,0.0,0.1,0.0,-0.1,Long,True,,1612976400,2021.02.10 17:00:00,1800,1.21239,0.0011505228156464865,1.0,1.0,240,1.2112394771843535,1.2135405228156466,TARGET,1,2021.02.10 17:00:00,1,1.0,11.505228156464865,False,False,,,TARGET,1.0
ANCHOR_CPI_SERIES,CPI_TIMELINE_20210210_163000:headline_yy,840030007,140190,US,USD,CPI Headline y/y,headline_yy,2021.01.01 00:00:00,6985,0,CALENDAR_TIMEMODE_DATETIME,False,trade_server_time,CALENDAR_UNIT_PERCENT,1,CALENDAR_MULTIPLIER_NONE,False,,,,1612974600,2021.02.10 16:30:00,1.4,1.4,,0.0,Flat,False,FLAT_DIRECTION,,,,,,,,,,,,,,,,,,,,,,
ANCHOR_CPI_SERIES,CPI_TIMELINE_20210210_163000:core_yy,840030008,140206,US,USD,CPI Core y/y,core_yy,2021.01.01 00:00:00,7125,0,CALENDAR_TIMEMODE_DATETIME,False,trade_server_time,CALENDAR_UNIT_PERCENT,1,CALENDAR_MULTIPLIER_NONE,False,,,,1612974600,2021.02.10 16:30:00,1.4,1.6,,-0.2,Long,True,,1612976400,2021.02.10 17:00:00,1800,1.21239,0.0011505228156464865,1.0,1.0,240,1.2112394771843535,1.2135405228156466,TARGET,1,2021.02.10 17:00:00,1,1.0,11.505228156464865,False,False,,,TARGET,1.0
ANCHOR_CPI_SERIES,CPI_TIMELINE_20210210_163000:mm_sum,DERIVED_MM_SUM,,US,USD,CPI m/m Sum,mm_sum,,,0,CALENDAR_TIMEMODE_DATETIME,False,trade_server_time,CALENDAR_UNIT_PERCENT,1,CALENDAR_MULTIPLIER_NONE,True,"840030005,840030006","140166,140178","6707,6846",1612974600,2021.02.10 16:30:00,,,,-0.2,Long,True,,1612976400,2021.02.10 17:00:00,1800,1.21239,0.0011505228156464865,1.0,1.0,240,1.2112394771843535,1.2135405228156466,TARGET,1,2021.02.10 17:00:00,1,1.0,11.505228156464865,False,False,,,TARGET,1.0
ANCHOR_CPI_SERIES,CPI_TIMELINE_20210210_163000:yy_sum,DERIVED_YY_SUM,,US,USD,CPI y/y Sum,yy_sum,,,0,CALENDAR_TIMEMODE_DATETIME,False,trade_server_time,CALENDAR_UNIT_PERCENT,1,CALENDAR_MULTIPLIER_NONE,True,"840030007,840030008","140190,140206","6985,7125",1612974600,2021.02.10 16:30:00,,,,-0.2,Long,True,,1612976400,2021.02.10 17:00:00,1800,1.21239,0.0011505228156464865,1.0,1.0,240,1.2112394771843535,1.2135405228156466,TARGET,1,2021.02.10 17:00:00,1,1.0,11.505228156464865,False,False,,,TARGET,1.0
ANCHOR_CPI_SERIES,CPI_TIMELINE_20210310_163000:headline_mm,840030005,140167,US,USD,CPI Headline m/m,headline_mm,2021.02.01 00:00:00,6708,0,CALENDAR_TIMEMODE_DATETIME,False,trade_server_time,CALENDAR_UNIT_PERCENT,1,CALENDAR_MULTIPLIER_NONE,False,,,,1615393800,2021.03.10 16:30:00,0.4,0.3,,0.1,Short,True,,1615395600,2021.03.10 17:00:00,1800,1.19126,0.0013431428436753569,1.0,1.0,240,1.1926031428436754,1.1899168571563246,TARGET,1,2021.03.10 17:00:00,1,1.0,13.431428436753569,False,False,,,TARGET,1.0
ANCHOR_CPI_SERIES,CPI_TIMELINE_20210310_163000:core_mm,840030006,140179,US,USD,CPI Core m/m,core_mm,2021.02.01 00:00:00,6847,0,CALENDAR_TIMEMODE_DATETIME,False,trade_server_time,CALENDAR_UNIT_PERCENT,1,CALENDAR_MULTIPLIER_NONE,False,,,,1615393800,2021.03.10 16:30:00,0.1,0.0,,0.1,Short,True,,1615395600,2021.03.10 17:00:00,1800,1.19126,0.0013431428436753569,1.0,1.0,240,1.1926031428436754,1.1899168571563246,TARGET,1,2021.03.10 17:00:00,1,1.0,13.431428436753569,False,False,,,TARGET,1.0
ANCHOR_CPI_SERIES,CPI_TIMELINE_20210310_163000:headline_yy,840030007,140191,US,USD,CPI Headline y/y,headline_yy,2021.02.01 00:00:00,6986,0,CALENDAR_TIMEMODE_DATETIME,False,trade_server_time,CALENDAR_UNIT_PERCENT,1,CALENDAR_MULTIPLIER_NONE,False,,,,1615393800,2021.03.10 16:30:00,1.7,1.4,,0.3,Short,True,,1615395600,2021.03.10 17:00:00,1800,1.19126,0.0013431428436753569,1.0,1.0,240,1.1926031428436754,1.1899168571563246,TARGET,1,2021.03.10 17:00:00,1,1.0,13.431428436753569,False,False,,,TARGET,1.0
ANCHOR_CPI_SERIES,CPI_TIMELINE_20210310_163000:core_yy,840030008,140207,US,USD,CPI Core y/y,core_yy,2021.02.01 00:00:00,7126,0,CALENDAR_TIMEMODE_DATETIME,False,trade_server_time,CALENDAR_UNIT_PERCENT,1,CALENDAR_MULTIPLIER_NONE,False,,,,1615393800,2021.03.10 16:30:00,1.3,1.4,,-0.1,Long,True,,1615395600,2021.03.10 17:00:00,1800,1.19126,0.0013431428436753569,1.0,1.0,240,1.1899168571563246,1.1926031428436754,STOP,1,2021.03.10 17:00:00,1,-1.0,-13.431428436753569,False,False,,,STOP,-1.0
ANCHOR_CPI_SERIES,CPI_TIMELINE_20210310_163000:mm_sum,DERIVED_MM_SUM,,US,USD,CPI m/m Sum,mm_sum,,,0,CALENDAR_TIMEMODE_DATETIME,False,trade_server_time,CALENDAR_UNIT_PERCENT,1,CALENDAR_MULTIPLIER_NONE,True,"840030005,840030006","140167,140179","6708,6847",1615393800,2021.03.10 16:30:00,,,,0.2,Short,True,,1615395600,2021.03.10 17:00:00,1800,1.19126,0.0013431428436753569,1.0,1.0,240,1.1926031428436754,1.1899168571563246,TARGET,1,2021.03.10 17:00:00,1,1.0,13.431428436753569,False,False,,,TARGET,1.0
ANCHOR_CPI_SERIES,CPI_TIMELINE_20210310_163000:yy_sum,DERIVED_YY_SUM,,US,USD,CPI y/y Sum,yy_sum,,,0,CALENDAR_TIMEMODE_DATETIME,False,trade_server_time,CALENDAR_UNIT_PERCENT,1,CALENDAR_MULTIPLIER_NONE,True,"840030007,840030008","140191,140207","6986,7126",1615393800,2021.03.10 16:30:00,,,,0.2,Short,True,,1615395600,2021.03.10 17:00:00,1800,1.19126,0.0013431428436753569,1.0,1.0,240,1.1926031428436754,1.1899168571563246,TARGET,1,2021.03.10 17:00:00,1,1.0,13.431428436753569,False,False,,,TARGET,1.0
ANCHOR_CPI_SERIES,CPI_TIMELINE_20210413_153000:headline_mm,840030005,140168,US,USD,CPI Headline m/m,headline_mm,2021.03.01 00:00:00,6709,0,CALENDAR_TIMEMODE_DATETIME,False,trade_server_time,CALENDAR_UNIT_PERCENT,1,CALENDAR_MULTIPLIER_NONE,False,,,,1618327800,2021.04.13 15:30:00,0.6,0.4,,0.2,Short,True,,1618329600,2021.04.13 16:00:00,1800,1.19242,0.0010655672287134689,1.0,1.0,240,1.1934855672287135,1.1913544327712866,STOP,1,2021.04.13 16:00:00,1,-1.0,-10.655672287134689,False,False,,,STOP,-1.0
ANCHOR_CPI_SERIES,CPI_TIMELINE_20210413_153000:core_mm,840030006,140180,US,USD,CPI Core m/m,core_mm,2021.03.01 00:00:00,6848,0,CALENDAR_TIMEMODE_DATETIME,False,trade_server_time,CALENDAR_UNIT_PERCENT,1,CALENDAR_MULTIPLIER_NONE,False,,,,1618327800,2021.04.13 15:30:00,0.3,0.1,,0.2,Short,True,,1618329600,2021.04.13 16:00:00,1800,1.19242,0.0010655672287134689,1.0,1.0,240,1.1934855672287135,1.1913544327712866,STOP,1,2021.04.13 16:00:00,1,-1.0,-10.655672287134689,False,False,,,STOP,-1.0
ANCHOR_CPI_SERIES,CPI_TIMELINE_20210413_153000:headline_yy,840030007,140192,US,USD,CPI Headline y/y,headline_yy,2021.03.01 00:00:00,6987,0,CALENDAR_TIMEMODE_DATETIME,False,trade_server_time,CALENDAR_UNIT_PERCENT,1,CALENDAR_MULTIPLIER_NONE,False,,,,1618327800,2021.04.13 15:30:00,2.6,1.7,,0.9,Short,True,,1618329600,2021.04.13 16:00:00,1800,1.19242,0.0010655672287134689,1.0,1.0,240,1.1934855672287135,1.1913544327712866,STOP,1,2021.04.13 16:00:00,1,-1.0,-10.655672287134689,False,False,,,STOP,-1.0
ANCHOR_CPI_SERIES,CPI_TIMELINE_20210413_153000:core_yy,840030008,140208,US,USD,CPI Core y/y,core_yy,2021.03.01 00:00:00,7127,0,CALENDAR_TIMEMODE_DATETIME,False,trade_server_time,CALENDAR_UNIT_PERCENT,1,CALENDAR_MULTIPLIER_NONE,False,,,,1618327800,2021.04.13 15:30:00,1.6,1.3,,0.3,Short,True,,1618329600,2021.04.13 16:00:00,1800,1.19242,0.0010655672287134689,1.0,1.0,240,1.1934855672287135,1.1913544327712866,STOP,1,2021.04.13 16:00:00,1,-1.0,-10.655672287134689,False,False,,,STOP,-1.0
ANCHOR_CPI_SERIES,CPI_TIMELINE_20210413_153000:mm_sum,DERIVED_MM_SUM,,US,USD,CPI m/m Sum,mm_sum,,,0,CALENDAR_TIMEMODE_DATETIME,False,trade_server_time,CALENDAR_UNIT_PERCENT,1,CALENDAR_MULTIPLIER_NONE,True,"840030005,840030006","140168,140180","6709,6848",1618327800,2021.04.13 15:30:00,,,,0.4,Short,True,,1618329600,2021.04.13 16:00:00,1800,1.19242,0.0010655672287134689,1.0,1.0,240,1.1934855672287135,1.1913544327712866,STOP,1,2021.04.13 16:00:00,1,-1.0,-10.655672287134689,False,False,,,STOP,-1.0
ANCHOR_CPI_SERIES,CPI_TIMELINE_20210413_153000:yy_sum,DERIVED_YY_SUM,,US,USD,CPI y/y Sum,yy_sum,,,0,CALENDAR_TIMEMODE_DATETIME,False,trade_server_time,CALENDAR_UNIT_PERCENT,1,CALENDAR_MULTIPLIER_NONE,True,"840030007,840030008","140192,140208","6987,7127",1618327800,2021.04.13 15:30:00,,,,1.2,Short,True,,1618329600,2021.04.13 16:00:00,1800,1.19242,0.0010655672287134689,1.0,1.0,240,1.1934855672287135,1.1913544327712866,STOP,1,2021.04.13 16:00:00,1,-1.0,-10.655672287134689,False,False,,,STOP,-1.0
ANCHOR_CPI_SERIES,CPI_TIMELINE_20210512_153000:headline_mm,840030005,140169,US,USD,CPI Headline m/m,headline_mm,2021.04.01 00:00:00,6710,0,CALENDAR_TIMEMODE_DATETIME,False,trade_server_time,CALENDAR_UNIT_PERCENT,1,CALENDAR_MULTIPLIER_NONE,False,,,,1620833400,2021.05.12 15:30:00,0.8,0.6,,0.2,Short,True,,1620835200,2021.05.12 16:00:00,1800,1.21295,0.001163546163109404,1.0,1.0,240,1.2141135461631094,1.2117864538368905,STOP,1,2021.05.12 16:00:00,1,-1.0,-11.635461631094039,True,False,,,TARGET,1.0
ANCHOR_CPI_SERIES,CPI_TIMELINE_20210512_153000:core_mm,840030006,140181,US,USD,CPI Core m/m,core_mm,2021.04.01 00:00:00,6849,0,CALENDAR_TIMEMODE_DATETIME,False,trade_server_time,CALENDAR_UNIT_PERCENT,1,CALENDAR_MULTIPLIER_NONE,False,,,,1620833400,2021.05.12 15:30:00,0.9,0.3,,0.6,Short,True,,1620835200,2021.05.12 16:00:00,1800,1.21295,0.001163546163109404,1.0,1.0,240,1.2141135461631094,1.2117864538368905,STOP,1,2021.05.12 16:00:00,1,-1.0,-11.635461631094039,True,False,,,TARGET,1.0
ANCHOR_CPI_SERIES,CPI_TIMELINE_20210512_153000:headline_yy,840030007,140193,US,USD,CPI Headline y/y,headline_yy,2021.04.01 00:00:00,6988,0,CALENDAR_TIMEMODE_DATETIME,False,trade_server_time,CALENDAR_UNIT_PERCENT,1,CALENDAR_MULTIPLIER_NONE,False,,,,1620833400,2021.05.12 15:30:00,4.2,2.6,,1.6,Short,True,,1620835200,2021.05.12 16:00:00,1800,1.21295,0.001163546163109404,1.0,1.0,240,1.2141135461631094,1.2117864538368905,STOP,1,2021.05.12 16:00:00,1,-1.0,-11.635461631094039,True,False,,,TARGET,1.0
ANCHOR_CPI_SERIES,CPI_TIMELINE_20210512_153000:core_yy,840030008,140209,US,USD,CPI Core y/y,core_yy,2021.04.01 00:00:00,7128,0,CALENDAR_TIMEMODE_DATETIME,False,trade_server_time,CALENDAR_UNIT_PERCENT,1,CALENDAR_MULTIPLIER_NONE,False,,,,1620833400,2021.05.12 15:30:00,3.0,1.6,,1.4,Short,True,,1620835200,2021.05.12 16:00:00,1800,1.21295,0.001163546163109404,1.0,1.0,240,1.2141135461631094,1.2117864538368905,STOP,1,2021.05.12 16:00:00,1,-1.0,-11.635461631094039,True,False,,,TARGET,1.0
ANCHOR_CPI_SERIES,CPI_TIMELINE_20210512_153000:mm_sum,DERIVED_MM_SUM,,US,USD,CPI m/m Sum,mm_sum,,,0,CALENDAR_TIMEMODE_DATETIME,False,trade_server_time,CALENDAR_UNIT_PERCENT,1,CALENDAR_MULTIPLIER_NONE,True,"840030005,840030006","140169,140181","6710,6849",1620833400,2021.05.12 15:30:00,,,,0.8,Short,True,,1620835200,2021.05.12 16:00:00,1800,1.21295,0.001163546163109404,1.0,1.0,240,1.2141135461631094,1.2117864538368905,STOP,1,2021.05.12 16:00:00,1,-1.0,-11.635461631094039,True,False,,,TARGET,1.0
ANCHOR_CPI_SERIES,CPI_TIMELINE_20210512_153000:yy_sum,DERIVED_YY_SUM,,US,USD,CPI y/y Sum,yy_sum,,,0,CALENDAR_TIMEMODE_DATETIME,False,trade_server_time,CALENDAR_UNIT_PERCENT,1,CALENDAR_MULTIPLIER_NONE,True,"840030007,840030008","140193,140209","6988,7128",1620833400,2021.05.12 15:30:00,,,,3.0,Short,True,,1620835200,2021.05.12 16:00:00,1800,1.21295,0.001163546163109404,1.0,1.0,240,1.2141135461631094,1.2117864538368905,STOP,1,2021.05.12 16:00:00,1,-1.0,-11.635461631094039,True,False,,,TARGET,1.0
ANCHOR_CPI_SERIES,CPI_TIMELINE_20210610_153000:headline_mm,840030005,140170,US,USD,CPI Headline m/m,headline_mm,2021.05.01 00:00:00,6711,0,CALENDAR_TIMEMODE_DATETIME,False,trade_server_time,CALENDAR_UNIT_PERCENT,1,CALENDAR_MULTIPLIER_NONE,False,,,,1623339000,2021.06.10 15:30:00,0.6,0.8,,-0.2,Long,True,,1623340800,2021.06.10 16:00:00,1800,1.21867,0.0009907867008498274,1.0,1.0,240,1.21767921329915,1.2196607867008498,STOP,1,2021.06.10 16:00:00,1,-1.0,-9.907867008498274,False,False,,,STOP,-1.0
ANCHOR_CPI_SERIES,CPI_TIMELINE_20210610_153000:core_mm,840030006,140182,US,USD,CPI Core m/m,core_mm,2021.05.01 00:00:00,6850,0,CALENDAR_TIMEMODE_DATETIME,False,trade_server_time,CALENDAR_UNIT_PERCENT,1,CALENDAR_MULTIPLIER_NONE,False,,,,1623339000,2021.06.10 15:30:00,0.7,0.9,,-0.2,Long,True,,1623340800,2021.06.10 16:00:00,1800,1.21867,0.0009907867008498274,1.0,1.0,240,1.21767921329915,1.2196607867008498,STOP,1,2021.06.10 16:00:00,1,-1.0,-9.907867008498274,False,False,,,STOP,-1.0
ANCHOR_CPI_SERIES,CPI_TIMELINE_20210610_153000:headline_yy,840030007,140194,US,USD,CPI Headline y/y,headline_yy,2021.05.01 00:00:00,6989,0,CALENDAR_TIMEMODE_DATETIME,False,trade_server_time,CALENDAR_UNIT_PERCENT,1,CALENDAR_MULTIPLIER_NONE,False,,,,1623339000,2021.06.10 15:30:00,5.0,4.2,,0.8,Short,True,,1623340800,2021.06.10 16:00:00,1800,1.21867,0.0009907867008498274,1.0,1.0,240,1.2196607867008498,1.21767921329915,TARGET,1,2021.06.10 16:00:00,1,1.0,9.907867008498274,False,False,,,TARGET,1.0
ANCHOR_CPI_SERIES,CPI_TIMELINE_20210610_153000:core_yy,840030008,140210,US,USD,CPI Core y/y,core_yy,2021.05.01 00:00:00,7129,0,CALENDAR_TIMEMODE_DATETIME,False,trade_server_time,CALENDAR_UNIT_PERCENT,1,CALENDAR_MULTIPLIER_NONE,False,,,,1623339000,2021.06.10 15:30:00,3.8,3.0,,0.8,Short,True,,1623340800,2021.06.10 16:00:00,1800,1.21867,0.0009907867008498274,1.0,1.0,240,1.2196607867008498,1.21767921329915,TARGET,1,2021.06.10 16:00:00,1,1.0,9.907867008498274,False,False,,,TARGET,1.0
ANCHOR_CPI_SERIES,CPI_TIMELINE_20210610_153000:mm_sum,DERIVED_MM_SUM,,US,USD,CPI m/m Sum,mm_sum,,,0,CALENDAR_TIMEMODE_DATETIME,False,trade_server_time,CALENDAR_UNIT_PERCENT,1,CALENDAR_MULTIPLIER_NONE,True,"840030005,840030006","140170,140182","6711,6850",1623339000,2021.06.10 15:30:00,,,,-0.4,Long,True,,1623340800,2021.06.10 16:00:00,1800,1.21867,0.0009907867008498274,1.0,1.0,240,1.21767921329915,1.2196607867008498,STOP,1,2021.06.10 16:00:00,1,-1.0,-9.907867008498274,False,False,,,STOP,-1.0
ANCHOR_CPI_SERIES,CPI_TIMELINE_20210610_153000:yy_sum,DERIVED_YY_SUM,,US,USD,CPI y/y Sum,yy_sum,,,0,CALENDAR_TIMEMODE_DATETIME,False,trade_server_time,CALENDAR_UNIT_PERCENT,1,CALENDAR_MULTIPLIER_NONE,True,"840030007,840030008","140194,140210","6989,7129",1623339000,2021.06.10 15:30:00,,,,1.6,Short,True,,1623340800,2021.06.10 16:00:00,1800,1.21867,0.0009907867008498274,1.0,1.0,240,1.2196607867008498,1.21767921329915,TARGET,1,2021.06.10 16:00:00,1,1.0,9.907867008498274,False,False,,,TARGET,1.0
ANCHOR_CPI_SERIES,CPI_TIMELINE_20210713_153000:headline_mm,840030005,140171,US,USD,CPI Headline m/m,headline_mm,2021.06.01 00:00:00,6712,0,CALENDAR_TIMEMODE_DATETIME,False,trade_server_time,CALENDAR_UNIT_PERCENT,1,CALENDAR_MULTIPLIER_NONE,False,,,,1626190200,2021.07.13 15:30:00,0.9,0.6,,0.3,Short,True,,1626192000,2021.07.13 16:00:00,1800,1.17984,0.0010492769216286794,1.0,1.0,240,1.1808892769216286,1.1787907230783714,STOP,1,2021.07.13 16:00:00,1,-1.0,-10.492769216286794,False,False,,,STOP,-1.0
ANCHOR_CPI_SERIES,CPI_TIMELINE_20210713_153000:core_mm,840030006,140183,US,USD,CPI Core m/m,core_mm,2021.06.01 00:00:00,6851,0,CALENDAR_TIMEMODE_DATETIME,False,trade_server_time,CALENDAR_UNIT_PERCENT,1,CALENDAR_MULTIPLIER_NONE,False,,,,1626190200,2021.07.13 15:30:00,0.9,0.7,,0.2,Short,True,,1626192000,2021.07.13 16:00:00,1800,1.17984,0.0010492769216286794,1.0,1.0,240,1.1808892769216286,1.1787907230783714,STOP,1,2021.07.13 16:00:00,1,-1.0,-10.492769216286794,False,False,,,STOP,-1.0
ANCHOR_CPI_SERIES,CPI_TIMELINE_20210713_153000:headline_yy,840030007,140195,US,USD,CPI Headline y/y,headline_yy,2021.06.01 00:00:00,6990,0,CALENDAR_TIMEMODE_DATETIME,False,trade_server_time,CALENDAR_UNIT_PERCENT,1,CALENDAR_MULTIPLIER_NONE,False,,,,1626190200,2021.07.13 15:30:00,5.4,5.0,,0.4,Short,True,,1626192000,2021.07.13 16:00:00,1800,1.17984,0.0010492769216286794,1.0,1.0,240,1.1808892769216286,1.1787907230783714,STOP,1,2021.07.13 16:00:00,1,-1.0,-10.492769216286794,False,False,,,STOP,-1.0
ANCHOR_CPI_SERIES,CPI_TIMELINE_20210713_153000:core_yy,840030008,140211,US,USD,CPI Core y/y,core_yy,2021.06.01 00:00:00,7130,0,CALENDAR_TIMEMODE_DATETIME,False,trade_server_time,CALENDAR_UNIT_PERCENT,1,CALENDAR_MULTIPLIER_NONE,False,,,,1626190200,2021.07.13 15:30:00,4.5,3.8,,0.7,Short,True,,1626192000,2021.07.13 16:00:00,1800,1.17984,0.0010492769216286794,1.0,1.0,240,1.1808892769216286,1.1787907230783714,STOP,1,2021.07.13 16:00:00,1,-1.0,-10.492769216286794,False,False,,,STOP,-1.0
ANCHOR_CPI_SERIES,CPI_TIMELINE_20210713_153000:mm_sum,DERIVED_MM_SUM,,US,USD,CPI m/m Sum,mm_sum,,,0,CALENDAR_TIMEMODE_DATETIME,False,trade_server_time,CALENDAR_UNIT_PERCENT,1,CALENDAR_MULTIPLIER_NONE,True,"840030005,840030006","140171,140183","6712,6851",1626190200,2021.07.13 15:30:00,,,,0.5,Short,True,,1626192000,2021.07.13 16:00:00,1800,1.17984,0.0010492769216286794,1.0,1.0,240,1.1808892769216286,1.1787907230783714,STOP,1,2021.07.13 16:00:00,1,-1.0,-10.492769216286794,False,False,,,STOP,-1.0
ANCHOR_CPI_SERIES,CPI_TIMELINE_20210713_153000:yy_sum,DERIVED_YY_SUM,,US,USD,CPI y/y Sum,yy_sum,,,0,CALENDAR_TIMEMODE_DATETIME,False,trade_server_time,CALENDAR_UNIT_PERCENT,1,CALENDAR_MULTIPLIER_NONE,True,"840030007,840030008","140195,140211","6990,7130",1626190200,2021.07.13 15:30:00,,,,1.1,Short,True,,1626192000,2021.07.13 16:00:00,1800,1.17984,0.0010492769216286794,1.0,1.0,240,1.1808892769216286,1.1787907230783714,STOP,1,2021.07.13 16:00:00,1,-1.0,-10.492769216286794,False,False,,,STOP,-1.0
ANCHOR_CPI_SERIES,CPI_TIMELINE_20210811_153000:headline_mm,840030005,140172,US,USD,CPI Headline m/m,headline_mm,2021.07.01 00:00:00,6713,0,CALENDAR_TIMEMODE_DATETIME,False,trade_server_time,CALENDAR_UNIT_PERCENT,1,CALENDAR_MULTIPLIER_NONE,False,,,,1628695800,2021.08.11 15:30:00,0.5,0.9,,-0.4,Long,True,,1628697600,2021.08.11 16:00:00,1800,1.17344,0.0007546001994649317,1.0,1.0,240,1.172685399800535,1.174194600199465,STOP,1,2021.08.11 16:00:00,1,-1.0,-7.546001994649316,True,False,,,TARGET,1.0
ANCHOR_CPI_SERIES,CPI_TIMELINE_20210811_153000:core_mm,840030006,140184,US,USD,CPI Core m/m,core_mm,2021.07.01 00:00:00,6852,0,CALENDAR_TIMEMODE_DATETIME,False,trade_server_time,CALENDAR_UNIT_PERCENT,1,CALENDAR_MULTIPLIER_NONE,False,,,,1628695800,2021.08.11 15:30:00,0.3,0.9,,-0.6,Long,True,,1628697600,2021.08.11 16:00:00,1800,1.17344,0.0007546001994649317,1.0,1.0,240,1.172685399800535,1.174194600199465,STOP,1,2021.08.11 16:00:00,1,-1.0,-7.546001994649316,True,False,,,TARGET,1.0
ANCHOR_CPI_SERIES,CPI_TIMELINE_20210811_153000:headline_yy,840030007,140196,US,USD,CPI Headline y/y,headline_yy,2021.07.01 00:00:00,6991,0,CALENDAR_TIMEMODE_DATETIME,False,trade_server_time,CALENDAR_UNIT_PERCENT,1,CALENDAR_MULTIPLIER_NONE,False,,,,1628695800,2021.08.11 15:30:00,5.4,5.4,,0.0,Flat,False,FLAT_DIRECTION,,,,,,,,,,,,,,,,,,,,,,
ANCHOR_CPI_SERIES,CPI_TIMELINE_20210811_153000:core_yy,840030008,140212,US,USD,CPI Core y/y,core_yy,2021.07.01 00:00:00,7131,0,CALENDAR_TIMEMODE_DATETIME,False,trade_server_time,CALENDAR_UNIT_PERCENT,1,CALENDAR_MULTIPLIER_NONE,False,,,,1628695800,2021.08.11 15:30:00,4.3,4.5,,-0.2,Long,True,,1628697600,2021.08.11 16:00:00,1800,1.17344,0.0007546001994649317,1.0,1.0,240,1.172685399800535,1.174194600199465,STOP,1,2021.08.11 16:00:00,1,-1.0,-7.546001994649316,True,False,,,TARGET,1.0
ANCHOR_CPI_SERIES,CPI_TIMELINE_20210811_153000:mm_sum,DERIVED_MM_SUM,,US,USD,CPI m/m Sum,mm_sum,,,0,CALENDAR_TIMEMODE_DATETIME,False,trade_server_time,CALENDAR_UNIT_PERCENT,1,CALENDAR_MULTIPLIER_NONE,True,"840030005,840030006","140172,140184","6713,6852",1628695800,2021.08.11 15:30:00,,,,-1.0,Long,True,,1628697600,2021.08.11 16:00:00,1800,1.17344,0.0007546001994649317,1.0,1.0,240,1.172685399800535,1.174194600199465,STOP,1,2021.08.11 16:00:00,1,-1.0,-7.546001994649316,True,False,,,TARGET,1.0
ANCHOR_CPI_SERIES,CPI_TIMELINE_20210811_153000:yy_sum,DERIVED_YY_SUM,,US,USD,CPI y/y Sum,yy_sum,,,0,CALENDAR_TIMEMODE_DATETIME,False,trade_server_time,CALENDAR_UNIT_PERCENT,1,CALENDAR_MULTIPLIER_NONE,True,"840030007,840030008","140196,140212","6991,7131",1628695800,2021.08.11 15:30:00,,,,-0.2,Long,True,,1628697600,2021.08.11 16:00:00,1800,1.17344,0.0007546001994649317,1.0,1.0,240,1.172685399800535,1.174194600199465,STOP,1,2021.08.11 16:00:00,1,-1.0,-7.546001994649316,True,False,,,TARGET,1.0
ANCHOR_CPI_SERIES,CPI_TIMELINE_20210914_153000:headline_mm,840030005,140173,US,USD,CPI Headline m/m,headline_mm,2021.08.01 00:00:00,6714,0,CALENDAR_TIMEMODE_DATETIME,False,trade_server_time,CALENDAR_UNIT_PERCENT,1,CALENDAR_MULTIPLIER_NONE,False,,,,1631633400,2021.09.14 15:30:00,0.3,0.5,,-0.2,Long,True,,1631635200,2021.09.14 16:00:00,1800,1.18412,0.000919422506895517,1.0,1.0,240,1.1832005774931045,1.1850394225068956,STOP,1,2021.09.14 16:00:00,1,-1.0,-9.19422506895517,False,False,,,STOP,-1.0
ANCHOR_CPI_SERIES,CPI_TIMELINE_20210914_153000:core_mm,840030006,140185,US,USD,CPI Core m/m,core_mm,2021.08.01 00:00:00,6853,0,CALENDAR_TIMEMODE_DATETIME,False,trade_server_time,CALENDAR_UNIT_PERCENT,1,CALENDAR_MULTIPLIER_NONE,False,,,,1631633400,2021.09.14 15:30:00,0.1,0.3,,-0.2,Long,True,,1631635200,2021.09.14 16:00:00,1800,1.18412,0.000919422506895517,1.0,1.0,240,1.1832005774931045,1.1850394225068956,STOP,1,2021.09.14 16:00:00,1,-1.0,-9.19422506895517,False,False,,,STOP,-1.0
ANCHOR_CPI_SERIES,CPI_TIMELINE_20210914_153000:headline_yy,840030007,140197,US,USD,CPI Headline y/y,headline_yy,2021.08.01 00:00:00,6992,0,CALENDAR_TIMEMODE_DATETIME,False,trade_server_time,CALENDAR_UNIT_PERCENT,1,CALENDAR_MULTIPLIER_NONE,False,,,,1631633400,2021.09.14 15:30:00,5.3,5.4,,-0.1,Long,True,,1631635200,2021.09.14 16:00:00,1800,1.18412,0.000919422506895517,1.0,1.0,240,1.1832005774931045,1.1850394225068956,STOP,1,2021.09.14 16:00:00,1,-1.0,-9.19422506895517,False,False,,,STOP,-1.0
ANCHOR_CPI_SERIES,CPI_TIMELINE_20210914_153000:core_yy,840030008,140213,US,USD,CPI Core y/y,core_yy,2021.08.01 00:00:00,7132,0,CALENDAR_TIMEMODE_DATETIME,False,trade_server_time,CALENDAR_UNIT_PERCENT,1,CALENDAR_MULTIPLIER_NONE,False,,,,1631633400,2021.09.14 15:30:00,4.0,4.3,,-0.3,Long,True,,1631635200,2021.09.14 16:00:00,1800,1.18412,0.000919422506895517,1.0,1.0,240,1.1832005774931045,1.1850394225068956,STOP,1,2021.09.14 16:00:00,1,-1.0,-9.19422506895517,False,False,,,STOP,-1.0
ANCHOR_CPI_SERIES,CPI_TIMELINE_20210914_153000:mm_sum,DERIVED_MM_SUM,,US,USD,CPI m/m Sum,mm_sum,,,0,CALENDAR_TIMEMODE_DATETIME,False,trade_server_time,CALENDAR_UNIT_PERCENT,1,CALENDAR_MULTIPLIER_NONE,True,"840030005,840030006","140173,140185","6714,6853",1631633400,2021.09.14 15:30:00,,,,-0.4,Long,True,,1631635200,2021.09.14 16:00:00,1800,1.18412,0.000919422506895517,1.0,1.0,240,1.1832005774931045,1.1850394225068956,STOP,1,2021.09.14 16:00:00,1,-1.0,-9.19422506895517,False,False,,,STOP,-1.0
ANCHOR_CPI_SERIES,CPI_TIMELINE_20210914_153000:yy_sum,DERIVED_YY_SUM,,US,USD,CPI y/y Sum,yy_sum,,,0,CALENDAR_TIMEMODE_DATETIME,False,trade_server_time,CALENDAR_UNIT_PERCENT,1,CALENDAR_MULTIPLIER_NONE,True,"840030007,840030008","140197,140213","6992,7132",1631633400,2021.09.14 15:30:00,,,,-0.4,Long,True,,1631635200,2021.09.14 16:00:00,1800,1.18412,0.000919422506895517,1.0,1.0,240,1.1832005774931045,1.1850394225068956,STOP,1,2021.09.14 16:00:00,1,-1.0,-9.19422506895517,False,False,,,STOP,-1.0
ANCHOR_CPI_SERIES,CPI_TIMELINE_20211013_153000:headline_mm,840030005,140174,US,USD,CPI Headline m/m,headline_mm,2021.09.01 00:00:00,6715,0,CALENDAR_TIMEMODE_DATETIME,False,trade_server_time,CALENDAR_UNIT_PERCENT,1,CALENDAR_MULTIPLIER_NONE,False,,,,1634139000,2021.10.13 15:30:00,0.4,0.3,,0.1,Short,True,,1634140800,2021.10.13 16:00:00,1800,1.15425,0.0008429920630681434,1.0,1.0,240,1.1550929920630681,1.1534070079369318,STOP,1,2021.10.13 16:00:00,1,-1.0,-8.429920630681433,False,False,,,STOP,-1.0
ANCHOR_CPI_SERIES,CPI_TIMELINE_20211013_153000:core_mm,840030006,140186,US,USD,CPI Core m/m,core_mm,2021.09.01 00:00:00,6854,0,CALENDAR_TIMEMODE_DATETIME,False,trade_server_time,CALENDAR_UNIT_PERCENT,1,CALENDAR_MULTIPLIER_NONE,False,,,,1634139000,2021.10.13 15:30:00,0.2,0.1,,0.1,Short,True,,1634140800,2021.10.13 16:00:00,1800,1.15425,0.0008429920630681434,1.0,1.0,240,1.1550929920630681,1.1534070079369318,STOP,1,2021.10.13 16:00:00,1,-1.0,-8.429920630681433,False,False,,,STOP,-1.0
ANCHOR_CPI_SERIES,CPI_TIMELINE_20211013_153000:headline_yy,840030007,140198,US,USD,CPI Headline y/y,headline_yy,2021.09.01 00:00:00,6993,0,CALENDAR_TIMEMODE_DATETIME,False,trade_server_time,CALENDAR_UNIT_PERCENT,1,CALENDAR_MULTIPLIER_NONE,False,,,,1634139000,2021.10.13 15:30:00,5.4,5.3,,0.1,Short,True,,1634140800,2021.10.13 16:00:00,1800,1.15425,0.0008429920630681434,1.0,1.0,240,1.1550929920630681,1.1534070079369318,STOP,1,2021.10.13 16:00:00,1,-1.0,-8.429920630681433,False,False,,,STOP,-1.0
ANCHOR_CPI_SERIES,CPI_TIMELINE_20211013_153000:core_yy,840030008,140214,US,USD,CPI Core y/y,core_yy,2021.09.01 00:00:00,7133,0,CALENDAR_TIMEMODE_DATETIME,False,trade_server_time,CALENDAR_UNIT_PERCENT,1,CALENDAR_MULTIPLIER_NONE,False,,,,1634139000,2021.10.13 15:30:00,4.0,4.0,,0.0,Flat,False,FLAT_DIRECTION,,,,,,,,,,,,,,,,,,,,,,
ANCHOR_CPI_SERIES,CPI_TIMELINE_20211013_153000:mm_sum,DERIVED_MM_SUM,,US,USD,CPI m/m Sum,mm_sum,,,0,CALENDAR_TIMEMODE_DATETIME,False,trade_server_time,CALENDAR_UNIT_PERCENT,1,CALENDAR_MULTIPLIER_NONE,True,"840030005,840030006","140174,140186","6715,6854",1634139000,2021.10.13 15:30:00,,,,0.2,Short,True,,1634140800,2021.10.13 16:00:00,1800,1.15425,0.0008429920630681434,1.0,1.0,240,1.1550929920630681,1.1534070079369318,STOP,1,2021.10.13 16:00:00,1,-1.0,-8.429920630681433,False,False,,,STOP,-1.0
ANCHOR_CPI_SERIES,CPI_TIMELINE_20211013_153000:yy_sum,DERIVED_YY_SUM,,US,USD,CPI y/y Sum,yy_sum,,,0,CALENDAR_TIMEMODE_DATETIME,False,trade_server_time,CALENDAR_UNIT_PERCENT,1,CALENDAR_MULTIPLIER_NONE,True,"840030007,840030008","140198,140214","6993,7133",1634139000,2021.10.13 15:30:00,,,,0.1,Short,True,,1634140800,2021.10.13 16:00:00,1800,1.15425,0.0008429920630681434,1.0,1.0,240,1.1550929920630681,1.1534070079369318,STOP,1,2021.10.13 16:00:00,1,-1.0,-8.429920630681433,False,False,,,STOP,-1.0
ANCHOR_CPI_SERIES,CPI_TIMELINE_20211110_163000:headline_mm,840030005,140175,US,USD,CPI Headline m/m,headline_mm,2021.10.01 00:00:00,6716,0,CALENDAR_TIMEMODE_DATETIME,False,trade_server_time,CALENDAR_UNIT_PERCENT,1,CALENDAR_MULTIPLIER_NONE,False,,,,1636561800,2021.11.10 16:30:00,0.9,0.4,,0.5,Short,True,,1636563600,2021.11.10 17:00:00,1800,1.15609,0.0013328404077239768,1.0,1.0,240,1.157422840407724,1.154757159592276,TARGET,1,2021.11.10 17:00:00,1,1.0,13.328404077239767,False,False,,,TARGET,1.0
ANCHOR_CPI_SERIES,CPI_TIMELINE_20211110_163000:core_mm,840030006,140187,US,USD,CPI Core m/m,core_mm,2021.10.01 00:00:00,6855,0,CALENDAR_TIMEMODE_DATETIME,False,trade_server_time,CALENDAR_UNIT_PERCENT,1,CALENDAR_MULTIPLIER_NONE,False,,,,1636561800,2021.11.10 16:30:00,0.6,0.2,,0.4,Short,True,,1636563600,2021.11.10 17:00:00,1800,1.15609,0.0013328404077239768,1.0,1.0,240,1.157422840407724,1.154757159592276,TARGET,1,2021.11.10 17:00:00,1,1.0,13.328404077239767,False,False,,,TARGET,1.0
ANCHOR_CPI_SERIES,CPI_TIMELINE_20211110_163000:headline_yy,840030007,140203,US,USD,CPI Headline y/y,headline_yy,2021.10.01 00:00:00,6994,0,CALENDAR_TIMEMODE_DATETIME,False,trade_server_time,CALENDAR_UNIT_PERCENT,1,CALENDAR_MULTIPLIER_NONE,False,,,,1636561800,2021.11.10 16:30:00,6.2,5.4,,0.8,Short,True,,1636563600,2021.11.10 17:00:00,1800,1.15609,0.0013328404077239768,1.0,1.0,240,1.157422840407724,1.154757159592276,TARGET,1,2021.11.10 17:00:00,1,1.0,13.328404077239767,False,False,,,TARGET,1.0
ANCHOR_CPI_SERIES,CPI_TIMELINE_20211110_163000:core_yy,840030008,140215,US,USD,CPI Core y/y,core_yy,2021.10.01 00:00:00,7134,0,CALENDAR_TIMEMODE_DATETIME,False,trade_server_time,CALENDAR_UNIT_PERCENT,1,CALENDAR_MULTIPLIER_NONE,False,,,,1636561800,2021.11.10 16:30:00,4.6,4.0,,0.6,Short,True,,1636563600,2021.11.10 17:00:00,1800,1.15609,0.0013328404077239768,1.0,1.0,240,1.157422840407724,1.154757159592276,TARGET,1,2021.11.10 17:00:00,1,1.0,13.328404077239767,False,False,,,TARGET,1.0
ANCHOR_CPI_SERIES,CPI_TIMELINE_20211110_163000:mm_sum,DERIVED_MM_SUM,,US,USD,CPI m/m Sum,mm_sum,,,0,CALENDAR_TIMEMODE_DATETIME,False,trade_server_time,CALENDAR_UNIT_PERCENT,1,CALENDAR_MULTIPLIER_NONE,True,"840030005,840030006","140175,140187","6716,6855",1636561800,2021.11.10 16:30:00,,,,0.9,Short,True,,1636563600,2021.11.10 17:00:00,1800,1.15609,0.0013328404077239768,1.0,1.0,240,1.157422840407724,1.154757159592276,TARGET,1,2021.11.10 17:00:00,1,1.0,13.328404077239767,False,False,,,TARGET,1.0
ANCHOR_CPI_SERIES,CPI_TIMELINE_20211110_163000:yy_sum,DERIVED_YY_SUM,,US,USD,CPI y/y Sum,yy_sum,,,0,CALENDAR_TIMEMODE_DATETIME,False,trade_server_time,CALENDAR_UNIT_PERCENT,1,CALENDAR_MULTIPLIER_NONE,True,"840030007,840030008","140203,140215","6994,7134",1636561800,2021.11.10 16:30:00,,,,1.4,Short,True,,1636563600,2021.11.10 17:00:00,1800,1.15609,0.0013328404077239768,1.0,1.0,240,1.157422840407724,1.154757159592276,TARGET,1,2021.11.10 17:00:00,1,1.0,13.328404077239767,False,False,,,TARGET,1.0
ANCHOR_CPI_SERIES,CPI_TIMELINE_20211210_163000:headline_mm,840030005,140176,US,USD,CPI Headline m/m,headline_mm,2021.11.01 00:00:00,6717,0,CALENDAR_TIMEMODE_DATETIME,False,trade_server_time,CALENDAR_UNIT_PERCENT,1,CALENDAR_MULTIPLIER_NONE,False,,,,1639153800,2021.12.10 16:30:00,0.8,0.9,,-0.1,Long,True,,1639155600,2021.12.10 17:00:00,1800,1.12856,0.0012197801080641513,1.0,1.0,240,1.1273402198919358,1.1297797801080642,TARGET,1,2021.12.10 17:00:00,1,1.0,12.197801080641513,False,False,,,TARGET,1.0
ANCHOR_CPI_SERIES,CPI_TIMELINE_20211210_163000:core_mm,840030006,140188,US,USD,CPI Core m/m,core_mm,2021.11.01 00:00:00,6856,0,CALENDAR_TIMEMODE_DATETIME,False,trade_server_time,CALENDAR_UNIT_PERCENT,1,CALENDAR_MULTIPLIER_NONE,False,,,,1639153800,2021.12.10 16:30:00,0.5,0.6,,-0.1,Long,True,,1639155600,2021.12.10 17:00:00,1800,1.12856,0.0012197801080641513,1.0,1.0,240,1.1273402198919358,1.1297797801080642,TARGET,1,2021.12.10 17:00:00,1,1.0,12.197801080641513,False,False,,,TARGET,1.0
ANCHOR_CPI_SERIES,CPI_TIMELINE_20211210_163000:headline_yy,840030007,140204,US,USD,CPI Headline y/y,headline_yy,2021.11.01 00:00:00,6995,0,CALENDAR_TIMEMODE_DATETIME,False,trade_server_time,CALENDAR_UNIT_PERCENT,1,CALENDAR_MULTIPLIER_NONE,False,,,,1639153800,2021.12.10 16:30:00,6.8,6.2,,0.6,Short,True,,1639155600,2021.12.10 17:00:00,1800,1.12856,0.0012197801080641513,1.0,1.0,240,1.1297797801080642,1.1273402198919358,STOP,1,2021.12.10 17:00:00,1,-1.0,-12.197801080641513,False,False,,,STOP,-1.0
ANCHOR_CPI_SERIES,CPI_TIMELINE_20211210_163000:core_yy,840030008,140216,US,USD,CPI Core y/y,core_yy,2021.11.01 00:00:00,7135,0,CALENDAR_TIMEMODE_DATETIME,False,trade_server_time,CALENDAR_UNIT_PERCENT,1,CALENDAR_MULTIPLIER_NONE,False,,,,1639153800,2021.12.10 16:30:00,4.9,4.6,,0.3,Short,True,,1639155600,2021.12.10 17:00:00,1800,1.12856,0.0012197801080641513,1.0,1.0,240,1.1297797801080642,1.1273402198919358,STOP,1,2021.12.10 17:00:00,1,-1.0,-12.197801080641513,False,False,,,STOP,-1.0
ANCHOR_CPI_SERIES,CPI_TIMELINE_20211210_163000:mm_sum,DERIVED_MM_SUM,,US,USD,CPI m/m Sum,mm_sum,,,0,CALENDAR_TIMEMODE_DATETIME,False,trade_server_time,CALENDAR_UNIT_PERCENT,1,CALENDAR_MULTIPLIER_NONE,True,"840030005,840030006","140176,140188","6717,6856",1639153800,2021.12.10 16:30:00,,,,-0.2,Long,True,,1639155600,2021.12.10 17:00:00,1800,1.12856,0.0012197801080641513,1.0,1.0,240,1.1273402198919358,1.1297797801080642,TARGET,1,2021.12.10 17:00:00,1,1.0,12.197801080641513,False,False,,,TARGET,1.0
ANCHOR_CPI_SERIES,CPI_TIMELINE_20211210_163000:yy_sum,DERIVED_YY_SUM,,US,USD,CPI y/y Sum,yy_sum,,,0,CALENDAR_TIMEMODE_DATETIME,False,trade_server_time,CALENDAR_UNIT_PERCENT,1,CALENDAR_MULTIPLIER_NONE,True,"840030007,840030008","140204,140216","6995,7135",1639153800,2021.12.10 16:30:00,,,,0.9,Short,True,,1639155600,2021.12.10 17:00:00,1800,1.12856,0.0012197801080641513,1.0,1.0,240,1.1297797801080642,1.1273402198919358,STOP,1,2021.12.10 17:00:00,1,-1.0,-12.197801080641513,False,False,,,STOP,-1.0
ANCHOR_CPI_SERIES,CPI_TIMELINE_20220112_163000:headline_mm,840030005,156439,US,USD,CPI Headline m/m,headline_mm,2021.12.01 00:00:00,6718,0,CALENDAR_TIMEMODE_DATETIME,False,trade_server_time,CALENDAR_UNIT_PERCENT,1,CALENDAR_MULTIPLIER_NONE,False,,,,1642005000,2022.01.12 16:30:00,0.5,0.8,,-0.3,Long,True,,1642006800,2022.01.12 17:00:00,1800,1.14157,0.0013291532259560109,1.0,1.0,240,1.140240846774044,1.142899153225956,TARGET,2,2022.01.12 18:00:00,2,1.0,13.291532259560109,False,False,,,TARGET,1.0
ANCHOR_CPI_SERIES,CPI_TIMELINE_20220112_163000:core_mm,840030006,156451,US,USD,CPI Core m/m,core_mm,2021.12.01 00:00:00,6857,0,CALENDAR_TIMEMODE_DATETIME,False,trade_server_time,CALENDAR_UNIT_PERCENT,1,CALENDAR_MULTIPLIER_NONE,False,,,,1642005000,2022.01.12 16:30:00,0.6,0.5,,0.1,Short,True,,1642006800,2022.01.12 17:00:00,1800,1.14157,0.0013291532259560109,1.0,1.0,240,1.142899153225956,1.140240846774044,STOP,2,2022.01.12 18:00:00,2,-1.0,-13.291532259560109,False,False,,,STOP,-1.0
ANCHOR_CPI_SERIES,CPI_TIMELINE_20220112_163000:headline_yy,840030007,156463,US,USD,CPI Headline y/y,headline_yy,2021.12.01 00:00:00,6996,0,CALENDAR_TIMEMODE_DATETIME,False,trade_server_time,CALENDAR_UNIT_PERCENT,1,CALENDAR_MULTIPLIER_NONE,False,,,,1642005000,2022.01.12 16:30:00,7.0,6.8,,0.2,Short,True,,1642006800,2022.01.12 17:00:00,1800,1.14157,0.0013291532259560109,1.0,1.0,240,1.142899153225956,1.140240846774044,STOP,2,2022.01.12 18:00:00,2,-1.0,-13.291532259560109,False,False,,,STOP,-1.0
ANCHOR_CPI_SERIES,CPI_TIMELINE_20220112_163000:core_yy,840030008,156475,US,USD,CPI Core y/y,core_yy,2021.12.01 00:00:00,7136,0,CALENDAR_TIMEMODE_DATETIME,False,trade_server_time,CALENDAR_UNIT_PERCENT,1,CALENDAR_MULTIPLIER_NONE,False,,,,1642005000,2022.01.12 16:30:00,5.5,4.9,,0.6,Short,True,,1642006800,2022.01.12 17:00:00,1800,1.14157,0.0013291532259560109,1.0,1.0,240,1.142899153225956,1.140240846774044,STOP,2,2022.01.12 18:00:00,2,-1.0,-13.291532259560109,False,False,,,STOP,-1.0
ANCHOR_CPI_SERIES,CPI_TIMELINE_20220112_163000:mm_sum,DERIVED_MM_SUM,,US,USD,CPI m/m Sum,mm_sum,,,0,CALENDAR_TIMEMODE_DATETIME,False,trade_server_time,CALENDAR_UNIT_PERCENT,1,CALENDAR_MULTIPLIER_NONE,True,"840030005,840030006","156439,156451","6718,6857",1642005000,2022.01.12 16:30:00,,,,-0.2,Long,True,,1642006800,2022.01.12 17:00:00,1800,1.14157,0.0013291532259560109,1.0,1.0,240,1.140240846774044,1.142899153225956,TARGET,2,2022.01.12 18:00:00,2,1.0,13.291532259560109,False,False,,,TARGET,1.0
ANCHOR_CPI_SERIES,CPI_TIMELINE_20220112_163000:yy_sum,DERIVED_YY_SUM,,US,USD,CPI y/y Sum,yy_sum,,,0,CALENDAR_TIMEMODE_DATETIME,False,trade_server_time,CALENDAR_UNIT_PERCENT,1,CALENDAR_MULTIPLIER_NONE,True,"840030007,840030008","156463,156475","6996,7136",1642005000,2022.01.12 16:30:00,,,,0.8,Short,True,,1642006800,2022.01.12 17:00:00,1800,1.14157,0.0013291532259560109,1.0,1.0,240,1.142899153225956,1.140240846774044,STOP,2,2022.01.12 18:00:00,2,-1.0,-13.291532259560109,False,False,,,STOP,-1.0
ANCHOR_CPI_SERIES,CPI_TIMELINE_20220210_163000:headline_mm,840030005,156440,US,USD,CPI Headline m/m,headline_mm,2022.01.01 00:00:00,6719,0,CALENDAR_TIMEMODE_DATETIME,False,trade_server_time,CALENDAR_UNIT_PERCENT,1,CALENDAR_MULTIPLIER_NONE,False,,,,1644510600,2022.02.10 16:30:00,0.6,0.5,0.6,0.1,Short,True,,1644512400,2022.02.10 17:00:00,1800,1.1407,0.0013484413567139157,1.0,1.0,240,1.142048441356714,1.139351558643286,STOP,1,2022.02.10 17:00:00,1,-1.0,-13.484413567139157,False,False,,,STOP,-1.0
ANCHOR_CPI_SERIES,CPI_TIMELINE_20220210_163000:core_mm,840030006,156452,US,USD,CPI Core m/m,core_mm,2022.01.01 00:00:00,6858,0,CALENDAR_TIMEMODE_DATETIME,False,trade_server_time,CALENDAR_UNIT_PERCENT,1,CALENDAR_MULTIPLIER_NONE,False,,,,1644510600,2022.02.10 16:30:00,0.6,0.6,,0.0,Flat,False,FLAT_DIRECTION,,,,,,,,,,,,,,,,,,,,,,
ANCHOR_CPI_SERIES,CPI_TIMELINE_20220210_163000:headline_yy,840030007,156464,US,USD,CPI Headline y/y,headline_yy,2022.01.01 00:00:00,6997,0,CALENDAR_TIMEMODE_DATETIME,False,trade_server_time,CALENDAR_UNIT_PERCENT,1,CALENDAR_MULTIPLIER_NONE,False,,,,1644510600,2022.02.10 16:30:00,7.5,7.0,,0.5,Short,True,,1644512400,2022.02.10 17:00:00,1800,1.1407,0.0013484413567139157,1.0,1.0,240,1.142048441356714,1.139351558643286,STOP,1,2022.02.10 17:00:00,1,-1.0,-13.484413567139157,False,False,,,STOP,-1.0
ANCHOR_CPI_SERIES,CPI_TIMELINE_20220210_163000:core_yy,840030008,156476,US,USD,CPI Core y/y,core_yy,2022.01.01 00:00:00,7137,0,CALENDAR_TIMEMODE_DATETIME,False,trade_server_time,CALENDAR_UNIT_PERCENT,1,CALENDAR_MULTIPLIER_NONE,False,,,,1644510600,2022.02.10 16:30:00,6.0,5.5,,0.5,Short,True,,1644512400,2022.02.10 17:00:00,1800,1.1407,0.0013484413567139157,1.0,1.0,240,1.142048441356714,1.139351558643286,STOP,1,2022.02.10 17:00:00,1,-1.0,-13.484413567139157,False,False,,,STOP,-1.0
ANCHOR_CPI_SERIES,CPI_TIMELINE_20220210_163000:mm_sum,DERIVED_MM_SUM,,US,USD,CPI m/m Sum,mm_sum,,,0,CALENDAR_TIMEMODE_DATETIME,False,trade_server_time,CALENDAR_UNIT_PERCENT,1,CALENDAR_MULTIPLIER_NONE,True,"840030005,840030006","156440,156452","6719,6858",1644510600,2022.02.10 16:30:00,,,,0.1,Short,True,,1644512400,2022.02.10 17:00:00,1800,1.1407,0.0013484413567139157,1.0,1.0,240,1.142048441356714,1.139351558643286,STOP,1,2022.02.10 17:00:00,1,-1.0,-13.484413567139157,False,False,,,STOP,-1.0
ANCHOR_CPI_SERIES,CPI_TIMELINE_20220210_163000:yy_sum,DERIVED_YY_SUM,,US,USD,CPI y/y Sum,yy_sum,,,0,CALENDAR_TIMEMODE_DATETIME,False,trade_server_time,CALENDAR_UNIT_PERCENT,1,CALENDAR_MULTIPLIER_NONE,True,"840030007,840030008","156464,156476","6997,7137",1644510600,2022.02.10 16:30:00,,,,1.0,Short,True,,1644512400,2022.02.10 17:00:00,1800,1.1407,0.0013484413567139157,1.0,1.0,240,1.142048441356714,1.139351558643286,STOP,1,2022.02.10 17:00:00,1,-1.0,-13.484413567139157,False,False,,,STOP,-1.0
ANCHOR_CPI_SERIES,CPI_TIMELINE_20220310_163000:headline_mm,840030005,156441,US,USD,CPI Headline m/m,headline_mm,2022.02.01 00:00:00,6720,0,CALENDAR_TIMEMODE_DATETIME,False,trade_server_time,CALENDAR_UNIT_PERCENT,1,CALENDAR_MULTIPLIER_NONE,False,,,,1646929800,2022.03.10 16:30:00,0.8,0.6,,0.2,Short,True,,1646931600,2022.03.10 17:00:00,1800,1.1016,0.002990175851266155,1.0,1.0,240,1.1045901758512662,1.0986098241487336,TARGET,1,2022.03.10 17:00:00,1,1.0,29.901758512661548,False,False,,,TARGET,1.0
ANCHOR_CPI_SERIES,CPI_TIMELINE_20220310_163000:core_mm,840030006,156453,US,USD,CPI Core m/m,core_mm,2022.02.01 00:00:00,6859,0,CALENDAR_TIMEMODE_DATETIME,False,trade_server_time,CALENDAR_UNIT_PERCENT,1,CALENDAR_MULTIPLIER_NONE,False,,,,1646929800,2022.03.10 16:30:00,0.5,0.6,,-0.1,Long,True,,1646931600,2022.03.10 17:00:00,1800,1.1016,0.002990175851266155,1.0,1.0,240,1.0986098241487336,1.1045901758512662,STOP,1,2022.03.10 17:00:00,1,-1.0,-29.901758512661548,False,False,,,STOP,-1.0
ANCHOR_CPI_SERIES,CPI_TIMELINE_20220310_163000:headline_yy,840030007,156465,US,USD,CPI Headline y/y,headline_yy,2022.02.01 00:00:00,6998,0,CALENDAR_TIMEMODE_DATETIME,False,trade_server_time,CALENDAR_UNIT_PERCENT,1,CALENDAR_MULTIPLIER_NONE,False,,,,1646929800,2022.03.10 16:30:00,7.9,7.5,,0.4,Short,True,,1646931600,2022.03.10 17:00:00,1800,1.1016,0.002990175851266155,1.0,1.0,240,1.1045901758512662,1.0986098241487336,TARGET,1,2022.03.10 17:00:00,1,1.0,29.901758512661548,False,False,,,TARGET,1.0
ANCHOR_CPI_SERIES,CPI_TIMELINE_20220310_163000:core_yy,840030008,156477,US,USD,CPI Core y/y,core_yy,2022.02.01 00:00:00,7138,0,CALENDAR_TIMEMODE_DATETIME,False,trade_server_time,CALENDAR_UNIT_PERCENT,1,CALENDAR_MULTIPLIER_NONE,False,,,,1646929800,2022.03.10 16:30:00,6.4,6.0,,0.4,Short,True,,1646931600,2022.03.10 17:00:00,1800,1.1016,0.002990175851266155,1.0,1.0,240,1.1045901758512662,1.0986098241487336,TARGET,1,2022.03.10 17:00:00,1,1.0,29.901758512661548,False,False,,,TARGET,1.0
ANCHOR_CPI_SERIES,CPI_TIMELINE_20220310_163000:mm_sum,DERIVED_MM_SUM,,US,USD,CPI m/m Sum,mm_sum,,,0,CALENDAR_TIMEMODE_DATETIME,False,trade_server_time,CALENDAR_UNIT_PERCENT,1,CALENDAR_MULTIPLIER_NONE,True,"840030005,840030006","156441,156453","6720,6859",1646929800,2022.03.10 16:30:00,,,,0.1,Short,True,,1646931600,2022.03.10 17:00:00,1800,1.1016,0.002990175851266155,1.0,1.0,240,1.1045901758512662,1.0986098241487336,TARGET,1,2022.03.10 17:00:00,1,1.0,29.901758512661548,False,False,,,TARGET,1.0
ANCHOR_CPI_SERIES,CPI_TIMELINE_20220310_163000:yy_sum,DERIVED_YY_SUM,,US,USD,CPI y/y Sum,yy_sum,,,0,CALENDAR_TIMEMODE_DATETIME,False,trade_server_time,CALENDAR_UNIT_PERCENT,1,CALENDAR_MULTIPLIER_NONE,True,"840030007,840030008","156465,156477","6998,7138",1646929800,2022.03.10 16:30:00,,,,0.8,Short,True,,1646931600,2022.03.10 17:00:00,1800,1.1016,0.002990175851266155,1.0,1.0,240,1.1045901758512662,1.0986098241487336,TARGET,1,2022.03.10 17:00:00,1,1.0,29.901758512661548,False,False,,,TARGET,1.0
ANCHOR_CPI_SERIES,CPI_TIMELINE_20220412_153000:headline_mm,840030005,156442,US,USD,CPI Headline m/m,headline_mm,2022.03.01 00:00:00,6721,0,CALENDAR_TIMEMODE_DATETIME,False,trade_server_time,CALENDAR_UNIT_PERCENT,1,CALENDAR_MULTIPLIER_NONE,False,,,,1649777400,2022.04.12 15:30:00,1.2,0.8,,0.4,Short,True,,1649779200,2022.04.12 16:00:00,1800,1.08944,0.0013050681598014175,1.0,1.0,240,1.0907450681598014,1.0881349318401985,TARGET,1,2022.04.12 16:00:00,1,1.0,13.050681598014174,False,False,,,TARGET,1.0
ANCHOR_CPI_SERIES,CPI_TIMELINE_20220412_153000:core_mm,840030006,156454,US,USD,CPI Core m/m,core_mm,2022.03.01 00:00:00,6860,0,CALENDAR_TIMEMODE_DATETIME,False,trade_server_time,CALENDAR_UNIT_PERCENT,1,CALENDAR_MULTIPLIER_NONE,False,,,,1649777400,2022.04.12 15:30:00,0.3,0.5,,-0.2,Long,True,,1649779200,2022.04.12 16:00:00,1800,1.08944,0.0013050681598014175,1.0,1.0,240,1.0881349318401985,1.0907450681598014,STOP,1,2022.04.12 16:00:00,1,-1.0,-13.050681598014174,False,False,,,STOP,-1.0
ANCHOR_CPI_SERIES,CPI_TIMELINE_20220412_153000:headline_yy,840030007,156466,US,USD,CPI Headline y/y,headline_yy,2022.03.01 00:00:00,6999,0,CALENDAR_TIMEMODE_DATETIME,False,trade_server_time,CALENDAR_UNIT_PERCENT,1,CALENDAR_MULTIPLIER_NONE,False,,,,1649777400,2022.04.12 15:30:00,8.5,7.9,,0.6,Short,True,,1649779200,2022.04.12 16:00:00,1800,1.08944,0.0013050681598014175,1.0,1.0,240,1.0907450681598014,1.0881349318401985,TARGET,1,2022.04.12 16:00:00,1,1.0,13.050681598014174,False,False,,,TARGET,1.0
ANCHOR_CPI_SERIES,CPI_TIMELINE_20220412_153000:core_yy,840030008,156478,US,USD,CPI Core y/y,core_yy,2022.03.01 00:00:00,7139,0,CALENDAR_TIMEMODE_DATETIME,False,trade_server_time,CALENDAR_UNIT_PERCENT,1,CALENDAR_MULTIPLIER_NONE,False,,,,1649777400,2022.04.12 15:30:00,6.5,6.4,,0.1,Short,True,,1649779200,2022.04.12 16:00:00,1800,1.08944,0.0013050681598014175,1.0,1.0,240,1.0907450681598014,1.0881349318401985,TARGET,1,2022.04.12 16:00:00,1,1.0,13.050681598014174,False,False,,,TARGET,1.0
ANCHOR_CPI_SERIES,CPI_TIMELINE_20220412_153000:mm_sum,DERIVED_MM_SUM,,US,USD,CPI m/m Sum,mm_sum,,,0,CALENDAR_TIMEMODE_DATETIME,False,trade_server_time,CALENDAR_UNIT_PERCENT,1,CALENDAR_MULTIPLIER_NONE,True,"840030005,840030006","156442,156454","6721,6860",1649777400,2022.04.12 15:30:00,,,,0.2,Short,True,,1649779200,2022.04.12 16:00:00,1800,1.08944,0.0013050681598014175,1.0,1.0,240,1.0907450681598014,1.0881349318401985,TARGET,1,2022.04.12 16:00:00,1,1.0,13.050681598014174,False,False,,,TARGET,1.0
ANCHOR_CPI_SERIES,CPI_TIMELINE_20220412_153000:yy_sum,DERIVED_YY_SUM,,US,USD,CPI y/y Sum,yy_sum,,,0,CALENDAR_TIMEMODE_DATETIME,False,trade_server_time,CALENDAR_UNIT_PERCENT,1,CALENDAR_MULTIPLIER_NONE,True,"840030007,840030008","156466,156478","6999,7139",1649777400,2022.04.12 15:30:00,,,,0.7,Short,True,,1649779200,2022.04.12 16:00:00,1800,1.08944,0.0013050681598014175,1.0,1.0,240,1.0907450681598014,1.0881349318401985,TARGET,1,2022.04.12 16:00:00,1,1.0,13.050681598014174,False,False,,,TARGET,1.0
ANCHOR_CPI_SERIES,CPI_TIMELINE_20220511_153000:headline_mm,840030005,156443,US,USD,CPI Headline m/m,headline_mm,2022.04.01 00:00:00,6722,0,CALENDAR_TIMEMODE_DATETIME,False,trade_server_time,CALENDAR_UNIT_PERCENT,1,CALENDAR_MULTIPLIER_NONE,False,,,,1652283000,2022.05.11 15:30:00,0.3,1.2,,-0.9,Long,True,,1652284800,2022.05.11 16:00:00,1800,1.05196,0.0015162757257480702,1.0,1.0,240,1.050443724274252,1.053476275725748,TARGET,1,2022.05.11 16:00:00,1,1.0,15.1627572574807,False,False,,,TARGET,1.0
ANCHOR_CPI_SERIES,CPI_TIMELINE_20220511_153000:core_mm,840030006,156455,US,USD,CPI Core m/m,core_mm,2022.04.01 00:00:00,6861,0,CALENDAR_TIMEMODE_DATETIME,False,trade_server_time,CALENDAR_UNIT_PERCENT,1,CALENDAR_MULTIPLIER_NONE,False,,,,1652283000,2022.05.11 15:30:00,0.6,0.3,,0.3,Short,True,,1652284800,2022.05.11 16:00:00,1800,1.05196,0.0015162757257480702,1.0,1.0,240,1.053476275725748,1.050443724274252,STOP,1,2022.05.11 16:00:00,1,-1.0,-15.1627572574807,False,False,,,STOP,-1.0
ANCHOR_CPI_SERIES,CPI_TIMELINE_20220511_153000:headline_yy,840030007,156467,US,USD,CPI Headline y/y,headline_yy,2022.04.01 00:00:00,7000,0,CALENDAR_TIMEMODE_DATETIME,False,trade_server_time,CALENDAR_UNIT_PERCENT,1,CALENDAR_MULTIPLIER_NONE,False,,,,1652283000,2022.05.11 15:30:00,8.3,8.5,,-0.2,Long,True,,1652284800,2022.05.11 16:00:00,1800,1.05196,0.0015162757257480702,1.0,1.0,240,1.050443724274252,1.053476275725748,TARGET,1,2022.05.11 16:00:00,1,1.0,15.1627572574807,False,False,,,TARGET,1.0
ANCHOR_CPI_SERIES,CPI_TIMELINE_20220511_153000:core_yy,840030008,156479,US,USD,CPI Core y/y,core_yy,2022.04.01 00:00:00,7140,0,CALENDAR_TIMEMODE_DATETIME,False,trade_server_time,CALENDAR_UNIT_PERCENT,1,CALENDAR_MULTIPLIER_NONE,False,,,,1652283000,2022.05.11 15:30:00,6.2,6.5,,-0.3,Long,True,,1652284800,2022.05.11 16:00:00,1800,1.05196,0.0015162757257480702,1.0,1.0,240,1.050443724274252,1.053476275725748,TARGET,1,2022.05.11 16:00:00,1,1.0,15.1627572574807,False,False,,,TARGET,1.0
ANCHOR_CPI_SERIES,CPI_TIMELINE_20220511_153000:mm_sum,DERIVED_MM_SUM,,US,USD,CPI m/m Sum,mm_sum,,,0,CALENDAR_TIMEMODE_DATETIME,False,trade_server_time,CALENDAR_UNIT_PERCENT,1,CALENDAR_MULTIPLIER_NONE,True,"840030005,840030006","156443,156455","6722,6861",1652283000,2022.05.11 15:30:00,,,,-0.6,Long,True,,1652284800,2022.05.11 16:00:00,1800,1.05196,0.0015162757257480702,1.0,1.0,240,1.050443724274252,1.053476275725748,TARGET,1,2022.05.11 16:00:00,1,1.0,15.1627572574807,False,False,,,TARGET,1.0
ANCHOR_CPI_SERIES,CPI_TIMELINE_20220511_153000:yy_sum,DERIVED_YY_SUM,,US,USD,CPI y/y Sum,yy_sum,,,0,CALENDAR_TIMEMODE_DATETIME,False,trade_server_time,CALENDAR_UNIT_PERCENT,1,CALENDAR_MULTIPLIER_NONE,True,"840030007,840030008","156467,156479","7000,7140",1652283000,2022.05.11 15:30:00,,,,-0.5,Long,True,,1652284800,2022.05.11 16:00:00,1800,1.05196,0.0015162757257480702,1.0,1.0,240,1.050443724274252,1.053476275725748,TARGET,1,2022.05.11 16:00:00,1,1.0,15.1627572574807,False,False,,,TARGET,1.0
ANCHOR_CPI_SERIES,CPI_TIMELINE_20220610_153000:headline_mm,840030005,156444,US,USD,CPI Headline m/m,headline_mm,2022.05.01 00:00:00,6723,0,CALENDAR_TIMEMODE_DATETIME,False,trade_server_time,CALENDAR_UNIT_PERCENT,1,CALENDAR_MULTIPLIER_NONE,False,,,,1654875000,2022.06.10 15:30:00,1.0,0.3,,0.7,Short,True,,1654876800,2022.06.10 16:00:00,1800,1.05225,0.001770970672440049,1.0,1.0,240,1.05402097067244,1.0504790293275599,STOP,1,2022.06.10 16:00:00,1,-1.0,-17.709706724400487,False,False,,,STOP,-1.0
ANCHOR_CPI_SERIES,CPI_TIMELINE_20220610_153000:core_mm,840030006,156456,US,USD,CPI Core m/m,core_mm,2022.05.01 00:00:00,6862,0,CALENDAR_TIMEMODE_DATETIME,False,trade_server_time,CALENDAR_UNIT_PERCENT,1,CALENDAR_MULTIPLIER_NONE,False,,,,1654875000,2022.06.10 15:30:00,0.6,0.6,,0.0,Flat,False,FLAT_DIRECTION,,,,,,,,,,,,,,,,,,,,,,
ANCHOR_CPI_SERIES,CPI_TIMELINE_20220610_153000:headline_yy,840030007,156468,US,USD,CPI Headline y/y,headline_yy,2022.05.01 00:00:00,7001,0,CALENDAR_TIMEMODE_DATETIME,False,trade_server_time,CALENDAR_UNIT_PERCENT,1,CALENDAR_MULTIPLIER_NONE,False,,,,1654875000,2022.06.10 15:30:00,8.6,8.3,,0.3,Short,True,,1654876800,2022.06.10 16:00:00,1800,1.05225,0.001770970672440049,1.0,1.0,240,1.05402097067244,1.0504790293275599,STOP,1,2022.06.10 16:00:00,1,-1.0,-17.709706724400487,False,False,,,STOP,-1.0
ANCHOR_CPI_SERIES,CPI_TIMELINE_20220610_153000:core_yy,840030008,156480,US,USD,CPI Core y/y,core_yy,2022.05.01 00:00:00,7141,0,CALENDAR_TIMEMODE_DATETIME,False,trade_server_time,CALENDAR_UNIT_PERCENT,1,CALENDAR_MULTIPLIER_NONE,False,,,,1654875000,2022.06.10 15:30:00,6.0,6.2,,-0.2,Long,True,,1654876800,2022.06.10 16:00:00,1800,1.05225,0.001770970672440049,1.0,1.0,240,1.0504790293275599,1.05402097067244,TARGET,1,2022.06.10 16:00:00,1,1.0,17.709706724400487,False,False,,,TARGET,1.0
ANCHOR_CPI_SERIES,CPI_TIMELINE_20220610_153000:mm_sum,DERIVED_MM_SUM,,US,USD,CPI m/m Sum,mm_sum,,,0,CALENDAR_TIMEMODE_DATETIME,False,trade_server_time,CALENDAR_UNIT_PERCENT,1,CALENDAR_MULTIPLIER_NONE,True,"840030005,840030006","156444,156456","6723,6862",1654875000,2022.06.10 15:30:00,,,,0.7,Short,True,,1654876800,2022.06.10 16:00:00,1800,1.05225,0.001770970672440049,1.0,1.0,240,1.05402097067244,1.0504790293275599,STOP,1,2022.06.10 16:00:00,1,-1.0,-17.709706724400487,False,False,,,STOP,-1.0
ANCHOR_CPI_SERIES,CPI_TIMELINE_20220610_153000:yy_sum,DERIVED_YY_SUM,,US,USD,CPI y/y Sum,yy_sum,,,0,CALENDAR_TIMEMODE_DATETIME,False,trade_server_time,CALENDAR_UNIT_PERCENT,1,CALENDAR_MULTIPLIER_NONE,True,"840030007,840030008","156468,156480","7001,7141",1654875000,2022.06.10 15:30:00,,,,0.1,Short,True,,1654876800,2022.06.10 16:00:00,1800,1.05225,0.001770970672440049,1.0,1.0,240,1.05402097067244,1.0504790293275599,STOP,1,2022.06.10 16:00:00,1,-1.0,-17.709706724400487,False,False,,,STOP,-1.0
ANCHOR_CPI_SERIES,CPI_TIMELINE_20220713_153000:headline_mm,840030005,156445,US,USD,CPI Headline m/m,headline_mm,2022.06.01 00:00:00,6724,0,CALENDAR_TIMEMODE_DATETIME,False,trade_server_time,CALENDAR_UNIT_PERCENT,1,CALENDAR_MULTIPLIER_NONE,False,,,,1657726200,2022.07.13 15:30:00,1.3,1.0,,0.3,Short,True,,1657728000,2022.07.13 16:00:00,1800,1.00199,0.0019212288810706013,1.0,1.0,240,1.0039112288810705,1.0000687711189293,STOP,1,2022.07.13 16:00:00,1,-1.0,-19.212288810706013,False,False,,,STOP,-1.0
ANCHOR_CPI_SERIES,CPI_TIMELINE_20220713_153000:core_mm,840030006,156457,US,USD,CPI Core m/m,core_mm,2022.06.01 00:00:00,6863,0,CALENDAR_TIMEMODE_DATETIME,False,trade_server_time,CALENDAR_UNIT_PERCENT,1,CALENDAR_MULTIPLIER_NONE,False,,,,1657726200,2022.07.13 15:30:00,0.7,0.6,,0.1,Short,True,,1657728000,2022.07.13 16:00:00,1800,1.00199,0.0019212288810706013,1.0,1.0,240,1.0039112288810705,1.0000687711189293,STOP,1,2022.07.13 16:00:00,1,-1.0,-19.212288810706013,False,False,,,STOP,-1.0
ANCHOR_CPI_SERIES,CPI_TIMELINE_20220713_153000:headline_yy,840030007,156469,US,USD,CPI Headline y/y,headline_yy,2022.06.01 00:00:00,7002,0,CALENDAR_TIMEMODE_DATETIME,False,trade_server_time,CALENDAR_UNIT_PERCENT,1,CALENDAR_MULTIPLIER_NONE,False,,,,1657726200,2022.07.13 15:30:00,9.1,8.6,,0.5,Short,True,,1657728000,2022.07.13 16:00:00,1800,1.00199,0.0019212288810706013,1.0,1.0,240,1.0039112288810705,1.0000687711189293,STOP,1,2022.07.13 16:00:00,1,-1.0,-19.212288810706013,False,False,,,STOP,-1.0
ANCHOR_CPI_SERIES,CPI_TIMELINE_20220713_153000:core_yy,840030008,156481,US,USD,CPI Core y/y,core_yy,2022.06.01 00:00:00,7142,0,CALENDAR_TIMEMODE_DATETIME,False,trade_server_time,CALENDAR_UNIT_PERCENT,1,CALENDAR_MULTIPLIER_NONE,False,,,,1657726200,2022.07.13 15:30:00,5.9,6.0,,-0.1,Long,True,,1657728000,2022.07.13 16:00:00,1800,1.00199,0.0019212288810706013,1.0,1.0,240,1.0000687711189293,1.0039112288810705,TARGET,1,2022.07.13 16:00:00,1,1.0,19.212288810706013,False,False,,,TARGET,1.0
ANCHOR_CPI_SERIES,CPI_TIMELINE_20220713_153000:mm_sum,DERIVED_MM_SUM,,US,USD,CPI m/m Sum,mm_sum,,,0,CALENDAR_TIMEMODE_DATETIME,False,trade_server_time,CALENDAR_UNIT_PERCENT,1,CALENDAR_MULTIPLIER_NONE,True,"840030005,840030006","156445,156457","6724,6863",1657726200,2022.07.13 15:30:00,,,,0.4,Short,True,,1657728000,2022.07.13 16:00:00,1800,1.00199,0.0019212288810706013,1.0,1.0,240,1.0039112288810705,1.0000687711189293,STOP,1,2022.07.13 16:00:00,1,-1.0,-19.212288810706013,False,False,,,STOP,-1.0
ANCHOR_CPI_SERIES,CPI_TIMELINE_20220713_153000:yy_sum,DERIVED_YY_SUM,,US,USD,CPI y/y Sum,yy_sum,,,0,CALENDAR_TIMEMODE_DATETIME,False,trade_server_time,CALENDAR_UNIT_PERCENT,1,CALENDAR_MULTIPLIER_NONE,True,"840030007,840030008","156469,156481","7002,7142",1657726200,2022.07.13 15:30:00,,,,0.4,Short,True,,1657728000,2022.07.13 16:00:00,1800,1.00199,0.0019212288810706013,1.0,1.0,240,1.0039112288810705,1.0000687711189293,STOP,1,2022.07.13 16:00:00,1,-1.0,-19.212288810706013,False,False,,,STOP,-1.0
ANCHOR_CPI_SERIES,CPI_TIMELINE_20220810_153000:headline_mm,840030005,156446,US,USD,CPI Headline m/m,headline_mm,2022.07.01 00:00:00,6725,0,CALENDAR_TIMEMODE_DATETIME,False,trade_server_time,CALENDAR_UNIT_PERCENT,1,CALENDAR_MULTIPLIER_NONE,False,,,,1660145400,2022.08.10 15:30:00,0.0,1.3,,-1.3,Long,True,,1660147200,2022.08.10 16:00:00,1800,1.0324,0.001299148865276012,1.0,1.0,240,1.031100851134724,1.033699148865276,STOP,1,2022.08.10 16:00:00,1,-1.0,-12.99148865276012,False,False,,,STOP,-1.0
ANCHOR_CPI_SERIES,CPI_TIMELINE_20220810_153000:core_mm,840030006,156458,US,USD,CPI Core m/m,core_mm,2022.07.01 00:00:00,6864,0,CALENDAR_TIMEMODE_DATETIME,False,trade_server_time,CALENDAR_UNIT_PERCENT,1,CALENDAR_MULTIPLIER_NONE,False,,,,1660145400,2022.08.10 15:30:00,0.3,0.7,,-0.4,Long,True,,1660147200,2022.08.10 16:00:00,1800,1.0324,0.001299148865276012,1.0,1.0,240,1.031100851134724,1.033699148865276,STOP,1,2022.08.10 16:00:00,1,-1.0,-12.99148865276012,False,False,,,STOP,-1.0
ANCHOR_CPI_SERIES,CPI_TIMELINE_20220810_153000:headline_yy,840030007,156470,US,USD,CPI Headline y/y,headline_yy,2022.07.01 00:00:00,7003,0,CALENDAR_TIMEMODE_DATETIME,False,trade_server_time,CALENDAR_UNIT_PERCENT,1,CALENDAR_MULTIPLIER_NONE,False,,,,1660145400,2022.08.10 15:30:00,8.5,9.1,,-0.6,Long,True,,1660147200,2022.08.10 16:00:00,1800,1.0324,0.001299148865276012,1.0,1.0,240,1.031100851134724,1.033699148865276,STOP,1,2022.08.10 16:00:00,1,-1.0,-12.99148865276012,False,False,,,STOP,-1.0
ANCHOR_CPI_SERIES,CPI_TIMELINE_20220810_153000:core_yy,840030008,156482,US,USD,CPI Core y/y,core_yy,2022.07.01 00:00:00,7143,0,CALENDAR_TIMEMODE_DATETIME,False,trade_server_time,CALENDAR_UNIT_PERCENT,1,CALENDAR_MULTIPLIER_NONE,False,,,,1660145400,2022.08.10 15:30:00,5.9,5.9,,0.0,Flat,False,FLAT_DIRECTION,,,,,,,,,,,,,,,,,,,,,,
ANCHOR_CPI_SERIES,CPI_TIMELINE_20220810_153000:mm_sum,DERIVED_MM_SUM,,US,USD,CPI m/m Sum,mm_sum,,,0,CALENDAR_TIMEMODE_DATETIME,False,trade_server_time,CALENDAR_UNIT_PERCENT,1,CALENDAR_MULTIPLIER_NONE,True,"840030005,840030006","156446,156458","6725,6864",1660145400,2022.08.10 15:30:00,,,,-1.7,Long,True,,1660147200,2022.08.10 16:00:00,1800,1.0324,0.001299148865276012,1.0,1.0,240,1.031100851134724,1.033699148865276,STOP,1,2022.08.10 16:00:00,1,-1.0,-12.99148865276012,False,False,,,STOP,-1.0
ANCHOR_CPI_SERIES,CPI_TIMELINE_20220810_153000:yy_sum,DERIVED_YY_SUM,,US,USD,CPI y/y Sum,yy_sum,,,0,CALENDAR_TIMEMODE_DATETIME,False,trade_server_time,CALENDAR_UNIT_PERCENT,1,CALENDAR_MULTIPLIER_NONE,True,"840030007,840030008","156470,156482","7003,7143",1660145400,2022.08.10 15:30:00,,,,-0.6,Long,True,,1660147200,2022.08.10 16:00:00,1800,1.0324,0.001299148865276012,1.0,1.0,240,1.031100851134724,1.033699148865276,STOP,1,2022.08.10 16:00:00,1,-1.0,-12.99148865276012,False,False,,,STOP,-1.0
ANCHOR_CPI_SERIES,CPI_TIMELINE_20220913_153000:headline_mm,840030005,156447,US,USD,CPI Headline m/m,headline_mm,2022.08.01 00:00:00,6726,0,CALENDAR_TIMEMODE_DATETIME,False,trade_server_time,CALENDAR_UNIT_PERCENT,1,CALENDAR_MULTIPLIER_NONE,False,,,,1663083000,2022.09.13 15:30:00,0.1,0.0,,0.1,Short,True,,1663084800,2022.09.13 16:00:00,1800,1.00368,0.001793926569715625,1.0,1.0,240,1.0054739265697155,1.0018860734302844,TARGET,1,2022.09.13 16:00:00,1,1.0,17.93926569715625,False,False,,,TARGET,1.0
ANCHOR_CPI_SERIES,CPI_TIMELINE_20220913_153000:core_mm,840030006,156459,US,USD,CPI Core m/m,core_mm,2022.08.01 00:00:00,6865,0,CALENDAR_TIMEMODE_DATETIME,False,trade_server_time,CALENDAR_UNIT_PERCENT,1,CALENDAR_MULTIPLIER_NONE,False,,,,1663083000,2022.09.13 15:30:00,0.6,0.3,,0.3,Short,True,,1663084800,2022.09.13 16:00:00,1800,1.00368,0.001793926569715625,1.0,1.0,240,1.0054739265697155,1.0018860734302844,TARGET,1,2022.09.13 16:00:00,1,1.0,17.93926569715625,False,False,,,TARGET,1.0
ANCHOR_CPI_SERIES,CPI_TIMELINE_20220913_153000:headline_yy,840030007,156471,US,USD,CPI Headline y/y,headline_yy,2022.08.01 00:00:00,7004,0,CALENDAR_TIMEMODE_DATETIME,False,trade_server_time,CALENDAR_UNIT_PERCENT,1,CALENDAR_MULTIPLIER_NONE,False,,,,1663083000,2022.09.13 15:30:00,8.3,8.5,,-0.2,Long,True,,1663084800,2022.09.13 16:00:00,1800,1.00368,0.001793926569715625,1.0,1.0,240,1.0018860734302844,1.0054739265697155,STOP,1,2022.09.13 16:00:00,1,-1.0,-17.93926569715625,False,False,,,STOP,-1.0
ANCHOR_CPI_SERIES,CPI_TIMELINE_20220913_153000:core_yy,840030008,156483,US,USD,CPI Core y/y,core_yy,2022.08.01 00:00:00,7144,0,CALENDAR_TIMEMODE_DATETIME,False,trade_server_time,CALENDAR_UNIT_PERCENT,1,CALENDAR_MULTIPLIER_NONE,False,,,,1663083000,2022.09.13 15:30:00,6.3,5.9,,0.4,Short,True,,1663084800,2022.09.13 16:00:00,1800,1.00368,0.001793926569715625,1.0,1.0,240,1.0054739265697155,1.0018860734302844,TARGET,1,2022.09.13 16:00:00,1,1.0,17.93926569715625,False,False,,,TARGET,1.0
ANCHOR_CPI_SERIES,CPI_TIMELINE_20220913_153000:mm_sum,DERIVED_MM_SUM,,US,USD,CPI m/m Sum,mm_sum,,,0,CALENDAR_TIMEMODE_DATETIME,False,trade_server_time,CALENDAR_UNIT_PERCENT,1,CALENDAR_MULTIPLIER_NONE,True,"840030005,840030006","156447,156459","6726,6865",1663083000,2022.09.13 15:30:00,,,,0.4,Short,True,,1663084800,2022.09.13 16:00:00,1800,1.00368,0.001793926569715625,1.0,1.0,240,1.0054739265697155,1.0018860734302844,TARGET,1,2022.09.13 16:00:00,1,1.0,17.93926569715625,False,False,,,TARGET,1.0
ANCHOR_CPI_SERIES,CPI_TIMELINE_20220913_153000:yy_sum,DERIVED_YY_SUM,,US,USD,CPI y/y Sum,yy_sum,,,0,CALENDAR_TIMEMODE_DATETIME,False,trade_server_time,CALENDAR_UNIT_PERCENT,1,CALENDAR_MULTIPLIER_NONE,True,"840030007,840030008","156471,156483","7004,7144",1663083000,2022.09.13 15:30:00,,,,0.2,Short,True,,1663084800,2022.09.13 16:00:00,1800,1.00368,0.001793926569715625,1.0,1.0,240,1.0054739265697155,1.0018860734302844,TARGET,1,2022.09.13 16:00:00,1,1.0,17.93926569715625,False,False,,,TARGET,1.0
ANCHOR_CPI_SERIES,CPI_TIMELINE_20221013_153000:headline_mm,840030005,156448,US,USD,CPI Headline m/m,headline_mm,2022.09.01 00:00:00,6727,0,CALENDAR_TIMEMODE_DATETIME,False,trade_server_time,CALENDAR_UNIT_PERCENT,1,CALENDAR_MULTIPLIER_NONE,False,,,,1665675000,2022.10.13 15:30:00,0.4,0.1,,0.3,Short,True,,1665676800,2022.10.13 16:00:00,1800,0.96672,0.0018621677638085807,1.0,1.0,240,0.9685821677638086,0.9648578322361915,STOP,1,2022.10.13 16:00:00,1,-1.0,-18.621677638085806,True,False,,,TARGET,1.0
ANCHOR_CPI_SERIES,CPI_TIMELINE_20221013_153000:core_mm,840030006,156460,US,USD,CPI Core m/m,core_mm,2022.09.01 00:00:00,6866,0,CALENDAR_TIMEMODE_DATETIME,False,trade_server_time,CALENDAR_UNIT_PERCENT,1,CALENDAR_MULTIPLIER_NONE,False,,,,1665675000,2022.10.13 15:30:00,0.6,0.6,,0.0,Flat,False,FLAT_DIRECTION,,,,,,,,,,,,,,,,,,,,,,
ANCHOR_CPI_SERIES,CPI_TIMELINE_20221013_153000:headline_yy,840030007,156472,US,USD,CPI Headline y/y,headline_yy,2022.09.01 00:00:00,7005,0,CALENDAR_TIMEMODE_DATETIME,False,trade_server_time,CALENDAR_UNIT_PERCENT,1,CALENDAR_MULTIPLIER_NONE,False,,,,1665675000,2022.10.13 15:30:00,8.2,8.3,,-0.1,Long,True,,1665676800,2022.10.13 16:00:00,1800,0.96672,0.0018621677638085807,1.0,1.0,240,0.9648578322361915,0.9685821677638086,STOP,1,2022.10.13 16:00:00,1,-1.0,-18.621677638085806,True,False,,,TARGET,1.0
ANCHOR_CPI_SERIES,CPI_TIMELINE_20221013_153000:core_yy,840030008,156484,US,USD,CPI Core y/y,core_yy,2022.09.01 00:00:00,7145,0,CALENDAR_TIMEMODE_DATETIME,False,trade_server_time,CALENDAR_UNIT_PERCENT,1,CALENDAR_MULTIPLIER_NONE,False,,,,1665675000,2022.10.13 15:30:00,6.6,6.3,,0.3,Short,True,,1665676800,2022.10.13 16:00:00,1800,0.96672,0.0018621677638085807,1.0,1.0,240,0.9685821677638086,0.9648578322361915,STOP,1,2022.10.13 16:00:00,1,-1.0,-18.621677638085806,True,False,,,TARGET,1.0
ANCHOR_CPI_SERIES,CPI_TIMELINE_20221013_153000:mm_sum,DERIVED_MM_SUM,,US,USD,CPI m/m Sum,mm_sum,,,0,CALENDAR_TIMEMODE_DATETIME,False,trade_server_time,CALENDAR_UNIT_PERCENT,1,CALENDAR_MULTIPLIER_NONE,True,"840030005,840030006","156448,156460","6727,6866",1665675000,2022.10.13 15:30:00,,,,0.3,Short,True,,1665676800,2022.10.13 16:00:00,1800,0.96672,0.0018621677638085807,1.0,1.0,240,0.9685821677638086,0.9648578322361915,STOP,1,2022.10.13 16:00:00,1,-1.0,-18.621677638085806,True,False,,,TARGET,1.0
ANCHOR_CPI_SERIES,CPI_TIMELINE_20221013_153000:yy_sum,DERIVED_YY_SUM,,US,USD,CPI y/y Sum,yy_sum,,,0,CALENDAR_TIMEMODE_DATETIME,False,trade_server_time,CALENDAR_UNIT_PERCENT,1,CALENDAR_MULTIPLIER_NONE,True,"840030007,840030008","156472,156484","7005,7145",1665675000,2022.10.13 15:30:00,,,,0.2,Short,True,,1665676800,2022.10.13 16:00:00,1800,0.96672,0.0018621677638085807,1.0,1.0,240,0.9685821677638086,0.9648578322361915,STOP,1,2022.10.13 16:00:00,1,-1.0,-18.621677638085806,True,False,,,TARGET,1.0
ANCHOR_CPI_SERIES,CPI_TIMELINE_20221110_163000:headline_mm,840030005,156449,US,USD,CPI Headline m/m,headline_mm,2022.10.01 00:00:00,6728,0,CALENDAR_TIMEMODE_DATETIME,False,trade_server_time,CALENDAR_UNIT_PERCENT,1,CALENDAR_MULTIPLIER_NONE,False,,,,1668097800,2022.11.10 16:30:00,0.4,0.4,,0.0,Flat,False,FLAT_DIRECTION,,,,,,,,,,,,,,,,,,,,,,
ANCHOR_CPI_SERIES,CPI_TIMELINE_20221110_163000:core_mm,840030006,156461,US,USD,CPI Core m/m,core_mm,2022.10.01 00:00:00,6867,0,CALENDAR_TIMEMODE_DATETIME,False,trade_server_time,CALENDAR_UNIT_PERCENT,1,CALENDAR_MULTIPLIER_NONE,False,,,,1668097800,2022.11.10 16:30:00,0.3,0.6,,-0.3,Long,True,,1668099600,2022.11.10 17:00:00,1800,1.01636,0.0034117644741313755,1.0,1.0,240,1.0129482355258685,1.0197717644741313,STOP,3,2022.11.10 19:00:00,3,-1.0,-34.117644741313754,False,False,,,STOP,-1.0
ANCHOR_CPI_SERIES,CPI_TIMELINE_20221110_163000:headline_yy,840030007,156473,US,USD,CPI Headline y/y,headline_yy,2022.10.01 00:00:00,7006,0,CALENDAR_TIMEMODE_DATETIME,False,trade_server_time,CALENDAR_UNIT_PERCENT,1,CALENDAR_MULTIPLIER_NONE,False,,,,1668097800,2022.11.10 16:30:00,7.7,8.2,,-0.5,Long,True,,1668099600,2022.11.10 17:00:00,1800,1.01636,0.0034117644741313755,1.0,1.0,240,1.0129482355258685,1.0197717644741313,STOP,3,2022.11.10 19:00:00,3,-1.0,-34.117644741313754,False,False,,,STOP,-1.0
ANCHOR_CPI_SERIES,CPI_TIMELINE_20221110_163000:core_yy,840030008,156485,US,USD,CPI Core y/y,core_yy,2022.10.01 00:00:00,7146,0,CALENDAR_TIMEMODE_DATETIME,False,trade_server_time,CALENDAR_UNIT_PERCENT,1,CALENDAR_MULTIPLIER_NONE,False,,,,1668097800,2022.11.10 16:30:00,6.3,6.6,,-0.3,Long,True,,1668099600,2022.11.10 17:00:00,1800,1.01636,0.0034117644741313755,1.0,1.0,240,1.0129482355258685,1.0197717644741313,STOP,3,2022.11.10 19:00:00,3,-1.0,-34.117644741313754,False,False,,,STOP,-1.0
ANCHOR_CPI_SERIES,CPI_TIMELINE_20221110_163000:mm_sum,DERIVED_MM_SUM,,US,USD,CPI m/m Sum,mm_sum,,,0,CALENDAR_TIMEMODE_DATETIME,False,trade_server_time,CALENDAR_UNIT_PERCENT,1,CALENDAR_MULTIPLIER_NONE,True,"840030005,840030006","156449,156461","6728,6867",1668097800,2022.11.10 16:30:00,,,,-0.3,Long,True,,1668099600,2022.11.10 17:00:00,1800,1.01636,0.0034117644741313755,1.0,1.0,240,1.0129482355258685,1.0197717644741313,STOP,3,2022.11.10 19:00:00,3,-1.0,-34.117644741313754,False,False,,,STOP,-1.0
ANCHOR_CPI_SERIES,CPI_TIMELINE_20221110_163000:yy_sum,DERIVED_YY_SUM,,US,USD,CPI y/y Sum,yy_sum,,,0,CALENDAR_TIMEMODE_DATETIME,False,trade_server_time,CALENDAR_UNIT_PERCENT,1,CALENDAR_MULTIPLIER_NONE,True,"840030007,840030008","156473,156485","7006,7146",1668097800,2022.11.10 16:30:00,,,,-0.8,Long,True,,1668099600,2022.11.10 17:00:00,1800,1.01636,0.0034117644741313755,1.0,1.0,240,1.0129482355258685,1.0197717644741313,STOP,3,2022.11.10 19:00:00,3,-1.0,-34.117644741313754,False,False,,,STOP,-1.0
ANCHOR_CPI_SERIES,CPI_TIMELINE_20221213_163000:headline_mm,840030005,156450,US,USD,CPI Headline m/m,headline_mm,2022.11.01 00:00:00,6729,0,CALENDAR_TIMEMODE_DATETIME,False,trade_server_time,CALENDAR_UNIT_PERCENT,1,CALENDAR_MULTIPLIER_NONE,False,,,,1670949000,2022.12.13 16:30:00,0.1,0.4,,-0.3,Long,True,,1670950800,2022.12.13 17:00:00,1800,1.06448,0.002375769233513404,1.0,1.0,240,1.0621042307664867,1.0668557692335134,STOP,1,2022.12.13 17:00:00,1,-1.0,-23.757692335134042,False,False,,,STOP,-1.0
ANCHOR_CPI_SERIES,CPI_TIMELINE_20221213_163000:core_mm,840030006,156462,US,USD,CPI Core m/m,core_mm,2022.11.01 00:00:00,6868,0,CALENDAR_TIMEMODE_DATETIME,False,trade_server_time,CALENDAR_UNIT_PERCENT,1,CALENDAR_MULTIPLIER_NONE,False,,,,1670949000,2022.12.13 16:30:00,0.2,0.3,,-0.1,Long,True,,1670950800,2022.12.13 17:00:00,1800,1.06448,0.002375769233513404,1.0,1.0,240,1.0621042307664867,1.0668557692335134,STOP,1,2022.12.13 17:00:00,1,-1.0,-23.757692335134042,False,False,,,STOP,-1.0
ANCHOR_CPI_SERIES,CPI_TIMELINE_20221213_163000:headline_yy,840030007,156474,US,USD,CPI Headline y/y,headline_yy,2022.11.01 00:00:00,7007,0,CALENDAR_TIMEMODE_DATETIME,False,trade_server_time,CALENDAR_UNIT_PERCENT,1,CALENDAR_MULTIPLIER_NONE,False,,,,1670949000,2022.12.13 16:30:00,7.1,7.7,,-0.6,Long,True,,1670950800,2022.12.13 17:00:00,1800,1.06448,0.002375769233513404,1.0,1.0,240,1.0621042307664867,1.0668557692335134,STOP,1,2022.12.13 17:00:00,1,-1.0,-23.757692335134042,False,False,,,STOP,-1.0
ANCHOR_CPI_SERIES,CPI_TIMELINE_20221213_163000:core_yy,840030008,156486,US,USD,CPI Core y/y,core_yy,2022.11.01 00:00:00,7147,0,CALENDAR_TIMEMODE_DATETIME,False,trade_server_time,CALENDAR_UNIT_PERCENT,1,CALENDAR_MULTIPLIER_NONE,False,,,,1670949000,2022.12.13 16:30:00,6.0,6.3,,-0.3,Long,True,,1670950800,2022.12.13 17:00:00,1800,1.06448,0.002375769233513404,1.0,1.0,240,1.0621042307664867,1.0668557692335134,STOP,1,2022.12.13 17:00:00,1,-1.0,-23.757692335134042,False,False,,,STOP,-1.0
ANCHOR_CPI_SERIES,CPI_TIMELINE_20221213_163000:mm_sum,DERIVED_MM_SUM,,US,USD,CPI m/m Sum,mm_sum,,,0,CALENDAR_TIMEMODE_DATETIME,False,trade_server_time,CALENDAR_UNIT_PERCENT,1,CALENDAR_MULTIPLIER_NONE,True,"840030005,840030006","156450,156462","6729,6868",1670949000,2022.12.13 16:30:00,,,,-0.4,Long,True,,1670950800,2022.12.13 17:00:00,1800,1.06448,0.002375769233513404,1.0,1.0,240,1.0621042307664867,1.0668557692335134,STOP,1,2022.12.13 17:00:00,1,-1.0,-23.757692335134042,False,False,,,STOP,-1.0
ANCHOR_CPI_SERIES,CPI_TIMELINE_20221213_163000:yy_sum,DERIVED_YY_SUM,,US,USD,CPI y/y Sum,yy_sum,,,0,CALENDAR_TIMEMODE_DATETIME,False,trade_server_time,CALENDAR_UNIT_PERCENT,1,CALENDAR_MULTIPLIER_NONE,True,"840030007,840030008","156474,156486","7007,7147",1670949000,2022.12.13 16:30:00,,,,-0.9,Long,True,,1670950800,2022.12.13 17:00:00,1800,1.06448,0.002375769233513404,1.0,1.0,240,1.0621042307664867,1.0668557692335134,STOP,1,2022.12.13 17:00:00,1,-1.0,-23.757692335134042,False,False,,,STOP,-1.0
ANCHOR_CPI_SERIES,CPI_TIMELINE_20230112_163000:headline_mm,840030005,171956,US,USD,CPI Headline m/m,headline_mm,2022.12.01 00:00:00,6730,0,CALENDAR_TIMEMODE_DATETIME,False,trade_server_time,CALENDAR_UNIT_PERCENT,1,CALENDAR_MULTIPLIER_NONE,False,,,,1673541000,2023.01.12 16:30:00,-0.1,0.1,,-0.2,Long,True,,1673542800,2023.01.12 17:00:00,1800,1.07673,0.0020993257607076063,1.0,1.0,240,1.0746306742392924,1.0788293257607076,TARGET,1,2023.01.12 17:00:00,1,1.0,20.99325760707606,False,False,,,TARGET,1.0
ANCHOR_CPI_SERIES,CPI_TIMELINE_20230112_163000:core_mm,840030006,171968,US,USD,CPI Core m/m,core_mm,2022.12.01 00:00:00,6869,0,CALENDAR_TIMEMODE_DATETIME,False,trade_server_time,CALENDAR_UNIT_PERCENT,1,CALENDAR_MULTIPLIER_NONE,False,,,,1673541000,2023.01.12 16:30:00,0.3,0.2,,0.1,Short,True,,1673542800,2023.01.12 17:00:00,1800,1.07673,0.0020993257607076063,1.0,1.0,240,1.0788293257607076,1.0746306742392924,STOP,1,2023.01.12 17:00:00,1,-1.0,-20.99325760707606,False,False,,,STOP,-1.0
ANCHOR_CPI_SERIES,CPI_TIMELINE_20230112_163000:headline_yy,840030007,171980,US,USD,CPI Headline y/y,headline_yy,2022.12.01 00:00:00,7008,0,CALENDAR_TIMEMODE_DATETIME,False,trade_server_time,CALENDAR_UNIT_PERCENT,1,CALENDAR_MULTIPLIER_NONE,False,,,,1673541000,2023.01.12 16:30:00,6.5,7.1,,-0.6,Long,True,,1673542800,2023.01.12 17:00:00,1800,1.07673,0.0020993257607076063,1.0,1.0,240,1.0746306742392924,1.0788293257607076,TARGET,1,2023.01.12 17:00:00,1,1.0,20.99325760707606,False,False,,,TARGET,1.0
ANCHOR_CPI_SERIES,CPI_TIMELINE_20230112_163000:core_yy,840030008,171992,US,USD,CPI Core y/y,core_yy,2022.12.01 00:00:00,7148,0,CALENDAR_TIMEMODE_DATETIME,False,trade_server_time,CALENDAR_UNIT_PERCENT,1,CALENDAR_MULTIPLIER_NONE,False,,,,1673541000,2023.01.12 16:30:00,5.7,6.0,,-0.3,Long,True,,1673542800,2023.01.12 17:00:00,1800,1.07673,0.0020993257607076063,1.0,1.0,240,1.0746306742392924,1.0788293257607076,TARGET,1,2023.01.12 17:00:00,1,1.0,20.99325760707606,False,False,,,TARGET,1.0
ANCHOR_CPI_SERIES,CPI_TIMELINE_20230112_163000:mm_sum,DERIVED_MM_SUM,,US,USD,CPI m/m Sum,mm_sum,,,0,CALENDAR_TIMEMODE_DATETIME,False,trade_server_time,CALENDAR_UNIT_PERCENT,1,CALENDAR_MULTIPLIER_NONE,True,"840030005,840030006","171956,171968","6730,6869",1673541000,2023.01.12 16:30:00,,,,-0.1,Long,True,,1673542800,2023.01.12 17:00:00,1800,1.07673,0.0020993257607076063,1.0,1.0,240,1.0746306742392924,1.0788293257607076,TARGET,1,2023.01.12 17:00:00,1,1.0,20.99325760707606,False,False,,,TARGET,1.0
ANCHOR_CPI_SERIES,CPI_TIMELINE_20230112_163000:yy_sum,DERIVED_YY_SUM,,US,USD,CPI y/y Sum,yy_sum,,,0,CALENDAR_TIMEMODE_DATETIME,False,trade_server_time,CALENDAR_UNIT_PERCENT,1,CALENDAR_MULTIPLIER_NONE,True,"840030007,840030008","171980,171992","7008,7148",1673541000,2023.01.12 16:30:00,,,,-0.9,Long,True,,1673542800,2023.01.12 17:00:00,1800,1.07673,0.0020993257607076063,1.0,1.0,240,1.0746306742392924,1.0788293257607076,TARGET,1,2023.01.12 17:00:00,1,1.0,20.99325760707606,False,False,,,TARGET,1.0
ANCHOR_CPI_SERIES,CPI_TIMELINE_20230214_163000:headline_mm,840030005,171957,US,USD,CPI Headline m/m,headline_mm,2023.01.01 00:00:00,6731,0,CALENDAR_TIMEMODE_DATETIME,False,trade_server_time,CALENDAR_UNIT_PERCENT,1,CALENDAR_MULTIPLIER_NONE,False,,,,1676392200,2023.02.14 16:30:00,0.5,-0.1,0.1,0.6,Short,True,,1676394000,2023.02.14 17:00:00,1800,1.07517,0.0018783852255818373,1.0,1.0,240,1.0770483852255819,1.073291614774418,STOP,1,2023.02.14 17:00:00,1,-1.0,-18.78385225581837,True,False,,,TARGET,1.0
ANCHOR_CPI_SERIES,CPI_TIMELINE_20230214_163000:core_mm,840030006,171969,US,USD,CPI Core m/m,core_mm,2023.01.01 00:00:00,6870,0,CALENDAR_TIMEMODE_DATETIME,False,trade_server_time,CALENDAR_UNIT_PERCENT,1,CALENDAR_MULTIPLIER_NONE,False,,,,1676392200,2023.02.14 16:30:00,0.4,0.3,0.4,0.1,Short,True,,1676394000,2023.02.14 17:00:00,1800,1.07517,0.0018783852255818373,1.0,1.0,240,1.0770483852255819,1.073291614774418,STOP,1,2023.02.14 17:00:00,1,-1.0,-18.78385225581837,True,False,,,TARGET,1.0
ANCHOR_CPI_SERIES,CPI_TIMELINE_20230214_163000:headline_yy,840030007,171981,US,USD,CPI Headline y/y,headline_yy,2023.01.01 00:00:00,7009,0,CALENDAR_TIMEMODE_DATETIME,False,trade_server_time,CALENDAR_UNIT_PERCENT,1,CALENDAR_MULTIPLIER_NONE,False,,,,1676392200,2023.02.14 16:30:00,6.4,6.5,,-0.1,Long,True,,1676394000,2023.02.14 17:00:00,1800,1.07517,0.0018783852255818373,1.0,1.0,240,1.073291614774418,1.0770483852255819,STOP,1,2023.02.14 17:00:00,1,-1.0,-18.78385225581837,True,False,,,TARGET,1.0
ANCHOR_CPI_SERIES,CPI_TIMELINE_20230214_163000:core_yy,840030008,171993,US,USD,CPI Core y/y,core_yy,2023.01.01 00:00:00,7149,0,CALENDAR_TIMEMODE_DATETIME,False,trade_server_time,CALENDAR_UNIT_PERCENT,1,CALENDAR_MULTIPLIER_NONE,False,,,,1676392200,2023.02.14 16:30:00,5.6,5.7,,-0.1,Long,True,,1676394000,2023.02.14 17:00:00,1800,1.07517,0.0018783852255818373,1.0,1.0,240,1.073291614774418,1.0770483852255819,STOP,1,2023.02.14 17:00:00,1,-1.0,-18.78385225581837,True,False,,,TARGET,1.0
ANCHOR_CPI_SERIES,CPI_TIMELINE_20230214_163000:mm_sum,DERIVED_MM_SUM,,US,USD,CPI m/m Sum,mm_sum,,,0,CALENDAR_TIMEMODE_DATETIME,False,trade_server_time,CALENDAR_UNIT_PERCENT,1,CALENDAR_MULTIPLIER_NONE,True,"840030005,840030006","171957,171969","6731,6870",1676392200,2023.02.14 16:30:00,,,,0.7,Short,True,,1676394000,2023.02.14 17:00:00,1800,1.07517,0.0018783852255818373,1.0,1.0,240,1.0770483852255819,1.073291614774418,STOP,1,2023.02.14 17:00:00,1,-1.0,-18.78385225581837,True,False,,,TARGET,1.0
ANCHOR_CPI_SERIES,CPI_TIMELINE_20230214_163000:yy_sum,DERIVED_YY_SUM,,US,USD,CPI y/y Sum,yy_sum,,,0,CALENDAR_TIMEMODE_DATETIME,False,trade_server_time,CALENDAR_UNIT_PERCENT,1,CALENDAR_MULTIPLIER_NONE,True,"840030007,840030008","171981,171993","7009,7149",1676392200,2023.02.14 16:30:00,,,,-0.2,Long,True,,1676394000,2023.02.14 17:00:00,1800,1.07517,0.0018783852255818373,1.0,1.0,240,1.073291614774418,1.0770483852255819,STOP,1,2023.02.14 17:00:00,1,-1.0,-18.78385225581837,True,False,,,TARGET,1.0
ANCHOR_CPI_SERIES,CPI_TIMELINE_20230314_153000:headline_mm,840030005,171958,US,USD,CPI Headline m/m,headline_mm,2023.02.01 00:00:00,6732,0,CALENDAR_TIMEMODE_DATETIME,False,trade_server_time,CALENDAR_UNIT_PERCENT,1,CALENDAR_MULTIPLIER_NONE,False,,,,1678807800,2023.03.14 15:30:00,0.4,0.5,,-0.1,Long,True,,1678809600,2023.03.14 16:00:00,1800,1.07075,0.002063867123596689,1.0,1.0,240,1.0686861328764035,1.0728138671235967,TARGET,1,2023.03.14 16:00:00,1,1.0,20.63867123596689,False,False,,,TARGET,1.0
ANCHOR_CPI_SERIES,CPI_TIMELINE_20230314_153000:core_mm,840030006,171970,US,USD,CPI Core m/m,core_mm,2023.02.01 00:00:00,6871,0,CALENDAR_TIMEMODE_DATETIME,False,trade_server_time,CALENDAR_UNIT_PERCENT,1,CALENDAR_MULTIPLIER_NONE,False,,,,1678807800,2023.03.14 15:30:00,0.5,0.4,,0.1,Short,True,,1678809600,2023.03.14 16:00:00,1800,1.07075,0.002063867123596689,1.0,1.0,240,1.0728138671235967,1.0686861328764035,STOP,1,2023.03.14 16:00:00,1,-1.0,-20.63867123596689,False,False,,,STOP,-1.0
ANCHOR_CPI_SERIES,CPI_TIMELINE_20230314_153000:headline_yy,840030007,171982,US,USD,CPI Headline y/y,headline_yy,2023.02.01 00:00:00,7010,0,CALENDAR_TIMEMODE_DATETIME,False,trade_server_time,CALENDAR_UNIT_PERCENT,1,CALENDAR_MULTIPLIER_NONE,False,,,,1678807800,2023.03.14 15:30:00,6.0,6.4,,-0.4,Long,True,,1678809600,2023.03.14 16:00:00,1800,1.07075,0.002063867123596689,1.0,1.0,240,1.0686861328764035,1.0728138671235967,TARGET,1,2023.03.14 16:00:00,1,1.0,20.63867123596689,False,False,,,TARGET,1.0
ANCHOR_CPI_SERIES,CPI_TIMELINE_20230314_153000:core_yy,840030008,171994,US,USD,CPI Core y/y,core_yy,2023.02.01 00:00:00,7150,0,CALENDAR_TIMEMODE_DATETIME,False,trade_server_time,CALENDAR_UNIT_PERCENT,1,CALENDAR_MULTIPLIER_NONE,False,,,,1678807800,2023.03.14 15:30:00,5.5,5.6,,-0.1,Long,True,,1678809600,2023.03.14 16:00:00,1800,1.07075,0.002063867123596689,1.0,1.0,240,1.0686861328764035,1.0728138671235967,TARGET,1,2023.03.14 16:00:00,1,1.0,20.63867123596689,False,False,,,TARGET,1.0
ANCHOR_CPI_SERIES,CPI_TIMELINE_20230314_153000:mm_sum,DERIVED_MM_SUM,,US,USD,CPI m/m Sum,mm_sum,,,0,CALENDAR_TIMEMODE_DATETIME,False,trade_server_time,CALENDAR_UNIT_PERCENT,1,CALENDAR_MULTIPLIER_NONE,True,"840030005,840030006","171958,171970","6732,6871",1678807800,2023.03.14 15:30:00,,,,0.0,Flat,False,FLAT_DIRECTION,,,,,,,,,,,,,,,,,,,,,,
ANCHOR_CPI_SERIES,CPI_TIMELINE_20230314_153000:yy_sum,DERIVED_YY_SUM,,US,USD,CPI y/y Sum,yy_sum,,,0,CALENDAR_TIMEMODE_DATETIME,False,trade_server_time,CALENDAR_UNIT_PERCENT,1,CALENDAR_MULTIPLIER_NONE,True,"840030007,840030008","171982,171994","7010,7150",1678807800,2023.03.14 15:30:00,,,,-0.5,Long,True,,1678809600,2023.03.14 16:00:00,1800,1.07075,0.002063867123596689,1.0,1.0,240,1.0686861328764035,1.0728138671235967,TARGET,1,2023.03.14 16:00:00,1,1.0,20.63867123596689,False,False,,,TARGET,1.0
ANCHOR_CPI_SERIES,CPI_TIMELINE_20230412_153000:headline_mm,840030005,171959,US,USD,CPI Headline m/m,headline_mm,2023.03.01 00:00:00,6733,0,CALENDAR_TIMEMODE_DATETIME,False,trade_server_time,CALENDAR_UNIT_PERCENT,1,CALENDAR_MULTIPLIER_NONE,False,,,,1681313400,2023.04.12 15:30:00,0.1,0.4,,-0.3,Long,True,,1681315200,2023.04.12 16:00:00,1800,1.09635,0.0010944045171501252,1.0,1.0,240,1.0952555954828498,1.09744440451715,TARGET,1,2023.04.12 16:00:00,1,1.0,10.944045171501251,False,False,,,TARGET,1.0
ANCHOR_CPI_SERIES,CPI_TIMELINE_20230412_153000:core_mm,840030006,171971,US,USD,CPI Core m/m,core_mm,2023.03.01 00:00:00,6872,0,CALENDAR_TIMEMODE_DATETIME,False,trade_server_time,CALENDAR_UNIT_PERCENT,1,CALENDAR_MULTIPLIER_NONE,False,,,,1681313400,2023.04.12 15:30:00,0.4,0.5,,-0.1,Long,True,,1681315200,2023.04.12 16:00:00,1800,1.09635,0.0010944045171501252,1.0,1.0,240,1.0952555954828498,1.09744440451715,TARGET,1,2023.04.12 16:00:00,1,1.0,10.944045171501251,False,False,,,TARGET,1.0
ANCHOR_CPI_SERIES,CPI_TIMELINE_20230412_153000:headline_yy,840030007,171983,US,USD,CPI Headline y/y,headline_yy,2023.03.01 00:00:00,7011,0,CALENDAR_TIMEMODE_DATETIME,False,trade_server_time,CALENDAR_UNIT_PERCENT,1,CALENDAR_MULTIPLIER_NONE,False,,,,1681313400,2023.04.12 15:30:00,5.0,6.0,,-1.0,Long,True,,1681315200,2023.04.12 16:00:00,1800,1.09635,0.0010944045171501252,1.0,1.0,240,1.0952555954828498,1.09744440451715,TARGET,1,2023.04.12 16:00:00,1,1.0,10.944045171501251,False,False,,,TARGET,1.0
ANCHOR_CPI_SERIES,CPI_TIMELINE_20230412_153000:core_yy,840030008,171995,US,USD,CPI Core y/y,core_yy,2023.03.01 00:00:00,7151,0,CALENDAR_TIMEMODE_DATETIME,False,trade_server_time,CALENDAR_UNIT_PERCENT,1,CALENDAR_MULTIPLIER_NONE,False,,,,1681313400,2023.04.12 15:30:00,5.6,5.5,,0.1,Short,True,,1681315200,2023.04.12 16:00:00,1800,1.09635,0.0010944045171501252,1.0,1.0,240,1.09744440451715,1.0952555954828498,STOP,1,2023.04.12 16:00:00,1,-1.0,-10.944045171501251,False,False,,,STOP,-1.0
ANCHOR_CPI_SERIES,CPI_TIMELINE_20230412_153000:mm_sum,DERIVED_MM_SUM,,US,USD,CPI m/m Sum,mm_sum,,,0,CALENDAR_TIMEMODE_DATETIME,False,trade_server_time,CALENDAR_UNIT_PERCENT,1,CALENDAR_MULTIPLIER_NONE,True,"840030005,840030006","171959,171971","6733,6872",1681313400,2023.04.12 15:30:00,,,,-0.4,Long,True,,1681315200,2023.04.12 16:00:00,1800,1.09635,0.0010944045171501252,1.0,1.0,240,1.0952555954828498,1.09744440451715,TARGET,1,2023.04.12 16:00:00,1,1.0,10.944045171501251,False,False,,,TARGET,1.0
ANCHOR_CPI_SERIES,CPI_TIMELINE_20230412_153000:yy_sum,DERIVED_YY_SUM,,US,USD,CPI y/y Sum,yy_sum,,,0,CALENDAR_TIMEMODE_DATETIME,False,trade_server_time,CALENDAR_UNIT_PERCENT,1,CALENDAR_MULTIPLIER_NONE,True,"840030007,840030008","171983,171995","7011,7151",1681313400,2023.04.12 15:30:00,,,,-0.9,Long,True,,1681315200,2023.04.12 16:00:00,1800,1.09635,0.0010944045171501252,1.0,1.0,240,1.0952555954828498,1.09744440451715,TARGET,1,2023.04.12 16:00:00,1,1.0,10.944045171501251,False,False,,,TARGET,1.0
ANCHOR_CPI_SERIES,CPI_TIMELINE_20230510_153000:headline_mm,840030005,171960,US,USD,CPI Headline m/m,headline_mm,2023.04.01 00:00:00,6734,0,CALENDAR_TIMEMODE_DATETIME,False,trade_server_time,CALENDAR_UNIT_PERCENT,1,CALENDAR_MULTIPLIER_NONE,False,,,,1683732600,2023.05.10 15:30:00,0.4,0.1,,0.3,Short,True,,1683734400,2023.05.10 16:00:00,1800,1.10003,0.0010439095234991294,1.0,1.0,240,1.1010739095234992,1.098986090476501,TARGET,1,2023.05.10 16:00:00,1,1.0,10.439095234991294,False,False,,,TARGET,1.0
ANCHOR_CPI_SERIES,CPI_TIMELINE_20230510_153000:core_mm,840030006,171972,US,USD,CPI Core m/m,core_mm,2023.04.01 00:00:00,6873,0,CALENDAR_TIMEMODE_DATETIME,False,trade_server_time,CALENDAR_UNIT_PERCENT,1,CALENDAR_MULTIPLIER_NONE,False,,,,1683732600,2023.05.10 15:30:00,0.4,0.4,,0.0,Flat,False,FLAT_DIRECTION,,,,,,,,,,,,,,,,,,,,,,
ANCHOR_CPI_SERIES,CPI_TIMELINE_20230510_153000:headline_yy,840030007,171984,US,USD,CPI Headline y/y,headline_yy,2023.04.01 00:00:00,7012,0,CALENDAR_TIMEMODE_DATETIME,False,trade_server_time,CALENDAR_UNIT_PERCENT,1,CALENDAR_MULTIPLIER_NONE,False,,,,1683732600,2023.05.10 15:30:00,4.9,5.0,,-0.1,Long,True,,1683734400,2023.05.10 16:00:00,1800,1.10003,0.0010439095234991294,1.0,1.0,240,1.098986090476501,1.1010739095234992,STOP,1,2023.05.10 16:00:00,1,-1.0,-10.439095234991294,False,False,,,STOP,-1.0
ANCHOR_CPI_SERIES,CPI_TIMELINE_20230510_153000:core_yy,840030008,171996,US,USD,CPI Core y/y,core_yy,2023.04.01 00:00:00,7152,0,CALENDAR_TIMEMODE_DATETIME,False,trade_server_time,CALENDAR_UNIT_PERCENT,1,CALENDAR_MULTIPLIER_NONE,False,,,,1683732600,2023.05.10 15:30:00,5.5,5.6,,-0.1,Long,True,,1683734400,2023.05.10 16:00:00,1800,1.10003,0.0010439095234991294,1.0,1.0,240,1.098986090476501,1.1010739095234992,STOP,1,2023.05.10 16:00:00,1,-1.0,-10.439095234991294,False,False,,,STOP,-1.0
ANCHOR_CPI_SERIES,CPI_TIMELINE_20230510_153000:mm_sum,DERIVED_MM_SUM,,US,USD,CPI m/m Sum,mm_sum,,,0,CALENDAR_TIMEMODE_DATETIME,False,trade_server_time,CALENDAR_UNIT_PERCENT,1,CALENDAR_MULTIPLIER_NONE,True,"840030005,840030006","171960,171972","6734,6873",1683732600,2023.05.10 15:30:00,,,,0.3,Short,True,,1683734400,2023.05.10 16:00:00,1800,1.10003,0.0010439095234991294,1.0,1.0,240,1.1010739095234992,1.098986090476501,TARGET,1,2023.05.10 16:00:00,1,1.0,10.439095234991294,False,False,,,TARGET,1.0
ANCHOR_CPI_SERIES,CPI_TIMELINE_20230510_153000:yy_sum,DERIVED_YY_SUM,,US,USD,CPI y/y Sum,yy_sum,,,0,CALENDAR_TIMEMODE_DATETIME,False,trade_server_time,CALENDAR_UNIT_PERCENT,1,CALENDAR_MULTIPLIER_NONE,True,"840030007,840030008","171984,171996","7012,7152",1683732600,2023.05.10 15:30:00,,,,-0.2,Long,True,,1683734400,2023.05.10 16:00:00,1800,1.10003,0.0010439095234991294,1.0,1.0,240,1.098986090476501,1.1010739095234992,STOP,1,2023.05.10 16:00:00,1,-1.0,-10.439095234991294,False,False,,,STOP,-1.0
ANCHOR_CPI_SERIES,CPI_TIMELINE_20230613_153000:headline_mm,840030005,171961,US,USD,CPI Headline m/m,headline_mm,2023.05.01 00:00:00,6735,0,CALENDAR_TIMEMODE_DATETIME,False,trade_server_time,CALENDAR_UNIT_PERCENT,1,CALENDAR_MULTIPLIER_NONE,False,,,,1686670200,2023.06.13 15:30:00,0.1,0.4,,-0.3,Long,True,,1686672000,2023.06.13 16:00:00,1800,1.08137,0.0010497208449074167,1.0,1.0,240,1.0803202791550925,1.0824197208449073,STOP,1,2023.06.13 16:00:00,1,-1.0,-10.497208449074167,False,False,,,STOP,-1.0
ANCHOR_CPI_SERIES,CPI_TIMELINE_20230613_153000:core_mm,840030006,171973,US,USD,CPI Core m/m,core_mm,2023.05.01 00:00:00,6874,0,CALENDAR_TIMEMODE_DATETIME,False,trade_server_time,CALENDAR_UNIT_PERCENT,1,CALENDAR_MULTIPLIER_NONE,False,,,,1686670200,2023.06.13 15:30:00,0.4,0.4,,0.0,Flat,False,FLAT_DIRECTION,,,,,,,,,,,,,,,,,,,,,,
ANCHOR_CPI_SERIES,CPI_TIMELINE_20230613_153000:headline_yy,840030007,171985,US,USD,CPI Headline y/y,headline_yy,2023.05.01 00:00:00,7013,0,CALENDAR_TIMEMODE_DATETIME,False,trade_server_time,CALENDAR_UNIT_PERCENT,1,CALENDAR_MULTIPLIER_NONE,False,,,,1686670200,2023.06.13 15:30:00,4.0,4.9,,-0.9,Long,True,,1686672000,2023.06.13 16:00:00,1800,1.08137,0.0010497208449074167,1.0,1.0,240,1.0803202791550925,1.0824197208449073,STOP,1,2023.06.13 16:00:00,1,-1.0,-10.497208449074167,False,False,,,STOP,-1.0
ANCHOR_CPI_SERIES,CPI_TIMELINE_20230613_153000:core_yy,840030008,171997,US,USD,CPI Core y/y,core_yy,2023.05.01 00:00:00,7153,0,CALENDAR_TIMEMODE_DATETIME,False,trade_server_time,CALENDAR_UNIT_PERCENT,1,CALENDAR_MULTIPLIER_NONE,False,,,,1686670200,2023.06.13 15:30:00,5.3,5.5,,-0.2,Long,True,,1686672000,2023.06.13 16:00:00,1800,1.08137,0.0010497208449074167,1.0,1.0,240,1.0803202791550925,1.0824197208449073,STOP,1,2023.06.13 16:00:00,1,-1.0,-10.497208449074167,False,False,,,STOP,-1.0
ANCHOR_CPI_SERIES,CPI_TIMELINE_20230613_153000:mm_sum,DERIVED_MM_SUM,,US,USD,CPI m/m Sum,mm_sum,,,0,CALENDAR_TIMEMODE_DATETIME,False,trade_server_time,CALENDAR_UNIT_PERCENT,1,CALENDAR_MULTIPLIER_NONE,True,"840030005,840030006","171961,171973","6735,6874",1686670200,2023.06.13 15:30:00,,,,-0.3,Long,True,,1686672000,2023.06.13 16:00:00,1800,1.08137,0.0010497208449074167,1.0,1.0,240,1.0803202791550925,1.0824197208449073,STOP,1,2023.06.13 16:00:00,1,-1.0,-10.497208449074167,False,False,,,STOP,-1.0
ANCHOR_CPI_SERIES,CPI_TIMELINE_20230613_153000:yy_sum,DERIVED_YY_SUM,,US,USD,CPI y/y Sum,yy_sum,,,0,CALENDAR_TIMEMODE_DATETIME,False,trade_server_time,CALENDAR_UNIT_PERCENT,1,CALENDAR_MULTIPLIER_NONE,True,"840030007,840030008","171985,171997","7013,7153",1686670200,2023.06.13 15:30:00,,,,-1.1,Long,True,,1686672000,2023.06.13 16:00:00,1800,1.08137,0.0010497208449074167,1.0,1.0,240,1.0803202791550925,1.0824197208449073,STOP,1,2023.06.13 16:00:00,1,-1.0,-10.497208449074167,False,False,,,STOP,-1.0
ANCHOR_CPI_SERIES,CPI_TIMELINE_20230712_153000:headline_mm,840030005,171962,US,USD,CPI Headline m/m,headline_mm,2023.06.01 00:00:00,6736,0,CALENDAR_TIMEMODE_DATETIME,False,trade_server_time,CALENDAR_UNIT_PERCENT,1,CALENDAR_MULTIPLIER_NONE,False,,,,1689175800,2023.07.12 15:30:00,0.2,0.1,,0.1,Short,True,,1689177600,2023.07.12 16:00:00,1800,1.10576,0.0009482705548875,1.0,1.0,240,1.1067082705548876,1.1048117294451125,STOP,1,2023.07.12 16:00:00,1,-1.0,-9.482705548875,False,False,,,STOP,-1.0
ANCHOR_CPI_SERIES,CPI_TIMELINE_20230712_153000:core_mm,840030006,171974,US,USD,CPI Core m/m,core_mm,2023.06.01 00:00:00,6875,0,CALENDAR_TIMEMODE_DATETIME,False,trade_server_time,CALENDAR_UNIT_PERCENT,1,CALENDAR_MULTIPLIER_NONE,False,,,,1689175800,2023.07.12 15:30:00,0.2,0.4,,-0.2,Long,True,,1689177600,2023.07.12 16:00:00,1800,1.10576,0.0009482705548875,1.0,1.0,240,1.1048117294451125,1.1067082705548876,TARGET,1,2023.07.12 16:00:00,1,1.0,9.482705548875,False,False,,,TARGET,1.0
ANCHOR_CPI_SERIES,CPI_TIMELINE_20230712_153000:headline_yy,840030007,171986,US,USD,CPI Headline y/y,headline_yy,2023.06.01 00:00:00,7014,0,CALENDAR_TIMEMODE_DATETIME,False,trade_server_time,CALENDAR_UNIT_PERCENT,1,CALENDAR_MULTIPLIER_NONE,False,,,,1689175800,2023.07.12 15:30:00,3.0,4.0,,-1.0,Long,True,,1689177600,2023.07.12 16:00:00,1800,1.10576,0.0009482705548875,1.0,1.0,240,1.1048117294451125,1.1067082705548876,TARGET,1,2023.07.12 16:00:00,1,1.0,9.482705548875,False,False,,,TARGET,1.0
ANCHOR_CPI_SERIES,CPI_TIMELINE_20230712_153000:core_yy,840030008,171998,US,USD,CPI Core y/y,core_yy,2023.06.01 00:00:00,7154,0,CALENDAR_TIMEMODE_DATETIME,False,trade_server_time,CALENDAR_UNIT_PERCENT,1,CALENDAR_MULTIPLIER_NONE,False,,,,1689175800,2023.07.12 15:30:00,4.8,5.3,,-0.5,Long,True,,1689177600,2023.07.12 16:00:00,1800,1.10576,0.0009482705548875,1.0,1.0,240,1.1048117294451125,1.1067082705548876,TARGET,1,2023.07.12 16:00:00,1,1.0,9.482705548875,False,False,,,TARGET,1.0
ANCHOR_CPI_SERIES,CPI_TIMELINE_20230712_153000:mm_sum,DERIVED_MM_SUM,,US,USD,CPI m/m Sum,mm_sum,,,0,CALENDAR_TIMEMODE_DATETIME,False,trade_server_time,CALENDAR_UNIT_PERCENT,1,CALENDAR_MULTIPLIER_NONE,True,"840030005,840030006","171962,171974","6736,6875",1689175800,2023.07.12 15:30:00,,,,-0.1,Long,True,,1689177600,2023.07.12 16:00:00,1800,1.10576,0.0009482705548875,1.0,1.0,240,1.1048117294451125,1.1067082705548876,TARGET,1,2023.07.12 16:00:00,1,1.0,9.482705548875,False,False,,,TARGET,1.0
ANCHOR_CPI_SERIES,CPI_TIMELINE_20230712_153000:yy_sum,DERIVED_YY_SUM,,US,USD,CPI y/y Sum,yy_sum,,,0,CALENDAR_TIMEMODE_DATETIME,False,trade_server_time,CALENDAR_UNIT_PERCENT,1,CALENDAR_MULTIPLIER_NONE,True,"840030007,840030008","171986,171998","7014,7154",1689175800,2023.07.12 15:30:00,,,,-1.5,Long,True,,1689177600,2023.07.12 16:00:00,1800,1.10576,0.0009482705548875,1.0,1.0,240,1.1048117294451125,1.1067082705548876,TARGET,1,2023.07.12 16:00:00,1,1.0,9.482705548875,False,False,,,TARGET,1.0
ANCHOR_CPI_SERIES,CPI_TIMELINE_20230810_153000:headline_mm,840030005,171963,US,USD,CPI Headline m/m,headline_mm,2023.07.01 00:00:00,6737,0,CALENDAR_TIMEMODE_DATETIME,False,trade_server_time,CALENDAR_UNIT_PERCENT,1,CALENDAR_MULTIPLIER_NONE,False,,,,1691681400,2023.08.10 15:30:00,0.2,0.2,,0.0,Flat,False,FLAT_DIRECTION,,,,,,,,,,,,,,,,,,,,,,
ANCHOR_CPI_SERIES,CPI_TIMELINE_20230810_153000:core_mm,840030006,171975,US,USD,CPI Core m/m,core_mm,2023.07.01 00:00:00,6876,0,CALENDAR_TIMEMODE_DATETIME,False,trade_server_time,CALENDAR_UNIT_PERCENT,1,CALENDAR_MULTIPLIER_NONE,False,,,,1691681400,2023.08.10 15:30:00,0.2,0.2,,0.0,Flat,False,FLAT_DIRECTION,,,,,,,,,,,,,,,,,,,,,,
ANCHOR_CPI_SERIES,CPI_TIMELINE_20230810_153000:headline_yy,840030007,171987,US,USD,CPI Headline y/y,headline_yy,2023.07.01 00:00:00,7015,0,CALENDAR_TIMEMODE_DATETIME,False,trade_server_time,CALENDAR_UNIT_PERCENT,1,CALENDAR_MULTIPLIER_NONE,False,,,,1691681400,2023.08.10 15:30:00,3.2,3.0,,0.2,Short,True,,1691683200,2023.08.10 16:00:00,1800,1.10415,0.001106979912206612,1.0,1.0,240,1.1052569799122065,1.1030430200877934,TARGET,1,2023.08.10 16:00:00,1,1.0,11.06979912206612,False,False,,,TARGET,1.0
ANCHOR_CPI_SERIES,CPI_TIMELINE_20230810_153000:core_yy,840030008,171999,US,USD,CPI Core y/y,core_yy,2023.07.01 00:00:00,7155,0,CALENDAR_TIMEMODE_DATETIME,False,trade_server_time,CALENDAR_UNIT_PERCENT,1,CALENDAR_MULTIPLIER_NONE,False,,,,1691681400,2023.08.10 15:30:00,4.7,4.8,,-0.1,Long,True,,1691683200,2023.08.10 16:00:00,1800,1.10415,0.001106979912206612,1.0,1.0,240,1.1030430200877934,1.1052569799122065,STOP,1,2023.08.10 16:00:00,1,-1.0,-11.06979912206612,False,False,,,STOP,-1.0
ANCHOR_CPI_SERIES,CPI_TIMELINE_20230810_153000:mm_sum,DERIVED_MM_SUM,,US,USD,CPI m/m Sum,mm_sum,,,0,CALENDAR_TIMEMODE_DATETIME,False,trade_server_time,CALENDAR_UNIT_PERCENT,1,CALENDAR_MULTIPLIER_NONE,True,"840030005,840030006","171963,171975","6737,6876",1691681400,2023.08.10 15:30:00,,,,0.0,Flat,False,FLAT_DIRECTION,,,,,,,,,,,,,,,,,,,,,,
ANCHOR_CPI_SERIES,CPI_TIMELINE_20230810_153000:yy_sum,DERIVED_YY_SUM,,US,USD,CPI y/y Sum,yy_sum,,,0,CALENDAR_TIMEMODE_DATETIME,False,trade_server_time,CALENDAR_UNIT_PERCENT,1,CALENDAR_MULTIPLIER_NONE,True,"840030007,840030008","171987,171999","7015,7155",1691681400,2023.08.10 15:30:00,,,,0.1,Short,True,,1691683200,2023.08.10 16:00:00,1800,1.10415,0.001106979912206612,1.0,1.0,240,1.1052569799122065,1.1030430200877934,TARGET,1,2023.08.10 16:00:00,1,1.0,11.06979912206612,False,False,,,TARGET,1.0
ANCHOR_CPI_SERIES,CPI_TIMELINE_20230913_153000:headline_mm,840030005,171964,US,USD,CPI Headline m/m,headline_mm,2023.08.01 00:00:00,6738,0,CALENDAR_TIMEMODE_DATETIME,False,trade_server_time,CALENDAR_UNIT_PERCENT,1,CALENDAR_MULTIPLIER_NONE,False,,,,1694619000,2023.09.13 15:30:00,0.6,0.2,,0.4,Short,True,,1694620800,2023.09.13 16:00:00,1800,1.07473,0.0011473645788796574,1.0,1.0,240,1.0758773645788797,1.0735826354211202,TARGET,1,2023.09.13 16:00:00,1,1.0,11.473645788796574,False,False,,,TARGET,1.0
ANCHOR_CPI_SERIES,CPI_TIMELINE_20230913_153000:core_mm,840030006,171976,US,USD,CPI Core m/m,core_mm,2023.08.01 00:00:00,6877,0,CALENDAR_TIMEMODE_DATETIME,False,trade_server_time,CALENDAR_UNIT_PERCENT,1,CALENDAR_MULTIPLIER_NONE,False,,,,1694619000,2023.09.13 15:30:00,0.3,0.2,,0.1,Short,True,,1694620800,2023.09.13 16:00:00,1800,1.07473,0.0011473645788796574,1.0,1.0,240,1.0758773645788797,1.0735826354211202,TARGET,1,2023.09.13 16:00:00,1,1.0,11.473645788796574,False,False,,,TARGET,1.0
ANCHOR_CPI_SERIES,CPI_TIMELINE_20230913_153000:headline_yy,840030007,171988,US,USD,CPI Headline y/y,headline_yy,2023.08.01 00:00:00,7016,0,CALENDAR_TIMEMODE_DATETIME,False,trade_server_time,CALENDAR_UNIT_PERCENT,1,CALENDAR_MULTIPLIER_NONE,False,,,,1694619000,2023.09.13 15:30:00,3.7,3.2,,0.5,Short,True,,1694620800,2023.09.13 16:00:00,1800,1.07473,0.0011473645788796574,1.0,1.0,240,1.0758773645788797,1.0735826354211202,TARGET,1,2023.09.13 16:00:00,1,1.0,11.473645788796574,False,False,,,TARGET,1.0
ANCHOR_CPI_SERIES,CPI_TIMELINE_20230913_153000:core_yy,840030008,172000,US,USD,CPI Core y/y,core_yy,2023.08.01 00:00:00,7156,0,CALENDAR_TIMEMODE_DATETIME,False,trade_server_time,CALENDAR_UNIT_PERCENT,1,CALENDAR_MULTIPLIER_NONE,False,,,,1694619000,2023.09.13 15:30:00,4.3,4.7,,-0.4,Long,True,,1694620800,2023.09.13 16:00:00,1800,1.07473,0.0011473645788796574,1.0,1.0,240,1.0735826354211202,1.0758773645788797,STOP,1,2023.09.13 16:00:00,1,-1.0,-11.473645788796574,False,False,,,STOP,-1.0
ANCHOR_CPI_SERIES,CPI_TIMELINE_20230913_153000:mm_sum,DERIVED_MM_SUM,,US,USD,CPI m/m Sum,mm_sum,,,0,CALENDAR_TIMEMODE_DATETIME,False,trade_server_time,CALENDAR_UNIT_PERCENT,1,CALENDAR_MULTIPLIER_NONE,True,"840030005,840030006","171964,171976","6738,6877",1694619000,2023.09.13 15:30:00,,,,0.5,Short,True,,1694620800,2023.09.13 16:00:00,1800,1.07473,0.0011473645788796574,1.0,1.0,240,1.0758773645788797,1.0735826354211202,TARGET,1,2023.09.13 16:00:00,1,1.0,11.473645788796574,False,False,,,TARGET,1.0
ANCHOR_CPI_SERIES,CPI_TIMELINE_20230913_153000:yy_sum,DERIVED_YY_SUM,,US,USD,CPI y/y Sum,yy_sum,,,0,CALENDAR_TIMEMODE_DATETIME,False,trade_server_time,CALENDAR_UNIT_PERCENT,1,CALENDAR_MULTIPLIER_NONE,True,"840030007,840030008","171988,172000","7016,7156",1694619000,2023.09.13 15:30:00,,,,0.1,Short,True,,1694620800,2023.09.13 16:00:00,1800,1.07473,0.0011473645788796574,1.0,1.0,240,1.0758773645788797,1.0735826354211202,TARGET,1,2023.09.13 16:00:00,1,1.0,11.473645788796574,False,False,,,TARGET,1.0
ANCHOR_CPI_SERIES,CPI_TIMELINE_20231012_153000:headline_mm,840030005,171965,US,USD,CPI Headline m/m,headline_mm,2023.09.01 00:00:00,6739,0,CALENDAR_TIMEMODE_DATETIME,False,trade_server_time,CALENDAR_UNIT_PERCENT,1,CALENDAR_MULTIPLIER_NONE,False,,,,1697124600,2023.10.12 15:30:00,0.4,0.6,,-0.2,Long,True,,1697126400,2023.10.12 16:00:00,1800,1.05813,0.0010409765491555727,1.0,1.0,240,1.0570890234508445,1.0591709765491555,STOP,1,2023.10.12 16:00:00,1,-1.0,-10.409765491555726,False,False,,,STOP,-1.0
ANCHOR_CPI_SERIES,CPI_TIMELINE_20231012_153000:core_mm,840030006,171977,US,USD,CPI Core m/m,core_mm,2023.09.01 00:00:00,6878,0,CALENDAR_TIMEMODE_DATETIME,False,trade_server_time,CALENDAR_UNIT_PERCENT,1,CALENDAR_MULTIPLIER_NONE,False,,,,1697124600,2023.10.12 15:30:00,0.3,0.3,,0.0,Flat,False,FLAT_DIRECTION,,,,,,,,,,,,,,,,,,,,,,
ANCHOR_CPI_SERIES,CPI_TIMELINE_20231012_153000:headline_yy,840030007,171989,US,USD,CPI Headline y/y,headline_yy,2023.09.01 00:00:00,7017,0,CALENDAR_TIMEMODE_DATETIME,False,trade_server_time,CALENDAR_UNIT_PERCENT,1,CALENDAR_MULTIPLIER_NONE,False,,,,1697124600,2023.10.12 15:30:00,3.7,3.7,,0.0,Flat,False,FLAT_DIRECTION,,,,,,,,,,,,,,,,,,,,,,
ANCHOR_CPI_SERIES,CPI_TIMELINE_20231012_153000:core_yy,840030008,172001,US,USD,CPI Core y/y,core_yy,2023.09.01 00:00:00,7157,0,CALENDAR_TIMEMODE_DATETIME,False,trade_server_time,CALENDAR_UNIT_PERCENT,1,CALENDAR_MULTIPLIER_NONE,False,,,,1697124600,2023.10.12 15:30:00,4.1,4.3,,-0.2,Long,True,,1697126400,2023.10.12 16:00:00,1800,1.05813,0.0010409765491555727,1.0,1.0,240,1.0570890234508445,1.0591709765491555,STOP,1,2023.10.12 16:00:00,1,-1.0,-10.409765491555726,False,False,,,STOP,-1.0
ANCHOR_CPI_SERIES,CPI_TIMELINE_20231012_153000:mm_sum,DERIVED_MM_SUM,,US,USD,CPI m/m Sum,mm_sum,,,0,CALENDAR_TIMEMODE_DATETIME,False,trade_server_time,CALENDAR_UNIT_PERCENT,1,CALENDAR_MULTIPLIER_NONE,True,"840030005,840030006","171965,171977","6739,6878",1697124600,2023.10.12 15:30:00,,,,-0.2,Long,True,,1697126400,2023.10.12 16:00:00,1800,1.05813,0.0010409765491555727,1.0,1.0,240,1.0570890234508445,1.0591709765491555,STOP,1,2023.10.12 16:00:00,1,-1.0,-10.409765491555726,False,False,,,STOP,-1.0
ANCHOR_CPI_SERIES,CPI_TIMELINE_20231012_153000:yy_sum,DERIVED_YY_SUM,,US,USD,CPI y/y Sum,yy_sum,,,0,CALENDAR_TIMEMODE_DATETIME,False,trade_server_time,CALENDAR_UNIT_PERCENT,1,CALENDAR_MULTIPLIER_NONE,True,"840030007,840030008","171989,172001","7017,7157",1697124600,2023.10.12 15:30:00,,,,-0.2,Long,True,,1697126400,2023.10.12 16:00:00,1800,1.05813,0.0010409765491555727,1.0,1.0,240,1.0570890234508445,1.0591709765491555,STOP,1,2023.10.12 16:00:00,1,-1.0,-10.409765491555726,False,False,,,STOP,-1.0
ANCHOR_CPI_SERIES,CPI_TIMELINE_20231114_163000:headline_mm,840030005,171966,US,USD,CPI Headline m/m,headline_mm,2023.10.01 00:00:00,6740,0,CALENDAR_TIMEMODE_DATETIME,False,trade_server_time,CALENDAR_UNIT_PERCENT,1,CALENDAR_MULTIPLIER_NONE,False,,,,1699979400,2023.11.14 16:30:00,0.0,0.4,,-0.4,Long,True,,1699981200,2023.11.14 17:00:00,1800,1.08329,0.001544774436939821,1.0,1.0,240,1.0817452255630602,1.08483477443694,TARGET,2,2023.11.14 18:00:00,2,1.0,15.447744369398208,False,False,,,TARGET,1.0
ANCHOR_CPI_SERIES,CPI_TIMELINE_20231114_163000:core_mm,840030006,171978,US,USD,CPI Core m/m,core_mm,2023.10.01 00:00:00,6879,0,CALENDAR_TIMEMODE_DATETIME,False,trade_server_time,CALENDAR_UNIT_PERCENT,1,CALENDAR_MULTIPLIER_NONE,False,,,,1699979400,2023.11.14 16:30:00,0.2,0.3,,-0.1,Long,True,,1699981200,2023.11.14 17:00:00,1800,1.08329,0.001544774436939821,1.0,1.0,240,1.0817452255630602,1.08483477443694,TARGET,2,2023.11.14 18:00:00,2,1.0,15.447744369398208,False,False,,,TARGET,1.0
ANCHOR_CPI_SERIES,CPI_TIMELINE_20231114_163000:headline_yy,840030007,171990,US,USD,CPI Headline y/y,headline_yy,2023.10.01 00:00:00,7018,0,CALENDAR_TIMEMODE_DATETIME,False,trade_server_time,CALENDAR_UNIT_PERCENT,1,CALENDAR_MULTIPLIER_NONE,False,,,,1699979400,2023.11.14 16:30:00,3.2,3.7,,-0.5,Long,True,,1699981200,2023.11.14 17:00:00,1800,1.08329,0.001544774436939821,1.0,1.0,240,1.0817452255630602,1.08483477443694,TARGET,2,2023.11.14 18:00:00,2,1.0,15.447744369398208,False,False,,,TARGET,1.0
ANCHOR_CPI_SERIES,CPI_TIMELINE_20231114_163000:core_yy,840030008,172002,US,USD,CPI Core y/y,core_yy,2023.10.01 00:00:00,7158,0,CALENDAR_TIMEMODE_DATETIME,False,trade_server_time,CALENDAR_UNIT_PERCENT,1,CALENDAR_MULTIPLIER_NONE,False,,,,1699979400,2023.11.14 16:30:00,4.0,4.1,,-0.1,Long,True,,1699981200,2023.11.14 17:00:00,1800,1.08329,0.001544774436939821,1.0,1.0,240,1.0817452255630602,1.08483477443694,TARGET,2,2023.11.14 18:00:00,2,1.0,15.447744369398208,False,False,,,TARGET,1.0
ANCHOR_CPI_SERIES,CPI_TIMELINE_20231114_163000:mm_sum,DERIVED_MM_SUM,,US,USD,CPI m/m Sum,mm_sum,,,0,CALENDAR_TIMEMODE_DATETIME,False,trade_server_time,CALENDAR_UNIT_PERCENT,1,CALENDAR_MULTIPLIER_NONE,True,"840030005,840030006","171966,171978","6740,6879",1699979400,2023.11.14 16:30:00,,,,-0.5,Long,True,,1699981200,2023.11.14 17:00:00,1800,1.08329,0.001544774436939821,1.0,1.0,240,1.0817452255630602,1.08483477443694,TARGET,2,2023.11.14 18:00:00,2,1.0,15.447744369398208,False,False,,,TARGET,1.0
ANCHOR_CPI_SERIES,CPI_TIMELINE_20231114_163000:yy_sum,DERIVED_YY_SUM,,US,USD,CPI y/y Sum,yy_sum,,,0,CALENDAR_TIMEMODE_DATETIME,False,trade_server_time,CALENDAR_UNIT_PERCENT,1,CALENDAR_MULTIPLIER_NONE,True,"840030007,840030008","171990,172002","7018,7158",1699979400,2023.11.14 16:30:00,,,,-0.6,Long,True,,1699981200,2023.11.14 17:00:00,1800,1.08329,0.001544774436939821,1.0,1.0,240,1.0817452255630602,1.08483477443694,TARGET,2,2023.11.14 18:00:00,2,1.0,15.447744369398208,False,False,,,TARGET,1.0
ANCHOR_CPI_SERIES,CPI_TIMELINE_20231212_163000:headline_mm,840030005,171967,US,USD,CPI Headline m/m,headline_mm,2023.11.01 00:00:00,6741,0,CALENDAR_TIMEMODE_DATETIME,False,trade_server_time,CALENDAR_UNIT_PERCENT,1,CALENDAR_MULTIPLIER_NONE,False,,,,1702398600,2023.12.12 16:30:00,0.1,0.0,,0.1,Short,True,,1702400400,2023.12.12 17:00:00,1800,1.0774,0.0013634250814764674,1.0,1.0,240,1.0787634250814764,1.0760365749185234,STOP,1,2023.12.12 17:00:00,1,-1.0,-13.634250814764673,False,False,,,STOP,-1.0
ANCHOR_CPI_SERIES,CPI_TIMELINE_20231212_163000:core_mm,840030006,171979,US,USD,CPI Core m/m,core_mm,2023.11.01 00:00:00,6880,0,CALENDAR_TIMEMODE_DATETIME,False,trade_server_time,CALENDAR_UNIT_PERCENT,1,CALENDAR_MULTIPLIER_NONE,False,,,,1702398600,2023.12.12 16:30:00,0.3,0.2,,0.1,Short,True,,1702400400,2023.12.12 17:00:00,1800,1.0774,0.0013634250814764674,1.0,1.0,240,1.0787634250814764,1.0760365749185234,STOP,1,2023.12.12 17:00:00,1,-1.0,-13.634250814764673,False,False,,,STOP,-1.0
ANCHOR_CPI_SERIES,CPI_TIMELINE_20231212_163000:headline_yy,840030007,171991,US,USD,CPI Headline y/y,headline_yy,2023.11.01 00:00:00,7019,0,CALENDAR_TIMEMODE_DATETIME,False,trade_server_time,CALENDAR_UNIT_PERCENT,1,CALENDAR_MULTIPLIER_NONE,False,,,,1702398600,2023.12.12 16:30:00,3.1,3.2,,-0.1,Long,True,,1702400400,2023.12.12 17:00:00,1800,1.0774,0.0013634250814764674,1.0,1.0,240,1.0760365749185234,1.0787634250814764,TARGET,1,2023.12.12 17:00:00,1,1.0,13.634250814764673,False,False,,,TARGET,1.0
ANCHOR_CPI_SERIES,CPI_TIMELINE_20231212_163000:core_yy,840030008,172003,US,USD,CPI Core y/y,core_yy,2023.11.01 00:00:00,7159,0,CALENDAR_TIMEMODE_DATETIME,False,trade_server_time,CALENDAR_UNIT_PERCENT,1,CALENDAR_MULTIPLIER_NONE,False,,,,1702398600,2023.12.12 16:30:00,4.0,4.0,,0.0,Flat,False,FLAT_DIRECTION,,,,,,,,,,,,,,,,,,,,,,
ANCHOR_CPI_SERIES,CPI_TIMELINE_20231212_163000:mm_sum,DERIVED_MM_SUM,,US,USD,CPI m/m Sum,mm_sum,,,0,CALENDAR_TIMEMODE_DATETIME,False,trade_server_time,CALENDAR_UNIT_PERCENT,1,CALENDAR_MULTIPLIER_NONE,True,"840030005,840030006","171967,171979","6741,6880",1702398600,2023.12.12 16:30:00,,,,0.2,Short,True,,1702400400,2023.12.12 17:00:00,1800,1.0774,0.0013634250814764674,1.0,1.0,240,1.0787634250814764,1.0760365749185234,STOP,1,2023.12.12 17:00:00,1,-1.0,-13.634250814764673,False,False,,,STOP,-1.0
ANCHOR_CPI_SERIES,CPI_TIMELINE_20231212_163000:yy_sum,DERIVED_YY_SUM,,US,USD,CPI y/y Sum,yy_sum,,,0,CALENDAR_TIMEMODE_DATETIME,False,trade_server_time,CALENDAR_UNIT_PERCENT,1,CALENDAR_MULTIPLIER_NONE,True,"840030007,840030008","171991,172003","7019,7159",1702398600,2023.12.12 16:30:00,,,,-0.1,Long,True,,1702400400,2023.12.12 17:00:00,1800,1.0774,0.0013634250814764674,1.0,1.0,240,1.0760365749185234,1.0787634250814764,TARGET,1,2023.12.12 17:00:00,1,1.0,13.634250814764673,False,False,,,TARGET,1.0
ANCHOR_CPI_SERIES,CPI_TIMELINE_20240111_163000:headline_mm,840030005,191634,US,USD,CPI Headline m/m,headline_mm,2023.12.01 00:00:00,6742,0,CALENDAR_TIMEMODE_DATETIME,False,trade_server_time,CALENDAR_UNIT_PERCENT,1,CALENDAR_MULTIPLIER_NONE,False,,,,1704990600,2024.01.11 16:30:00,0.3,0.1,,0.2,Short,True,,1704992400,2024.01.11 17:00:00,1800,1.09538,0.00141428997040458,1.0,1.0,240,1.0967942899704046,1.0939657100295954,TARGET,1,2024.01.11 17:00:00,1,1.0,14.1428997040458,False,False,,,TARGET,1.0
ANCHOR_CPI_SERIES,CPI_TIMELINE_20240111_163000:core_mm,840030006,191646,US,USD,CPI Core m/m,core_mm,2023.12.01 00:00:00,6881,0,CALENDAR_TIMEMODE_DATETIME,False,trade_server_time,CALENDAR_UNIT_PERCENT,1,CALENDAR_MULTIPLIER_NONE,False,,,,1704990600,2024.01.11 16:30:00,0.3,0.3,,0.0,Flat,False,FLAT_DIRECTION,,,,,,,,,,,,,,,,,,,,,,
ANCHOR_CPI_SERIES,CPI_TIMELINE_20240111_163000:headline_yy,840030007,191658,US,USD,CPI Headline y/y,headline_yy,2023.12.01 00:00:00,7020,0,CALENDAR_TIMEMODE_DATETIME,False,trade_server_time,CALENDAR_UNIT_PERCENT,1,CALENDAR_MULTIPLIER_NONE,False,,,,1704990600,2024.01.11 16:30:00,3.4,3.1,,0.3,Short,True,,1704992400,2024.01.11 17:00:00,1800,1.09538,0.00141428997040458,1.0,1.0,240,1.0967942899704046,1.0939657100295954,TARGET,1,2024.01.11 17:00:00,1,1.0,14.1428997040458,False,False,,,TARGET,1.0
ANCHOR_CPI_SERIES,CPI_TIMELINE_20240111_163000:core_yy,840030008,191670,US,USD,CPI Core y/y,core_yy,2023.12.01 00:00:00,7160,0,CALENDAR_TIMEMODE_DATETIME,False,trade_server_time,CALENDAR_UNIT_PERCENT,1,CALENDAR_MULTIPLIER_NONE,False,,,,1704990600,2024.01.11 16:30:00,3.9,4.0,,-0.1,Long,True,,1704992400,2024.01.11 17:00:00,1800,1.09538,0.00141428997040458,1.0,1.0,240,1.0939657100295954,1.0967942899704046,STOP,1,2024.01.11 17:00:00,1,-1.0,-14.1428997040458,False,False,,,STOP,-1.0
ANCHOR_CPI_SERIES,CPI_TIMELINE_20240111_163000:mm_sum,DERIVED_MM_SUM,,US,USD,CPI m/m Sum,mm_sum,,,0,CALENDAR_TIMEMODE_DATETIME,False,trade_server_time,CALENDAR_UNIT_PERCENT,1,CALENDAR_MULTIPLIER_NONE,True,"840030005,840030006","191634,191646","6742,6881",1704990600,2024.01.11 16:30:00,,,,0.2,Short,True,,1704992400,2024.01.11 17:00:00,1800,1.09538,0.00141428997040458,1.0,1.0,240,1.0967942899704046,1.0939657100295954,TARGET,1,2024.01.11 17:00:00,1,1.0,14.1428997040458,False,False,,,TARGET,1.0
ANCHOR_CPI_SERIES,CPI_TIMELINE_20240111_163000:yy_sum,DERIVED_YY_SUM,,US,USD,CPI y/y Sum,yy_sum,,,0,CALENDAR_TIMEMODE_DATETIME,False,trade_server_time,CALENDAR_UNIT_PERCENT,1,CALENDAR_MULTIPLIER_NONE,True,"840030007,840030008","191658,191670","7020,7160",1704990600,2024.01.11 16:30:00,,,,0.2,Short,True,,1704992400,2024.01.11 17:00:00,1800,1.09538,0.00141428997040458,1.0,1.0,240,1.0967942899704046,1.0939657100295954,TARGET,1,2024.01.11 17:00:00,1,1.0,14.1428997040458,False,False,,,TARGET,1.0
ANCHOR_CPI_SERIES,CPI_TIMELINE_20240213_163000:headline_mm,840030005,191635,US,USD,CPI Headline m/m,headline_mm,2024.01.01 00:00:00,6743,0,CALENDAR_TIMEMODE_DATETIME,False,trade_server_time,CALENDAR_UNIT_PERCENT,1,CALENDAR_MULTIPLIER_NONE,False,,,,1707841800,2024.02.13 16:30:00,0.3,0.3,0.2,0.0,Flat,False,FLAT_DIRECTION,,,,,,,,,,,,,,,,,,,,,,
ANCHOR_CPI_SERIES,CPI_TIMELINE_20240213_163000:core_mm,840030006,191647,US,USD,CPI Core m/m,core_mm,2024.01.01 00:00:00,6882,0,CALENDAR_TIMEMODE_DATETIME,False,trade_server_time,CALENDAR_UNIT_PERCENT,1,CALENDAR_MULTIPLIER_NONE,False,,,,1707841800,2024.02.13 16:30:00,0.4,0.3,,0.1,Short,True,,1707843600,2024.02.13 17:00:00,1800,1.07176,0.001474436157863181,1.0,1.0,240,1.0732344361578632,1.070285563842137,TARGET,5,2024.02.13 21:00:00,5,1.0,14.74436157863181,False,False,,,TARGET,1.0
ANCHOR_CPI_SERIES,CPI_TIMELINE_20240213_163000:headline_yy,840030007,191659,US,USD,CPI Headline y/y,headline_yy,2024.01.01 00:00:00,7021,0,CALENDAR_TIMEMODE_DATETIME,False,trade_server_time,CALENDAR_UNIT_PERCENT,1,CALENDAR_MULTIPLIER_NONE,False,,,,1707841800,2024.02.13 16:30:00,3.1,3.4,,-0.3,Long,True,,1707843600,2024.02.13 17:00:00,1800,1.07176,0.001474436157863181,1.0,1.0,240,1.070285563842137,1.0732344361578632,STOP,5,2024.02.13 21:00:00,5,-1.0,-14.74436157863181,False,False,,,STOP,-1.0
ANCHOR_CPI_SERIES,CPI_TIMELINE_20240213_163000:core_yy,840030008,191671,US,USD,CPI Core y/y,core_yy,2024.01.01 00:00:00,7161,0,CALENDAR_TIMEMODE_DATETIME,False,trade_server_time,CALENDAR_UNIT_PERCENT,1,CALENDAR_MULTIPLIER_NONE,False,,,,1707841800,2024.02.13 16:30:00,3.9,3.9,,0.0,Flat,False,FLAT_DIRECTION,,,,,,,,,,,,,,,,,,,,,,
ANCHOR_CPI_SERIES,CPI_TIMELINE_20240213_163000:mm_sum,DERIVED_MM_SUM,,US,USD,CPI m/m Sum,mm_sum,,,0,CALENDAR_TIMEMODE_DATETIME,False,trade_server_time,CALENDAR_UNIT_PERCENT,1,CALENDAR_MULTIPLIER_NONE,True,"840030005,840030006","191635,191647","6743,6882",1707841800,2024.02.13 16:30:00,,,,0.1,Short,True,,1707843600,2024.02.13 17:00:00,1800,1.07176,0.001474436157863181,1.0,1.0,240,1.0732344361578632,1.070285563842137,TARGET,5,2024.02.13 21:00:00,5,1.0,14.74436157863181,False,False,,,TARGET,1.0
ANCHOR_CPI_SERIES,CPI_TIMELINE_20240213_163000:yy_sum,DERIVED_YY_SUM,,US,USD,CPI y/y Sum,yy_sum,,,0,CALENDAR_TIMEMODE_DATETIME,False,trade_server_time,CALENDAR_UNIT_PERCENT,1,CALENDAR_MULTIPLIER_NONE,True,"840030007,840030008","191659,191671","7021,7161",1707841800,2024.02.13 16:30:00,,,,-0.3,Long,True,,1707843600,2024.02.13 17:00:00,1800,1.07176,0.001474436157863181,1.0,1.0,240,1.070285563842137,1.0732344361578632,STOP,5,2024.02.13 21:00:00,5,-1.0,-14.74436157863181,False,False,,,STOP,-1.0
ANCHOR_CPI_SERIES,CPI_TIMELINE_20240312_153000:headline_mm,840030005,191636,US,USD,CPI Headline m/m,headline_mm,2024.02.01 00:00:00,6744,0,CALENDAR_TIMEMODE_DATETIME,False,trade_server_time,CALENDAR_UNIT_PERCENT,1,CALENDAR_MULTIPLIER_NONE,False,,,,1710257400,2024.03.12 15:30:00,0.4,0.3,,0.1,Short,True,,1710259200,2024.03.12 16:00:00,1800,1.09104,0.0009478984712268268,1.0,1.0,240,1.0919878984712268,1.0900921015287732,STOP,4,2024.03.12 19:00:00,4,-1.0,-9.478984712268268,False,False,,,STOP,-1.0
ANCHOR_CPI_SERIES,CPI_TIMELINE_20240312_153000:core_mm,840030006,191648,US,USD,CPI Core m/m,core_mm,2024.02.01 00:00:00,6883,0,CALENDAR_TIMEMODE_DATETIME,False,trade_server_time,CALENDAR_UNIT_PERCENT,1,CALENDAR_MULTIPLIER_NONE,False,,,,1710257400,2024.03.12 15:30:00,0.4,0.4,,0.0,Flat,False,FLAT_DIRECTION,,,,,,,,,,,,,,,,,,,,,,
ANCHOR_CPI_SERIES,CPI_TIMELINE_20240312_153000:headline_yy,840030007,191660,US,USD,CPI Headline y/y,headline_yy,2024.02.01 00:00:00,7022,0,CALENDAR_TIMEMODE_DATETIME,False,trade_server_time,CALENDAR_UNIT_PERCENT,1,CALENDAR_MULTIPLIER_NONE,False,,,,1710257400,2024.03.12 15:30:00,3.2,3.1,,0.1,Short,True,,1710259200,2024.03.12 16:00:00,1800,1.09104,0.0009478984712268268,1.0,1.0,240,1.0919878984712268,1.0900921015287732,STOP,4,2024.03.12 19:00:00,4,-1.0,-9.478984712268268,False,False,,,STOP,-1.0
ANCHOR_CPI_SERIES,CPI_TIMELINE_20240312_153000:core_yy,840030008,191672,US,USD,CPI Core y/y,core_yy,2024.02.01 00:00:00,7162,0,CALENDAR_TIMEMODE_DATETIME,False,trade_server_time,CALENDAR_UNIT_PERCENT,1,CALENDAR_MULTIPLIER_NONE,False,,,,1710257400,2024.03.12 15:30:00,3.8,3.9,,-0.1,Long,True,,1710259200,2024.03.12 16:00:00,1800,1.09104,0.0009478984712268268,1.0,1.0,240,1.0900921015287732,1.0919878984712268,TARGET,4,2024.03.12 19:00:00,4,1.0,9.478984712268268,False,False,,,TARGET,1.0
ANCHOR_CPI_SERIES,CPI_TIMELINE_20240312_153000:mm_sum,DERIVED_MM_SUM,,US,USD,CPI m/m Sum,mm_sum,,,0,CALENDAR_TIMEMODE_DATETIME,False,trade_server_time,CALENDAR_UNIT_PERCENT,1,CALENDAR_MULTIPLIER_NONE,True,"840030005,840030006","191636,191648","6744,6883",1710257400,2024.03.12 15:30:00,,,,0.1,Short,True,,1710259200,2024.03.12 16:00:00,1800,1.09104,0.0009478984712268268,1.0,1.0,240,1.0919878984712268,1.0900921015287732,STOP,4,2024.03.12 19:00:00,4,-1.0,-9.478984712268268,False,False,,,STOP,-1.0
ANCHOR_CPI_SERIES,CPI_TIMELINE_20240312_153000:yy_sum,DERIVED_YY_SUM,,US,USD,CPI y/y Sum,yy_sum,,,0,CALENDAR_TIMEMODE_DATETIME,False,trade_server_time,CALENDAR_UNIT_PERCENT,1,CALENDAR_MULTIPLIER_NONE,True,"840030007,840030008","191660,191672","7022,7162",1710257400,2024.03.12 15:30:00,,,,0.0,Flat,False,FLAT_DIRECTION,,,,,,,,,,,,,,,,,,,,,,
ANCHOR_CPI_SERIES,CPI_TIMELINE_20240410_153000:headline_mm,840030005,191637,US,USD,CPI Headline m/m,headline_mm,2024.03.01 00:00:00,6745,0,CALENDAR_TIMEMODE_DATETIME,False,trade_server_time,CALENDAR_UNIT_PERCENT,1,CALENDAR_MULTIPLIER_NONE,False,,,,1712763000,2024.04.10 15:30:00,0.4,0.4,,0.0,Flat,False,FLAT_DIRECTION,,,,,,,,,,,,,,,,,,,,,,
ANCHOR_CPI_SERIES,CPI_TIMELINE_20240410_153000:core_mm,840030006,191649,US,USD,CPI Core m/m,core_mm,2024.03.01 00:00:00,6884,0,CALENDAR_TIMEMODE_DATETIME,False,trade_server_time,CALENDAR_UNIT_PERCENT,1,CALENDAR_MULTIPLIER_NONE,False,,,,1712763000,2024.04.10 15:30:00,0.4,0.4,,0.0,Flat,False,FLAT_DIRECTION,,,,,,,,,,,,,,,,,,,,,,
ANCHOR_CPI_SERIES,CPI_TIMELINE_20240410_153000:headline_yy,840030007,191661,US,USD,CPI Headline y/y,headline_yy,2024.03.01 00:00:00,7023,0,CALENDAR_TIMEMODE_DATETIME,False,trade_server_time,CALENDAR_UNIT_PERCENT,1,CALENDAR_MULTIPLIER_NONE,False,,,,1712763000,2024.04.10 15:30:00,3.5,3.2,,0.3,Short,True,,1712764800,2024.04.10 16:00:00,1800,1.07805,0.0006976280329040395,1.0,1.0,240,1.078747628032904,1.0773523719670959,TARGET,1,2024.04.10 16:00:00,1,1.0,6.976280329040394,False,False,,,TARGET,1.0
ANCHOR_CPI_SERIES,CPI_TIMELINE_20240410_153000:core_yy,840030008,191673,US,USD,CPI Core y/y,core_yy,2024.03.01 00:00:00,7163,0,CALENDAR_TIMEMODE_DATETIME,False,trade_server_time,CALENDAR_UNIT_PERCENT,1,CALENDAR_MULTIPLIER_NONE,False,,,,1712763000,2024.04.10 15:30:00,3.8,3.8,,0.0,Flat,False,FLAT_DIRECTION,,,,,,,,,,,,,,,,,,,,,,
ANCHOR_CPI_SERIES,CPI_TIMELINE_20240410_153000:mm_sum,DERIVED_MM_SUM,,US,USD,CPI m/m Sum,mm_sum,,,0,CALENDAR_TIMEMODE_DATETIME,False,trade_server_time,CALENDAR_UNIT_PERCENT,1,CALENDAR_MULTIPLIER_NONE,True,"840030005,840030006","191637,191649","6745,6884",1712763000,2024.04.10 15:30:00,,,,0.0,Flat,False,FLAT_DIRECTION,,,,,,,,,,,,,,,,,,,,,,
ANCHOR_CPI_SERIES,CPI_TIMELINE_20240410_153000:yy_sum,DERIVED_YY_SUM,,US,USD,CPI y/y Sum,yy_sum,,,0,CALENDAR_TIMEMODE_DATETIME,False,trade_server_time,CALENDAR_UNIT_PERCENT,1,CALENDAR_MULTIPLIER_NONE,True,"840030007,840030008","191661,191673","7023,7163",1712763000,2024.04.10 15:30:00,,,,0.3,Short,True,,1712764800,2024.04.10 16:00:00,1800,1.07805,0.0006976280329040395,1.0,1.0,240,1.078747628032904,1.0773523719670959,TARGET,1,2024.04.10 16:00:00,1,1.0,6.976280329040394,False,False,,,TARGET,1.0
ANCHOR_CPI_SERIES,CPI_TIMELINE_20240515_153000:headline_mm,840030005,191638,US,USD,CPI Headline m/m,headline_mm,2024.04.01 00:00:00,6746,0,CALENDAR_TIMEMODE_DATETIME,False,trade_server_time,CALENDAR_UNIT_PERCENT,1,CALENDAR_MULTIPLIER_NONE,False,,,,1715787000,2024.05.15 15:30:00,0.3,0.4,,-0.1,Long,True,,1715788800,2024.05.15 16:00:00,1800,1.08609,0.0007012409879992097,1.0,1.0,240,1.0853887590120008,1.0867912409879992,STOP,1,2024.05.15 16:00:00,1,-1.0,-7.012409879992097,False,False,,,STOP,-1.0
ANCHOR_CPI_SERIES,CPI_TIMELINE_20240515_153000:core_mm,840030006,191650,US,USD,CPI Core m/m,core_mm,2024.04.01 00:00:00,6885,0,CALENDAR_TIMEMODE_DATETIME,False,trade_server_time,CALENDAR_UNIT_PERCENT,1,CALENDAR_MULTIPLIER_NONE,False,,,,1715787000,2024.05.15 15:30:00,0.3,0.4,,-0.1,Long,True,,1715788800,2024.05.15 16:00:00,1800,1.08609,0.0007012409879992097,1.0,1.0,240,1.0853887590120008,1.0867912409879992,STOP,1,2024.05.15 16:00:00,1,-1.0,-7.012409879992097,False,False,,,STOP,-1.0
ANCHOR_CPI_SERIES,CPI_TIMELINE_20240515_153000:headline_yy,840030007,191662,US,USD,CPI Headline y/y,headline_yy,2024.04.01 00:00:00,7024,0,CALENDAR_TIMEMODE_DATETIME,False,trade_server_time,CALENDAR_UNIT_PERCENT,1,CALENDAR_MULTIPLIER_NONE,False,,,,1715787000,2024.05.15 15:30:00,3.4,3.5,,-0.1,Long,True,,1715788800,2024.05.15 16:00:00,1800,1.08609,0.0007012409879992097,1.0,1.0,240,1.0853887590120008,1.0867912409879992,STOP,1,2024.05.15 16:00:00,1,-1.0,-7.012409879992097,False,False,,,STOP,-1.0
ANCHOR_CPI_SERIES,CPI_TIMELINE_20240515_153000:core_yy,840030008,191674,US,USD,CPI Core y/y,core_yy,2024.04.01 00:00:00,7164,0,CALENDAR_TIMEMODE_DATETIME,False,trade_server_time,CALENDAR_UNIT_PERCENT,1,CALENDAR_MULTIPLIER_NONE,False,,,,1715787000,2024.05.15 15:30:00,3.6,3.8,,-0.2,Long,True,,1715788800,2024.05.15 16:00:00,1800,1.08609,0.0007012409879992097,1.0,1.0,240,1.0853887590120008,1.0867912409879992,STOP,1,2024.05.15 16:00:00,1,-1.0,-7.012409879992097,False,False,,,STOP,-1.0
ANCHOR_CPI_SERIES,CPI_TIMELINE_20240515_153000:mm_sum,DERIVED_MM_SUM,,US,USD,CPI m/m Sum,mm_sum,,,0,CALENDAR_TIMEMODE_DATETIME,False,trade_server_time,CALENDAR_UNIT_PERCENT,1,CALENDAR_MULTIPLIER_NONE,True,"840030005,840030006","191638,191650","6746,6885",1715787000,2024.05.15 15:30:00,,,,-0.2,Long,True,,1715788800,2024.05.15 16:00:00,1800,1.08609,0.0007012409879992097,1.0,1.0,240,1.0853887590120008,1.0867912409879992,STOP,1,2024.05.15 16:00:00,1,-1.0,-7.012409879992097,False,False,,,STOP,-1.0
ANCHOR_CPI_SERIES,CPI_TIMELINE_20240515_153000:yy_sum,DERIVED_YY_SUM,,US,USD,CPI y/y Sum,yy_sum,,,0,CALENDAR_TIMEMODE_DATETIME,False,trade_server_time,CALENDAR_UNIT_PERCENT,1,CALENDAR_MULTIPLIER_NONE,True,"840030007,840030008","191662,191674","7024,7164",1715787000,2024.05.15 15:30:00,,,,-0.3,Long,True,,1715788800,2024.05.15 16:00:00,1800,1.08609,0.0007012409879992097,1.0,1.0,240,1.0853887590120008,1.0867912409879992,STOP,1,2024.05.15 16:00:00,1,-1.0,-7.012409879992097,False,False,,,STOP,-1.0
ANCHOR_CPI_SERIES,CPI_TIMELINE_20240612_153000:headline_mm,840030005,191639,US,USD,CPI Headline m/m,headline_mm,2024.05.01 00:00:00,6747,0,CALENDAR_TIMEMODE_DATETIME,False,trade_server_time,CALENDAR_UNIT_PERCENT,1,CALENDAR_MULTIPLIER_NONE,False,,,,1718206200,2024.06.12 15:30:00,0.0,0.3,,-0.3,Long,True,,1718208000,2024.06.12 16:00:00,1800,1.08262,0.0007975530295564025,1.0,1.0,240,1.0818224469704436,1.0834175530295562,TARGET,1,2024.06.12 16:00:00,1,1.0,7.975530295564024,False,False,,,TARGET,1.0
ANCHOR_CPI_SERIES,CPI_TIMELINE_20240612_153000:core_mm,840030006,191651,US,USD,CPI Core m/m,core_mm,2024.05.01 00:00:00,6886,0,CALENDAR_TIMEMODE_DATETIME,False,trade_server_time,CALENDAR_UNIT_PERCENT,1,CALENDAR_MULTIPLIER_NONE,False,,,,1718206200,2024.06.12 15:30:00,0.2,0.3,,-0.1,Long,True,,1718208000,2024.06.12 16:00:00,1800,1.08262,0.0007975530295564025,1.0,1.0,240,1.0818224469704436,1.0834175530295562,TARGET,1,2024.06.12 16:00:00,1,1.0,7.975530295564024,False,False,,,TARGET,1.0
ANCHOR_CPI_SERIES,CPI_TIMELINE_20240612_153000:headline_yy,840030007,191663,US,USD,CPI Headline y/y,headline_yy,2024.05.01 00:00:00,7025,0,CALENDAR_TIMEMODE_DATETIME,False,trade_server_time,CALENDAR_UNIT_PERCENT,1,CALENDAR_MULTIPLIER_NONE,False,,,,1718206200,2024.06.12 15:30:00,3.3,3.4,,-0.1,Long,True,,1718208000,2024.06.12 16:00:00,1800,1.08262,0.0007975530295564025,1.0,1.0,240,1.0818224469704436,1.0834175530295562,TARGET,1,2024.06.12 16:00:00,1,1.0,7.975530295564024,False,False,,,TARGET,1.0
ANCHOR_CPI_SERIES,CPI_TIMELINE_20240612_153000:core_yy,840030008,191675,US,USD,CPI Core y/y,core_yy,2024.05.01 00:00:00,7165,0,CALENDAR_TIMEMODE_DATETIME,False,trade_server_time,CALENDAR_UNIT_PERCENT,1,CALENDAR_MULTIPLIER_NONE,False,,,,1718206200,2024.06.12 15:30:00,3.4,3.6,,-0.2,Long,True,,1718208000,2024.06.12 16:00:00,1800,1.08262,0.0007975530295564025,1.0,1.0,240,1.0818224469704436,1.0834175530295562,TARGET,1,2024.06.12 16:00:00,1,1.0,7.975530295564024,False,False,,,TARGET,1.0
ANCHOR_CPI_SERIES,CPI_TIMELINE_20240612_153000:mm_sum,DERIVED_MM_SUM,,US,USD,CPI m/m Sum,mm_sum,,,0,CALENDAR_TIMEMODE_DATETIME,False,trade_server_time,CALENDAR_UNIT_PERCENT,1,CALENDAR_MULTIPLIER_NONE,True,"840030005,840030006","191639,191651","6747,6886",1718206200,2024.06.12 15:30:00,,,,-0.4,Long,True,,1718208000,2024.06.12 16:00:00,1800,1.08262,0.0007975530295564025,1.0,1.0,240,1.0818224469704436,1.0834175530295562,TARGET,1,2024.06.12 16:00:00,1,1.0,7.975530295564024,False,False,,,TARGET,1.0
ANCHOR_CPI_SERIES,CPI_TIMELINE_20240612_153000:yy_sum,DERIVED_YY_SUM,,US,USD,CPI y/y Sum,yy_sum,,,0,CALENDAR_TIMEMODE_DATETIME,False,trade_server_time,CALENDAR_UNIT_PERCENT,1,CALENDAR_MULTIPLIER_NONE,True,"840030007,840030008","191663,191675","7025,7165",1718206200,2024.06.12 15:30:00,,,,-0.3,Long,True,,1718208000,2024.06.12 16:00:00,1800,1.08262,0.0007975530295564025,1.0,1.0,240,1.0818224469704436,1.0834175530295562,TARGET,1,2024.06.12 16:00:00,1,1.0,7.975530295564024,False,False,,,TARGET,1.0
ANCHOR_CPI_SERIES,CPI_TIMELINE_20240711_153000:headline_mm,840030005,191640,US,USD,CPI Headline m/m,headline_mm,2024.06.01 00:00:00,6748,0,CALENDAR_TIMEMODE_DATETIME,False,trade_server_time,CALENDAR_UNIT_PERCENT,1,CALENDAR_MULTIPLIER_NONE,False,,,,1720711800,2024.07.11 15:30:00,-0.1,0.0,,-0.1,Long,True,,1720713600,2024.07.11 16:00:00,1800,1.08864,0.0006601211285769368,1.0,1.0,240,1.0879798788714232,1.0893001211285769,STOP,1,2024.07.11 16:00:00,1,-1.0,-6.601211285769367,True,False,,,TARGET,1.0
ANCHOR_CPI_SERIES,CPI_TIMELINE_20240711_153000:core_mm,840030006,191652,US,USD,CPI Core m/m,core_mm,2024.06.01 00:00:00,6887,0,CALENDAR_TIMEMODE_DATETIME,False,trade_server_time,CALENDAR_UNIT_PERCENT,1,CALENDAR_MULTIPLIER_NONE,False,,,,1720711800,2024.07.11 15:30:00,0.1,0.2,,-0.1,Long,True,,1720713600,2024.07.11 16:00:00,1800,1.08864,0.0006601211285769368,1.0,1.0,240,1.0879798788714232,1.0893001211285769,STOP,1,2024.07.11 16:00:00,1,-1.0,-6.601211285769367,True,False,,,TARGET,1.0
ANCHOR_CPI_SERIES,CPI_TIMELINE_20240711_153000:headline_yy,840030007,191664,US,USD,CPI Headline y/y,headline_yy,2024.06.01 00:00:00,7026,0,CALENDAR_TIMEMODE_DATETIME,False,trade_server_time,CALENDAR_UNIT_PERCENT,1,CALENDAR_MULTIPLIER_NONE,False,,,,1720711800,2024.07.11 15:30:00,3.0,3.3,,-0.3,Long,True,,1720713600,2024.07.11 16:00:00,1800,1.08864,0.0006601211285769368,1.0,1.0,240,1.0879798788714232,1.0893001211285769,STOP,1,2024.07.11 16:00:00,1,-1.0,-6.601211285769367,True,False,,,TARGET,1.0
ANCHOR_CPI_SERIES,CPI_TIMELINE_20240711_153000:core_yy,840030008,191676,US,USD,CPI Core y/y,core_yy,2024.06.01 00:00:00,7166,0,CALENDAR_TIMEMODE_DATETIME,False,trade_server_time,CALENDAR_UNIT_PERCENT,1,CALENDAR_MULTIPLIER_NONE,False,,,,1720711800,2024.07.11 15:30:00,3.3,3.4,,-0.1,Long,True,,1720713600,2024.07.11 16:00:00,1800,1.08864,0.0006601211285769368,1.0,1.0,240,1.0879798788714232,1.0893001211285769,STOP,1,2024.07.11 16:00:00,1,-1.0,-6.601211285769367,True,False,,,TARGET,1.0
ANCHOR_CPI_SERIES,CPI_TIMELINE_20240711_153000:mm_sum,DERIVED_MM_SUM,,US,USD,CPI m/m Sum,mm_sum,,,0,CALENDAR_TIMEMODE_DATETIME,False,trade_server_time,CALENDAR_UNIT_PERCENT,1,CALENDAR_MULTIPLIER_NONE,True,"840030005,840030006","191640,191652","6748,6887",1720711800,2024.07.11 15:30:00,,,,-0.2,Long,True,,1720713600,2024.07.11 16:00:00,1800,1.08864,0.0006601211285769368,1.0,1.0,240,1.0879798788714232,1.0893001211285769,STOP,1,2024.07.11 16:00:00,1,-1.0,-6.601211285769367,True,False,,,TARGET,1.0
ANCHOR_CPI_SERIES,CPI_TIMELINE_20240711_153000:yy_sum,DERIVED_YY_SUM,,US,USD,CPI y/y Sum,yy_sum,,,0,CALENDAR_TIMEMODE_DATETIME,False,trade_server_time,CALENDAR_UNIT_PERCENT,1,CALENDAR_MULTIPLIER_NONE,True,"840030007,840030008","191664,191676","7026,7166",1720711800,2024.07.11 15:30:00,,,,-0.4,Long,True,,1720713600,2024.07.11 16:00:00,1800,1.08864,0.0006601211285769368,1.0,1.0,240,1.0879798788714232,1.0893001211285769,STOP,1,2024.07.11 16:00:00,1,-1.0,-6.601211285769367,True,False,,,TARGET,1.0
ANCHOR_CPI_SERIES,CPI_TIMELINE_20240814_153000:headline_mm,840030005,191641,US,USD,CPI Headline m/m,headline_mm,2024.07.01 00:00:00,6749,0,CALENDAR_TIMEMODE_DATETIME,False,trade_server_time,CALENDAR_UNIT_PERCENT,1,CALENDAR_MULTIPLIER_NONE,False,,,,1723649400,2024.08.14 15:30:00,0.2,-0.1,,0.3,Short,True,,1723651200,2024.08.14 16:00:00,1800,1.10164,0.0009104573444924246,1.0,1.0,240,1.1025504573444924,1.1007295426555075,STOP,1,2024.08.14 16:00:00,1,-1.0,-9.104573444924245,False,False,,,STOP,-1.0
ANCHOR_CPI_SERIES,CPI_TIMELINE_20240814_153000:core_mm,840030006,191653,US,USD,CPI Core m/m,core_mm,2024.07.01 00:00:00,6888,0,CALENDAR_TIMEMODE_DATETIME,False,trade_server_time,CALENDAR_UNIT_PERCENT,1,CALENDAR_MULTIPLIER_NONE,False,,,,1723649400,2024.08.14 15:30:00,0.2,0.1,,0.1,Short,True,,1723651200,2024.08.14 16:00:00,1800,1.10164,0.0009104573444924246,1.0,1.0,240,1.1025504573444924,1.1007295426555075,STOP,1,2024.08.14 16:00:00,1,-1.0,-9.104573444924245,False,False,,,STOP,-1.0
ANCHOR_CPI_SERIES,CPI_TIMELINE_20240814_153000:headline_yy,840030007,191665,US,USD,CPI Headline y/y,headline_yy,2024.07.01 00:00:00,7027,0,CALENDAR_TIMEMODE_DATETIME,False,trade_server_time,CALENDAR_UNIT_PERCENT,1,CALENDAR_MULTIPLIER_NONE,False,,,,1723649400,2024.08.14 15:30:00,2.9,3.0,,-0.1,Long,True,,1723651200,2024.08.14 16:00:00,1800,1.10164,0.0009104573444924246,1.0,1.0,240,1.1007295426555075,1.1025504573444924,TARGET,1,2024.08.14 16:00:00,1,1.0,9.104573444924245,False,False,,,TARGET,1.0
ANCHOR_CPI_SERIES,CPI_TIMELINE_20240814_153000:core_yy,840030008,191677,US,USD,CPI Core y/y,core_yy,2024.07.01 00:00:00,7167,0,CALENDAR_TIMEMODE_DATETIME,False,trade_server_time,CALENDAR_UNIT_PERCENT,1,CALENDAR_MULTIPLIER_NONE,False,,,,1723649400,2024.08.14 15:30:00,3.2,3.3,,-0.1,Long,True,,1723651200,2024.08.14 16:00:00,1800,1.10164,0.0009104573444924246,1.0,1.0,240,1.1007295426555075,1.1025504573444924,TARGET,1,2024.08.14 16:00:00,1,1.0,9.104573444924245,False,False,,,TARGET,1.0
ANCHOR_CPI_SERIES,CPI_TIMELINE_20240814_153000:mm_sum,DERIVED_MM_SUM,,US,USD,CPI m/m Sum,mm_sum,,,0,CALENDAR_TIMEMODE_DATETIME,False,trade_server_time,CALENDAR_UNIT_PERCENT,1,CALENDAR_MULTIPLIER_NONE,True,"840030005,840030006","191641,191653","6749,6888",1723649400,2024.08.14 15:30:00,,,,0.4,Short,True,,1723651200,2024.08.14 16:00:00,1800,1.10164,0.0009104573444924246,1.0,1.0,240,1.1025504573444924,1.1007295426555075,STOP,1,2024.08.14 16:00:00,1,-1.0,-9.104573444924245,False,False,,,STOP,-1.0
ANCHOR_CPI_SERIES,CPI_TIMELINE_20240814_153000:yy_sum,DERIVED_YY_SUM,,US,USD,CPI y/y Sum,yy_sum,,,0,CALENDAR_TIMEMODE_DATETIME,False,trade_server_time,CALENDAR_UNIT_PERCENT,1,CALENDAR_MULTIPLIER_NONE,True,"840030007,840030008","191665,191677","7027,7167",1723649400,2024.08.14 15:30:00,,,,-0.2,Long,True,,1723651200,2024.08.14 16:00:00,1800,1.10164,0.0009104573444924246,1.0,1.0,240,1.1007295426555075,1.1025504573444924,TARGET,1,2024.08.14 16:00:00,1,1.0,9.104573444924245,False,False,,,TARGET,1.0
ANCHOR_CPI_SERIES,CPI_TIMELINE_20240911_153000:headline_mm,840030005,191642,US,USD,CPI Headline m/m,headline_mm,2024.08.01 00:00:00,6750,0,CALENDAR_TIMEMODE_DATETIME,False,trade_server_time,CALENDAR_UNIT_PERCENT,1,CALENDAR_MULTIPLIER_NONE,False,,,,1726068600,2024.09.11 15:30:00,0.2,0.2,,0.0,Flat,False,FLAT_DIRECTION,,,,,,,,,,,,,,,,,,,,,,
ANCHOR_CPI_SERIES,CPI_TIMELINE_20240911_153000:core_mm,840030006,191654,US,USD,CPI Core m/m,core_mm,2024.08.01 00:00:00,6889,0,CALENDAR_TIMEMODE_DATETIME,False,trade_server_time,CALENDAR_UNIT_PERCENT,1,CALENDAR_MULTIPLIER_NONE,False,,,,1726068600,2024.09.11 15:30:00,0.3,0.2,,0.1,Short,True,,1726070400,2024.09.11 16:00:00,1800,1.10159,0.0009362046154170752,1.0,1.0,240,1.1025262046154172,1.100653795384583,STOP,1,2024.09.11 16:00:00,1,-1.0,-9.362046154170752,False,False,,,STOP,-1.0
ANCHOR_CPI_SERIES,CPI_TIMELINE_20240911_153000:headline_yy,840030007,191666,US,USD,CPI Headline y/y,headline_yy,2024.08.01 00:00:00,7028,0,CALENDAR_TIMEMODE_DATETIME,False,trade_server_time,CALENDAR_UNIT_PERCENT,1,CALENDAR_MULTIPLIER_NONE,False,,,,1726068600,2024.09.11 15:30:00,2.5,2.9,,-0.4,Long,True,,1726070400,2024.09.11 16:00:00,1800,1.10159,0.0009362046154170752,1.0,1.0,240,1.100653795384583,1.1025262046154172,TARGET,1,2024.09.11 16:00:00,1,1.0,9.362046154170752,False,False,,,TARGET,1.0
ANCHOR_CPI_SERIES,CPI_TIMELINE_20240911_153000:core_yy,840030008,191678,US,USD,CPI Core y/y,core_yy,2024.08.01 00:00:00,7168,0,CALENDAR_TIMEMODE_DATETIME,False,trade_server_time,CALENDAR_UNIT_PERCENT,1,CALENDAR_MULTIPLIER_NONE,False,,,,1726068600,2024.09.11 15:30:00,3.2,3.2,,0.0,Flat,False,FLAT_DIRECTION,,,,,,,,,,,,,,,,,,,,,,
ANCHOR_CPI_SERIES,CPI_TIMELINE_20240911_153000:mm_sum,DERIVED_MM_SUM,,US,USD,CPI m/m Sum,mm_sum,,,0,CALENDAR_TIMEMODE_DATETIME,False,trade_server_time,CALENDAR_UNIT_PERCENT,1,CALENDAR_MULTIPLIER_NONE,True,"840030005,840030006","191642,191654","6750,6889",1726068600,2024.09.11 15:30:00,,,,0.1,Short,True,,1726070400,2024.09.11 16:00:00,1800,1.10159,0.0009362046154170752,1.0,1.0,240,1.1025262046154172,1.100653795384583,STOP,1,2024.09.11 16:00:00,1,-1.0,-9.362046154170752,False,False,,,STOP,-1.0
ANCHOR_CPI_SERIES,CPI_TIMELINE_20240911_153000:yy_sum,DERIVED_YY_SUM,,US,USD,CPI y/y Sum,yy_sum,,,0,CALENDAR_TIMEMODE_DATETIME,False,trade_server_time,CALENDAR_UNIT_PERCENT,1,CALENDAR_MULTIPLIER_NONE,True,"840030007,840030008","191666,191678","7028,7168",1726068600,2024.09.11 15:30:00,,,,-0.4,Long,True,,1726070400,2024.09.11 16:00:00,1800,1.10159,0.0009362046154170752,1.0,1.0,240,1.100653795384583,1.1025262046154172,TARGET,1,2024.09.11 16:00:00,1,1.0,9.362046154170752,False,False,,,TARGET,1.0
ANCHOR_CPI_SERIES,CPI_TIMELINE_20241010_153000:headline_mm,840030005,191643,US,USD,CPI Headline m/m,headline_mm,2024.09.01 00:00:00,6751,0,CALENDAR_TIMEMODE_DATETIME,False,trade_server_time,CALENDAR_UNIT_PERCENT,1,CALENDAR_MULTIPLIER_NONE,False,,,,1728574200,2024.10.10 15:30:00,0.2,0.2,,0.0,Flat,False,FLAT_DIRECTION,,,,,,,,,,,,,,,,,,,,,,
ANCHOR_CPI_SERIES,CPI_TIMELINE_20241010_153000:core_mm,840030006,191655,US,USD,CPI Core m/m,core_mm,2024.09.01 00:00:00,6890,0,CALENDAR_TIMEMODE_DATETIME,False,trade_server_time,CALENDAR_UNIT_PERCENT,1,CALENDAR_MULTIPLIER_NONE,False,,,,1728574200,2024.10.10 15:30:00,0.3,0.3,,0.0,Flat,False,FLAT_DIRECTION,,,,,,,,,,,,,,,,,,,,,,
ANCHOR_CPI_SERIES,CPI_TIMELINE_20241010_153000:headline_yy,840030007,191667,US,USD,CPI Headline y/y,headline_yy,2024.09.01 00:00:00,7029,0,CALENDAR_TIMEMODE_DATETIME,False,trade_server_time,CALENDAR_UNIT_PERCENT,1,CALENDAR_MULTIPLIER_NONE,False,,,,1728574200,2024.10.10 15:30:00,2.4,2.5,,-0.1,Long,True,,1728576000,2024.10.10 16:00:00,1800,1.09437,0.0007837309535131974,1.0,1.0,240,1.0935862690464868,1.0951537309535133,STOP,1,2024.10.10 16:00:00,1,-1.0,-7.837309535131974,False,False,,,STOP,-1.0
ANCHOR_CPI_SERIES,CPI_TIMELINE_20241010_153000:core_yy,840030008,191679,US,USD,CPI Core y/y,core_yy,2024.09.01 00:00:00,7169,0,CALENDAR_TIMEMODE_DATETIME,False,trade_server_time,CALENDAR_UNIT_PERCENT,1,CALENDAR_MULTIPLIER_NONE,False,,,,1728574200,2024.10.10 15:30:00,3.3,3.2,,0.1,Short,True,,1728576000,2024.10.10 16:00:00,1800,1.09437,0.0007837309535131974,1.0,1.0,240,1.0951537309535133,1.0935862690464868,TARGET,1,2024.10.10 16:00:00,1,1.0,7.837309535131974,False,False,,,TARGET,1.0
ANCHOR_CPI_SERIES,CPI_TIMELINE_20241010_153000:mm_sum,DERIVED_MM_SUM,,US,USD,CPI m/m Sum,mm_sum,,,0,CALENDAR_TIMEMODE_DATETIME,False,trade_server_time,CALENDAR_UNIT_PERCENT,1,CALENDAR_MULTIPLIER_NONE,True,"840030005,840030006","191643,191655","6751,6890",1728574200,2024.10.10 15:30:00,,,,0.0,Flat,False,FLAT_DIRECTION,,,,,,,,,,,,,,,,,,,,,,
ANCHOR_CPI_SERIES,CPI_TIMELINE_20241010_153000:yy_sum,DERIVED_YY_SUM,,US,USD,CPI y/y Sum,yy_sum,,,0,CALENDAR_TIMEMODE_DATETIME,False,trade_server_time,CALENDAR_UNIT_PERCENT,1,CALENDAR_MULTIPLIER_NONE,True,"840030007,840030008","191667,191679","7029,7169",1728574200,2024.10.10 15:30:00,,,,0.0,Flat,False,FLAT_DIRECTION,,,,,,,,,,,,,,,,,,,,,,
ANCHOR_CPI_SERIES,CPI_TIMELINE_20241113_163000:headline_mm,840030005,191644,US,USD,CPI Headline m/m,headline_mm,2024.10.01 00:00:00,6752,0,CALENDAR_TIMEMODE_DATETIME,False,trade_server_time,CALENDAR_UNIT_PERCENT,1,CALENDAR_MULTIPLIER_NONE,False,,,,1731515400,2024.11.13 16:30:00,0.2,0.2,,0.0,Flat,False,FLAT_DIRECTION,,,,,,,,,,,,,,,,,,,,,,
ANCHOR_CPI_SERIES,CPI_TIMELINE_20241113_163000:core_mm,840030006,191656,US,USD,CPI Core m/m,core_mm,2024.10.01 00:00:00,6891,0,CALENDAR_TIMEMODE_DATETIME,False,trade_server_time,CALENDAR_UNIT_PERCENT,1,CALENDAR_MULTIPLIER_NONE,False,,,,1731515400,2024.11.13 16:30:00,0.3,0.3,,0.0,Flat,False,FLAT_DIRECTION,,,,,,,,,,,,,,,,,,,,,,
ANCHOR_CPI_SERIES,CPI_TIMELINE_20241113_163000:headline_yy,840030007,191668,US,USD,CPI Headline y/y,headline_yy,2024.10.01 00:00:00,7030,0,CALENDAR_TIMEMODE_DATETIME,False,trade_server_time,CALENDAR_UNIT_PERCENT,1,CALENDAR_MULTIPLIER_NONE,False,,,,1731515400,2024.11.13 16:30:00,2.6,2.4,,0.2,Short,True,,1731517200,2024.11.13 17:00:00,1800,1.05851,0.0015019781632557145,1.0,1.0,240,1.0600119781632558,1.0570080218367444,TARGET,1,2024.11.13 17:00:00,1,1.0,15.019781632557144,False,False,,,TARGET,1.0
ANCHOR_CPI_SERIES,CPI_TIMELINE_20241113_163000:core_yy,840030008,191680,US,USD,CPI Core y/y,core_yy,2024.10.01 00:00:00,7170,0,CALENDAR_TIMEMODE_DATETIME,False,trade_server_time,CALENDAR_UNIT_PERCENT,1,CALENDAR_MULTIPLIER_NONE,False,,,,1731515400,2024.11.13 16:30:00,3.3,3.3,,0.0,Flat,False,FLAT_DIRECTION,,,,,,,,,,,,,,,,,,,,,,
ANCHOR_CPI_SERIES,CPI_TIMELINE_20241113_163000:mm_sum,DERIVED_MM_SUM,,US,USD,CPI m/m Sum,mm_sum,,,0,CALENDAR_TIMEMODE_DATETIME,False,trade_server_time,CALENDAR_UNIT_PERCENT,1,CALENDAR_MULTIPLIER_NONE,True,"840030005,840030006","191644,191656","6752,6891",1731515400,2024.11.13 16:30:00,,,,0.0,Flat,False,FLAT_DIRECTION,,,,,,,,,,,,,,,,,,,,,,
ANCHOR_CPI_SERIES,CPI_TIMELINE_20241113_163000:yy_sum,DERIVED_YY_SUM,,US,USD,CPI y/y Sum,yy_sum,,,0,CALENDAR_TIMEMODE_DATETIME,False,trade_server_time,CALENDAR_UNIT_PERCENT,1,CALENDAR_MULTIPLIER_NONE,True,"840030007,840030008","191668,191680","7030,7170",1731515400,2024.11.13 16:30:00,,,,0.2,Short,True,,1731517200,2024.11.13 17:00:00,1800,1.05851,0.0015019781632557145,1.0,1.0,240,1.0600119781632558,1.0570080218367444,TARGET,1,2024.11.13 17:00:00,1,1.0,15.019781632557144,False,False,,,TARGET,1.0
ANCHOR_CPI_SERIES,CPI_TIMELINE_20241211_163000:headline_mm,840030005,191645,US,USD,CPI Headline m/m,headline_mm,2024.11.01 00:00:00,6753,0,CALENDAR_TIMEMODE_DATETIME,False,trade_server_time,CALENDAR_UNIT_PERCENT,1,CALENDAR_MULTIPLIER_NONE,False,,,,1733934600,2024.12.11 16:30:00,0.3,0.2,,0.1,Short,True,,1733936400,2024.12.11 17:00:00,1800,1.05009,0.0014652705027729264,1.0,1.0,240,1.0515552705027729,1.048624729497227,TARGET,1,2024.12.11 17:00:00,1,1.0,14.652705027729263,False,False,,,TARGET,1.0
ANCHOR_CPI_SERIES,CPI_TIMELINE_20241211_163000:core_mm,840030006,191657,US,USD,CPI Core m/m,core_mm,2024.11.01 00:00:00,6892,0,CALENDAR_TIMEMODE_DATETIME,False,trade_server_time,CALENDAR_UNIT_PERCENT,1,CALENDAR_MULTIPLIER_NONE,False,,,,1733934600,2024.12.11 16:30:00,0.3,0.3,,0.0,Flat,False,FLAT_DIRECTION,,,,,,,,,,,,,,,,,,,,,,
ANCHOR_CPI_SERIES,CPI_TIMELINE_20241211_163000:headline_yy,840030007,191669,US,USD,CPI Headline y/y,headline_yy,2024.11.01 00:00:00,7031,0,CALENDAR_TIMEMODE_DATETIME,False,trade_server_time,CALENDAR_UNIT_PERCENT,1,CALENDAR_MULTIPLIER_NONE,False,,,,1733934600,2024.12.11 16:30:00,2.7,2.6,,0.1,Short,True,,1733936400,2024.12.11 17:00:00,1800,1.05009,0.0014652705027729264,1.0,1.0,240,1.0515552705027729,1.048624729497227,TARGET,1,2024.12.11 17:00:00,1,1.0,14.652705027729263,False,False,,,TARGET,1.0
ANCHOR_CPI_SERIES,CPI_TIMELINE_20241211_163000:core_yy,840030008,191681,US,USD,CPI Core y/y,core_yy,2024.11.01 00:00:00,7171,0,CALENDAR_TIMEMODE_DATETIME,False,trade_server_time,CALENDAR_UNIT_PERCENT,1,CALENDAR_MULTIPLIER_NONE,False,,,,1733934600,2024.12.11 16:30:00,3.3,3.3,,0.0,Flat,False,FLAT_DIRECTION,,,,,,,,,,,,,,,,,,,,,,
ANCHOR_CPI_SERIES,CPI_TIMELINE_20241211_163000:mm_sum,DERIVED_MM_SUM,,US,USD,CPI m/m Sum,mm_sum,,,0,CALENDAR_TIMEMODE_DATETIME,False,trade_server_time,CALENDAR_UNIT_PERCENT,1,CALENDAR_MULTIPLIER_NONE,True,"840030005,840030006","191645,191657","6753,6892",1733934600,2024.12.11 16:30:00,,,,0.1,Short,True,,1733936400,2024.12.11 17:00:00,1800,1.05009,0.0014652705027729264,1.0,1.0,240,1.0515552705027729,1.048624729497227,TARGET,1,2024.12.11 17:00:00,1,1.0,14.652705027729263,False,False,,,TARGET,1.0
ANCHOR_CPI_SERIES,CPI_TIMELINE_20241211_163000:yy_sum,DERIVED_YY_SUM,,US,USD,CPI y/y Sum,yy_sum,,,0,CALENDAR_TIMEMODE_DATETIME,False,trade_server_time,CALENDAR_UNIT_PERCENT,1,CALENDAR_MULTIPLIER_NONE,True,"840030007,840030008","191669,191681","7031,7171",1733934600,2024.12.11 16:30:00,,,,0.1,Short,True,,1733936400,2024.12.11 17:00:00,1800,1.05009,0.0014652705027729264,1.0,1.0,240,1.0515552705027729,1.048624729497227,TARGET,1,2024.12.11 17:00:00,1,1.0,14.652705027729263,False,False,,,TARGET,1.0
ANCHOR_CPI_SERIES,CPI_TIMELINE_20250115_163000:headline_mm,840030005,229738,US,USD,CPI Headline m/m,headline_mm,2024.12.01 00:00:00,6754,0,CALENDAR_TIMEMODE_DATETIME,False,trade_server_time,CALENDAR_UNIT_PERCENT,1,CALENDAR_MULTIPLIER_NONE,False,,,,1736958600,2025.01.15 16:30:00,0.4,0.3,,0.1,Short,True,,1736960400,2025.01.15 17:00:00,1800,1.03269,0.0016534936261629503,1.0,1.0,240,1.034343493626163,1.0310365063738371,TARGET,1,2025.01.15 17:00:00,1,1.0,16.5349362616295,False,False,,,TARGET,1.0
ANCHOR_CPI_SERIES,CPI_TIMELINE_20250115_163000:core_mm,840030006,229750,US,USD,CPI Core m/m,core_mm,2024.12.01 00:00:00,6893,0,CALENDAR_TIMEMODE_DATETIME,False,trade_server_time,CALENDAR_UNIT_PERCENT,1,CALENDAR_MULTIPLIER_NONE,False,,,,1736958600,2025.01.15 16:30:00,0.2,0.3,,-0.1,Long,True,,1736960400,2025.01.15 17:00:00,1800,1.03269,0.0016534936261629503,1.0,1.0,240,1.0310365063738371,1.034343493626163,STOP,1,2025.01.15 17:00:00,1,-1.0,-16.5349362616295,False,False,,,STOP,-1.0
ANCHOR_CPI_SERIES,CPI_TIMELINE_20250115_163000:headline_yy,840030007,229762,US,USD,CPI Headline y/y,headline_yy,2024.12.01 00:00:00,7032,0,CALENDAR_TIMEMODE_DATETIME,False,trade_server_time,CALENDAR_UNIT_PERCENT,1,CALENDAR_MULTIPLIER_NONE,False,,,,1736958600,2025.01.15 16:30:00,2.9,2.7,,0.2,Short,True,,1736960400,2025.01.15 17:00:00,1800,1.03269,0.0016534936261629503,1.0,1.0,240,1.034343493626163,1.0310365063738371,TARGET,1,2025.01.15 17:00:00,1,1.0,16.5349362616295,False,False,,,TARGET,1.0
ANCHOR_CPI_SERIES,CPI_TIMELINE_20250115_163000:core_yy,840030008,229774,US,USD,CPI Core y/y,core_yy,2024.12.01 00:00:00,7172,0,CALENDAR_TIMEMODE_DATETIME,False,trade_server_time,CALENDAR_UNIT_PERCENT,1,CALENDAR_MULTIPLIER_NONE,False,,,,1736958600,2025.01.15 16:30:00,3.2,3.3,,-0.1,Long,True,,1736960400,2025.01.15 17:00:00,1800,1.03269,0.0016534936261629503,1.0,1.0,240,1.0310365063738371,1.034343493626163,STOP,1,2025.01.15 17:00:00,1,-1.0,-16.5349362616295,False,False,,,STOP,-1.0
ANCHOR_CPI_SERIES,CPI_TIMELINE_20250115_163000:mm_sum,DERIVED_MM_SUM,,US,USD,CPI m/m Sum,mm_sum,,,0,CALENDAR_TIMEMODE_DATETIME,False,trade_server_time,CALENDAR_UNIT_PERCENT,1,CALENDAR_MULTIPLIER_NONE,True,"840030005,840030006","229738,229750","6754,6893",1736958600,2025.01.15 16:30:00,,,,0.0,Flat,False,FLAT_DIRECTION,,,,,,,,,,,,,,,,,,,,,,
ANCHOR_CPI_SERIES,CPI_TIMELINE_20250115_163000:yy_sum,DERIVED_YY_SUM,,US,USD,CPI y/y Sum,yy_sum,,,0,CALENDAR_TIMEMODE_DATETIME,False,trade_server_time,CALENDAR_UNIT_PERCENT,1,CALENDAR_MULTIPLIER_NONE,True,"840030007,840030008","229762,229774","7032,7172",1736958600,2025.01.15 16:30:00,,,,0.1,Short,True,,1736960400,2025.01.15 17:00:00,1800,1.03269,0.0016534936261629503,1.0,1.0,240,1.034343493626163,1.0310365063738371,TARGET,1,2025.01.15 17:00:00,1,1.0,16.5349362616295,False,False,,,TARGET,1.0
ANCHOR_CPI_SERIES,CPI_TIMELINE_20250212_163000:headline_mm,840030005,229739,US,USD,CPI Headline m/m,headline_mm,2025.01.01 00:00:00,6755,0,CALENDAR_TIMEMODE_DATETIME,False,trade_server_time,CALENDAR_UNIT_PERCENT,1,CALENDAR_MULTIPLIER_NONE,False,,,,1739377800,2025.02.12 16:30:00,0.5,0.4,,0.1,Short,True,,1739379600,2025.02.12 17:00:00,1800,1.03496,0.0013219542186671848,1.0,1.0,240,1.0362819542186672,1.033638045781333,STOP,1,2025.02.12 17:00:00,1,-1.0,-13.219542186671847,False,False,,,STOP,-1.0
ANCHOR_CPI_SERIES,CPI_TIMELINE_20250212_163000:core_mm,840030006,229751,US,USD,CPI Core m/m,core_mm,2025.01.01 00:00:00,6894,0,CALENDAR_TIMEMODE_DATETIME,False,trade_server_time,CALENDAR_UNIT_PERCENT,1,CALENDAR_MULTIPLIER_NONE,False,,,,1739377800,2025.02.12 16:30:00,0.4,0.2,,0.2,Short,True,,1739379600,2025.02.12 17:00:00,1800,1.03496,0.0013219542186671848,1.0,1.0,240,1.0362819542186672,1.033638045781333,STOP,1,2025.02.12 17:00:00,1,-1.0,-13.219542186671847,False,False,,,STOP,-1.0
ANCHOR_CPI_SERIES,CPI_TIMELINE_20250212_163000:headline_yy,840030007,229763,US,USD,CPI Headline y/y,headline_yy,2025.01.01 00:00:00,7033,0,CALENDAR_TIMEMODE_DATETIME,False,trade_server_time,CALENDAR_UNIT_PERCENT,1,CALENDAR_MULTIPLIER_NONE,False,,,,1739377800,2025.02.12 16:30:00,3.0,2.9,,0.1,Short,True,,1739379600,2025.02.12 17:00:00,1800,1.03496,0.0013219542186671848,1.0,1.0,240,1.0362819542186672,1.033638045781333,STOP,1,2025.02.12 17:00:00,1,-1.0,-13.219542186671847,False,False,,,STOP,-1.0
ANCHOR_CPI_SERIES,CPI_TIMELINE_20250212_163000:core_yy,840030008,229775,US,USD,CPI Core y/y,core_yy,2025.01.01 00:00:00,7173,0,CALENDAR_TIMEMODE_DATETIME,False,trade_server_time,CALENDAR_UNIT_PERCENT,1,CALENDAR_MULTIPLIER_NONE,False,,,,1739377800,2025.02.12 16:30:00,3.3,3.2,,0.1,Short,True,,1739379600,2025.02.12 17:00:00,1800,1.03496,0.0013219542186671848,1.0,1.0,240,1.0362819542186672,1.033638045781333,STOP,1,2025.02.12 17:00:00,1,-1.0,-13.219542186671847,False,False,,,STOP,-1.0
ANCHOR_CPI_SERIES,CPI_TIMELINE_20250212_163000:mm_sum,DERIVED_MM_SUM,,US,USD,CPI m/m Sum,mm_sum,,,0,CALENDAR_TIMEMODE_DATETIME,False,trade_server_time,CALENDAR_UNIT_PERCENT,1,CALENDAR_MULTIPLIER_NONE,True,"840030005,840030006","229739,229751","6755,6894",1739377800,2025.02.12 16:30:00,,,,0.3,Short,True,,1739379600,2025.02.12 17:00:00,1800,1.03496,0.0013219542186671848,1.0,1.0,240,1.0362819542186672,1.033638045781333,STOP,1,2025.02.12 17:00:00,1,-1.0,-13.219542186671847,False,False,,,STOP,-1.0
ANCHOR_CPI_SERIES,CPI_TIMELINE_20250212_163000:yy_sum,DERIVED_YY_SUM,,US,USD,CPI y/y Sum,yy_sum,,,0,CALENDAR_TIMEMODE_DATETIME,False,trade_server_time,CALENDAR_UNIT_PERCENT,1,CALENDAR_MULTIPLIER_NONE,True,"840030007,840030008","229763,229775","7033,7173",1739377800,2025.02.12 16:30:00,,,,0.2,Short,True,,1739379600,2025.02.12 17:00:00,1800,1.03496,0.0013219542186671848,1.0,1.0,240,1.0362819542186672,1.033638045781333,STOP,1,2025.02.12 17:00:00,1,-1.0,-13.219542186671847,False,False,,,STOP,-1.0
ANCHOR_CPI_SERIES,CPI_TIMELINE_20250312_153000:headline_mm,840030005,229740,US,USD,CPI Headline m/m,headline_mm,2025.02.01 00:00:00,6756,0,CALENDAR_TIMEMODE_DATETIME,False,trade_server_time,CALENDAR_UNIT_PERCENT,1,CALENDAR_MULTIPLIER_NONE,False,,,,1741793400,2025.03.12 15:30:00,0.2,0.5,,-0.3,Long,True,,1741795200,2025.03.12 16:00:00,1800,1.08818,0.001762061584104683,1.0,1.0,240,1.0864179384158952,1.0899420615841047,TARGET,1,2025.03.12 16:00:00,1,1.0,17.620615841046828,False,False,,,TARGET,1.0
ANCHOR_CPI_SERIES,CPI_TIMELINE_20250312_153000:core_mm,840030006,229752,US,USD,CPI Core m/m,core_mm,2025.02.01 00:00:00,6895,0,CALENDAR_TIMEMODE_DATETIME,False,trade_server_time,CALENDAR_UNIT_PERCENT,1,CALENDAR_MULTIPLIER_NONE,False,,,,1741793400,2025.03.12 15:30:00,0.2,0.4,,-0.2,Long,True,,1741795200,2025.03.12 16:00:00,1800,1.08818,0.001762061584104683,1.0,1.0,240,1.0864179384158952,1.0899420615841047,TARGET,1,2025.03.12 16:00:00,1,1.0,17.620615841046828,False,False,,,TARGET,1.0
ANCHOR_CPI_SERIES,CPI_TIMELINE_20250312_153000:headline_yy,840030007,229764,US,USD,CPI Headline y/y,headline_yy,2025.02.01 00:00:00,7034,0,CALENDAR_TIMEMODE_DATETIME,False,trade_server_time,CALENDAR_UNIT_PERCENT,1,CALENDAR_MULTIPLIER_NONE,False,,,,1741793400,2025.03.12 15:30:00,2.8,3.0,,-0.2,Long,True,,1741795200,2025.03.12 16:00:00,1800,1.08818,0.001762061584104683,1.0,1.0,240,1.0864179384158952,1.0899420615841047,TARGET,1,2025.03.12 16:00:00,1,1.0,17.620615841046828,False,False,,,TARGET,1.0
ANCHOR_CPI_SERIES,CPI_TIMELINE_20250312_153000:core_yy,840030008,229776,US,USD,CPI Core y/y,core_yy,2025.02.01 00:00:00,7174,0,CALENDAR_TIMEMODE_DATETIME,False,trade_server_time,CALENDAR_UNIT_PERCENT,1,CALENDAR_MULTIPLIER_NONE,False,,,,1741793400,2025.03.12 15:30:00,3.1,3.3,,-0.2,Long,True,,1741795200,2025.03.12 16:00:00,1800,1.08818,0.001762061584104683,1.0,1.0,240,1.0864179384158952,1.0899420615841047,TARGET,1,2025.03.12 16:00:00,1,1.0,17.620615841046828,False,False,,,TARGET,1.0
ANCHOR_CPI_SERIES,CPI_TIMELINE_20250312_153000:mm_sum,DERIVED_MM_SUM,,US,USD,CPI m/m Sum,mm_sum,,,0,CALENDAR_TIMEMODE_DATETIME,False,trade_server_time,CALENDAR_UNIT_PERCENT,1,CALENDAR_MULTIPLIER_NONE,True,"840030005,840030006","229740,229752","6756,6895",1741793400,2025.03.12 15:30:00,,,,-0.5,Long,True,,1741795200,2025.03.12 16:00:00,1800,1.08818,0.001762061584104683,1.0,1.0,240,1.0864179384158952,1.0899420615841047,TARGET,1,2025.03.12 16:00:00,1,1.0,17.620615841046828,False,False,,,TARGET,1.0
ANCHOR_CPI_SERIES,CPI_TIMELINE_20250312_153000:yy_sum,DERIVED_YY_SUM,,US,USD,CPI y/y Sum,yy_sum,,,0,CALENDAR_TIMEMODE_DATETIME,False,trade_server_time,CALENDAR_UNIT_PERCENT,1,CALENDAR_MULTIPLIER_NONE,True,"840030007,840030008","229764,229776","7034,7174",1741793400,2025.03.12 15:30:00,,,,-0.4,Long,True,,1741795200,2025.03.12 16:00:00,1800,1.08818,0.001762061584104683,1.0,1.0,240,1.0864179384158952,1.0899420615841047,TARGET,1,2025.03.12 16:00:00,1,1.0,17.620615841046828,False,False,,,TARGET,1.0
ANCHOR_CPI_SERIES,CPI_TIMELINE_20250410_153000:headline_mm,840030005,229741,US,USD,CPI Headline m/m,headline_mm,2025.03.01 00:00:00,6757,0,CALENDAR_TIMEMODE_DATETIME,False,trade_server_time,CALENDAR_UNIT_PERCENT,1,CALENDAR_MULTIPLIER_NONE,False,,,,1744299000,2025.04.10 15:30:00,-0.1,0.2,,-0.3,Long,True,,1744300800,2025.04.10 16:00:00,1800,1.10972,0.003068372438046719,1.0,1.0,240,1.1066516275619533,1.1127883724380467,TARGET,1,2025.04.10 16:00:00,1,1.0,30.683724380467186,False,False,,,TARGET,1.0
ANCHOR_CPI_SERIES,CPI_TIMELINE_20250410_153000:core_mm,840030006,229753,US,USD,CPI Core m/m,core_mm,2025.03.01 00:00:00,6896,0,CALENDAR_TIMEMODE_DATETIME,False,trade_server_time,CALENDAR_UNIT_PERCENT,1,CALENDAR_MULTIPLIER_NONE,False,,,,1744299000,2025.04.10 15:30:00,0.1,0.2,,-0.1,Long,True,,1744300800,2025.04.10 16:00:00,1800,1.10972,0.003068372438046719,1.0,1.0,240,1.1066516275619533,1.1127883724380467,TARGET,1,2025.04.10 16:00:00,1,1.0,30.683724380467186,False,False,,,TARGET,1.0
ANCHOR_CPI_SERIES,CPI_TIMELINE_20250410_153000:headline_yy,840030007,229765,US,USD,CPI Headline y/y,headline_yy,2025.03.01 00:00:00,7035,0,CALENDAR_TIMEMODE_DATETIME,False,trade_server_time,CALENDAR_UNIT_PERCENT,1,CALENDAR_MULTIPLIER_NONE,False,,,,1744299000,2025.04.10 15:30:00,2.4,2.8,,-0.4,Long,True,,1744300800,2025.04.10 16:00:00,1800,1.10972,0.003068372438046719,1.0,1.0,240,1.1066516275619533,1.1127883724380467,TARGET,1,2025.04.10 16:00:00,1,1.0,30.683724380467186,False,False,,,TARGET,1.0
ANCHOR_CPI_SERIES,CPI_TIMELINE_20250410_153000:core_yy,840030008,229777,US,USD,CPI Core y/y,core_yy,2025.03.01 00:00:00,7175,0,CALENDAR_TIMEMODE_DATETIME,False,trade_server_time,CALENDAR_UNIT_PERCENT,1,CALENDAR_MULTIPLIER_NONE,False,,,,1744299000,2025.04.10 15:30:00,2.8,3.1,,-0.3,Long,True,,1744300800,2025.04.10 16:00:00,1800,1.10972,0.003068372438046719,1.0,1.0,240,1.1066516275619533,1.1127883724380467,TARGET,1,2025.04.10 16:00:00,1,1.0,30.683724380467186,False,False,,,TARGET,1.0
ANCHOR_CPI_SERIES,CPI_TIMELINE_20250410_153000:mm_sum,DERIVED_MM_SUM,,US,USD,CPI m/m Sum,mm_sum,,,0,CALENDAR_TIMEMODE_DATETIME,False,trade_server_time,CALENDAR_UNIT_PERCENT,1,CALENDAR_MULTIPLIER_NONE,True,"840030005,840030006","229741,229753","6757,6896",1744299000,2025.04.10 15:30:00,,,,-0.4,Long,True,,1744300800,2025.04.10 16:00:00,1800,1.10972,0.003068372438046719,1.0,1.0,240,1.1066516275619533,1.1127883724380467,TARGET,1,2025.04.10 16:00:00,1,1.0,30.683724380467186,False,False,,,TARGET,1.0
ANCHOR_CPI_SERIES,CPI_TIMELINE_20250410_153000:yy_sum,DERIVED_YY_SUM,,US,USD,CPI y/y Sum,yy_sum,,,0,CALENDAR_TIMEMODE_DATETIME,False,trade_server_time,CALENDAR_UNIT_PERCENT,1,CALENDAR_MULTIPLIER_NONE,True,"840030007,840030008","229765,229777","7035,7175",1744299000,2025.04.10 15:30:00,,,,-0.7,Long,True,,1744300800,2025.04.10 16:00:00,1800,1.10972,0.003068372438046719,1.0,1.0,240,1.1066516275619533,1.1127883724380467,TARGET,1,2025.04.10 16:00:00,1,1.0,30.683724380467186,False,False,,,TARGET,1.0
ANCHOR_CPI_SERIES,CPI_TIMELINE_20250513_153000:headline_mm,840030005,229742,US,USD,CPI Headline m/m,headline_mm,2025.04.01 00:00:00,6758,0,CALENDAR_TIMEMODE_DATETIME,False,trade_server_time,CALENDAR_UNIT_PERCENT,1,CALENDAR_MULTIPLIER_NONE,False,,,,1747150200,2025.05.13 15:30:00,0.2,-0.1,,0.3,Short,True,,1747152000,2025.05.13 16:00:00,1800,1.11304,0.0016632173586178158,1.0,1.0,240,1.1147032173586178,1.1113767826413823,STOP,1,2025.05.13 16:00:00,1,-1.0,-16.63217358617816,False,False,,,STOP,-1.0
ANCHOR_CPI_SERIES,CPI_TIMELINE_20250513_153000:core_mm,840030006,229754,US,USD,CPI Core m/m,core_mm,2025.04.01 00:00:00,6897,0,CALENDAR_TIMEMODE_DATETIME,False,trade_server_time,CALENDAR_UNIT_PERCENT,1,CALENDAR_MULTIPLIER_NONE,False,,,,1747150200,2025.05.13 15:30:00,0.2,0.1,,0.1,Short,True,,1747152000,2025.05.13 16:00:00,1800,1.11304,0.0016632173586178158,1.0,1.0,240,1.1147032173586178,1.1113767826413823,STOP,1,2025.05.13 16:00:00,1,-1.0,-16.63217358617816,False,False,,,STOP,-1.0
ANCHOR_CPI_SERIES,CPI_TIMELINE_20250513_153000:headline_yy,840030007,229766,US,USD,CPI Headline y/y,headline_yy,2025.04.01 00:00:00,7036,0,CALENDAR_TIMEMODE_DATETIME,False,trade_server_time,CALENDAR_UNIT_PERCENT,1,CALENDAR_MULTIPLIER_NONE,False,,,,1747150200,2025.05.13 15:30:00,2.3,2.4,,-0.1,Long,True,,1747152000,2025.05.13 16:00:00,1800,1.11304,0.0016632173586178158,1.0,1.0,240,1.1113767826413823,1.1147032173586178,TARGET,1,2025.05.13 16:00:00,1,1.0,16.63217358617816,False,False,,,TARGET,1.0
ANCHOR_CPI_SERIES,CPI_TIMELINE_20250513_153000:core_yy,840030008,229778,US,USD,CPI Core y/y,core_yy,2025.04.01 00:00:00,7176,0,CALENDAR_TIMEMODE_DATETIME,False,trade_server_time,CALENDAR_UNIT_PERCENT,1,CALENDAR_MULTIPLIER_NONE,False,,,,1747150200,2025.05.13 15:30:00,2.8,2.8,,0.0,Flat,False,FLAT_DIRECTION,,,,,,,,,,,,,,,,,,,,,,
ANCHOR_CPI_SERIES,CPI_TIMELINE_20250513_153000:mm_sum,DERIVED_MM_SUM,,US,USD,CPI m/m Sum,mm_sum,,,0,CALENDAR_TIMEMODE_DATETIME,False,trade_server_time,CALENDAR_UNIT_PERCENT,1,CALENDAR_MULTIPLIER_NONE,True,"840030005,840030006","229742,229754","6758,6897",1747150200,2025.05.13 15:30:00,,,,0.4,Short,True,,1747152000,2025.05.13 16:00:00,1800,1.11304,0.0016632173586178158,1.0,1.0,240,1.1147032173586178,1.1113767826413823,STOP,1,2025.05.13 16:00:00,1,-1.0,-16.63217358617816,False,False,,,STOP,-1.0
ANCHOR_CPI_SERIES,CPI_TIMELINE_20250513_153000:yy_sum,DERIVED_YY_SUM,,US,USD,CPI y/y Sum,yy_sum,,,0,CALENDAR_TIMEMODE_DATETIME,False,trade_server_time,CALENDAR_UNIT_PERCENT,1,CALENDAR_MULTIPLIER_NONE,True,"840030007,840030008","229766,229778","7036,7176",1747150200,2025.05.13 15:30:00,,,,-0.1,Long,True,,1747152000,2025.05.13 16:00:00,1800,1.11304,0.0016632173586178158,1.0,1.0,240,1.1113767826413823,1.1147032173586178,TARGET,1,2025.05.13 16:00:00,1,1.0,16.63217358617816,False,False,,,TARGET,1.0
ANCHOR_CPI_SERIES,CPI_TIMELINE_20250611_153000:headline_mm,840030005,229743,US,USD,CPI Headline m/m,headline_mm,2025.05.01 00:00:00,6759,0,CALENDAR_TIMEMODE_DATETIME,False,trade_server_time,CALENDAR_UNIT_PERCENT,1,CALENDAR_MULTIPLIER_NONE,False,,,,1749655800,2025.06.11 15:30:00,0.1,0.2,,-0.1,Long,True,,1749657600,2025.06.11 16:00:00,1800,1.14604,0.001371442761319157,1.0,1.0,240,1.1446685572386808,1.1474114427613191,TARGET,2,2025.06.11 17:00:00,2,1.0,13.714427613191571,False,False,,,TARGET,1.0
ANCHOR_CPI_SERIES,CPI_TIMELINE_20250611_153000:core_mm,840030006,229755,US,USD,CPI Core m/m,core_mm,2025.05.01 00:00:00,6898,0,CALENDAR_TIMEMODE_DATETIME,False,trade_server_time,CALENDAR_UNIT_PERCENT,1,CALENDAR_MULTIPLIER_NONE,False,,,,1749655800,2025.06.11 15:30:00,0.1,0.2,,-0.1,Long,True,,1749657600,2025.06.11 16:00:00,1800,1.14604,0.001371442761319157,1.0,1.0,240,1.1446685572386808,1.1474114427613191,TARGET,2,2025.06.11 17:00:00,2,1.0,13.714427613191571,False,False,,,TARGET,1.0
ANCHOR_CPI_SERIES,CPI_TIMELINE_20250611_153000:headline_yy,840030007,229767,US,USD,CPI Headline y/y,headline_yy,2025.05.01 00:00:00,7037,0,CALENDAR_TIMEMODE_DATETIME,False,trade_server_time,CALENDAR_UNIT_PERCENT,1,CALENDAR_MULTIPLIER_NONE,False,,,,1749655800,2025.06.11 15:30:00,2.4,2.3,,0.1,Short,True,,1749657600,2025.06.11 16:00:00,1800,1.14604,0.001371442761319157,1.0,1.0,240,1.1474114427613191,1.1446685572386808,STOP,2,2025.06.11 17:00:00,2,-1.0,-13.714427613191571,False,False,,,STOP,-1.0
ANCHOR_CPI_SERIES,CPI_TIMELINE_20250611_153000:core_yy,840030008,229779,US,USD,CPI Core y/y,core_yy,2025.05.01 00:00:00,7177,0,CALENDAR_TIMEMODE_DATETIME,False,trade_server_time,CALENDAR_UNIT_PERCENT,1,CALENDAR_MULTIPLIER_NONE,False,,,,1749655800,2025.06.11 15:30:00,2.8,2.8,,0.0,Flat,False,FLAT_DIRECTION,,,,,,,,,,,,,,,,,,,,,,
ANCHOR_CPI_SERIES,CPI_TIMELINE_20250611_153000:mm_sum,DERIVED_MM_SUM,,US,USD,CPI m/m Sum,mm_sum,,,0,CALENDAR_TIMEMODE_DATETIME,False,trade_server_time,CALENDAR_UNIT_PERCENT,1,CALENDAR_MULTIPLIER_NONE,True,"840030005,840030006","229743,229755","6759,6898",1749655800,2025.06.11 15:30:00,,,,-0.2,Long,True,,1749657600,2025.06.11 16:00:00,1800,1.14604,0.001371442761319157,1.0,1.0,240,1.1446685572386808,1.1474114427613191,TARGET,2,2025.06.11 17:00:00,2,1.0,13.714427613191571,False,False,,,TARGET,1.0
ANCHOR_CPI_SERIES,CPI_TIMELINE_20250611_153000:yy_sum,DERIVED_YY_SUM,,US,USD,CPI y/y Sum,yy_sum,,,0,CALENDAR_TIMEMODE_DATETIME,False,trade_server_time,CALENDAR_UNIT_PERCENT,1,CALENDAR_MULTIPLIER_NONE,True,"840030007,840030008","229767,229779","7037,7177",1749655800,2025.06.11 15:30:00,,,,0.1,Short,True,,1749657600,2025.06.11 16:00:00,1800,1.14604,0.001371442761319157,1.0,1.0,240,1.1474114427613191,1.1446685572386808,STOP,2,2025.06.11 17:00:00,2,-1.0,-13.714427613191571,False,False,,,STOP,-1.0
ANCHOR_CPI_SERIES,CPI_TIMELINE_20250715_153000:headline_mm,840030005,229744,US,USD,CPI Headline m/m,headline_mm,2025.06.01 00:00:00,6760,0,CALENDAR_TIMEMODE_DATETIME,False,trade_server_time,CALENDAR_UNIT_PERCENT,1,CALENDAR_MULTIPLIER_NONE,False,,,,1752593400,2025.07.15 15:30:00,0.3,0.1,,0.2,Short,True,,1752595200,2025.07.15 16:00:00,1800,1.16778,0.0011485890398342333,1.0,1.0,240,1.1689285890398342,1.1666314109601659,TARGET,1,2025.07.15 16:00:00,1,1.0,11.485890398342333,False,False,,,TARGET,1.0
ANCHOR_CPI_SERIES,CPI_TIMELINE_20250715_153000:core_mm,840030006,229756,US,USD,CPI Core m/m,core_mm,2025.06.01 00:00:00,6899,0,CALENDAR_TIMEMODE_DATETIME,False,trade_server_time,CALENDAR_UNIT_PERCENT,1,CALENDAR_MULTIPLIER_NONE,False,,,,1752593400,2025.07.15 15:30:00,0.2,0.1,,0.1,Short,True,,1752595200,2025.07.15 16:00:00,1800,1.16778,0.0011485890398342333,1.0,1.0,240,1.1689285890398342,1.1666314109601659,TARGET,1,2025.07.15 16:00:00,1,1.0,11.485890398342333,False,False,,,TARGET,1.0
ANCHOR_CPI_SERIES,CPI_TIMELINE_20250715_153000:headline_yy,840030007,229768,US,USD,CPI Headline y/y,headline_yy,2025.06.01 00:00:00,7038,0,CALENDAR_TIMEMODE_DATETIME,False,trade_server_time,CALENDAR_UNIT_PERCENT,1,CALENDAR_MULTIPLIER_NONE,False,,,,1752593400,2025.07.15 15:30:00,2.7,2.4,,0.3,Short,True,,1752595200,2025.07.15 16:00:00,1800,1.16778,0.0011485890398342333,1.0,1.0,240,1.1689285890398342,1.1666314109601659,TARGET,1,2025.07.15 16:00:00,1,1.0,11.485890398342333,False,False,,,TARGET,1.0
ANCHOR_CPI_SERIES,CPI_TIMELINE_20250715_153000:core_yy,840030008,229780,US,USD,CPI Core y/y,core_yy,2025.06.01 00:00:00,7178,0,CALENDAR_TIMEMODE_DATETIME,False,trade_server_time,CALENDAR_UNIT_PERCENT,1,CALENDAR_MULTIPLIER_NONE,False,,,,1752593400,2025.07.15 15:30:00,2.9,2.8,,0.1,Short,True,,1752595200,2025.07.15 16:00:00,1800,1.16778,0.0011485890398342333,1.0,1.0,240,1.1689285890398342,1.1666314109601659,TARGET,1,2025.07.15 16:00:00,1,1.0,11.485890398342333,False,False,,,TARGET,1.0
ANCHOR_CPI_SERIES,CPI_TIMELINE_20250715_153000:mm_sum,DERIVED_MM_SUM,,US,USD,CPI m/m Sum,mm_sum,,,0,CALENDAR_TIMEMODE_DATETIME,False,trade_server_time,CALENDAR_UNIT_PERCENT,1,CALENDAR_MULTIPLIER_NONE,True,"840030005,840030006","229744,229756","6760,6899",1752593400,2025.07.15 15:30:00,,,,0.3,Short,True,,1752595200,2025.07.15 16:00:00,1800,1.16778,0.0011485890398342333,1.0,1.0,240,1.1689285890398342,1.1666314109601659,TARGET,1,2025.07.15 16:00:00,1,1.0,11.485890398342333,False,False,,,TARGET,1.0
ANCHOR_CPI_SERIES,CPI_TIMELINE_20250715_153000:yy_sum,DERIVED_YY_SUM,,US,USD,CPI y/y Sum,yy_sum,,,0,CALENDAR_TIMEMODE_DATETIME,False,trade_server_time,CALENDAR_UNIT_PERCENT,1,CALENDAR_MULTIPLIER_NONE,True,"840030007,840030008","229768,229780","7038,7178",1752593400,2025.07.15 15:30:00,,,,0.4,Short,True,,1752595200,2025.07.15 16:00:00,1800,1.16778,0.0011485890398342333,1.0,1.0,240,1.1689285890398342,1.1666314109601659,TARGET,1,2025.07.15 16:00:00,1,1.0,11.485890398342333,False,False,,,TARGET,1.0
ANCHOR_CPI_SERIES,CPI_TIMELINE_20250812_153000:headline_mm,840030005,229745,US,USD,CPI Headline m/m,headline_mm,2025.07.01 00:00:00,6761,0,CALENDAR_TIMEMODE_DATETIME,False,trade_server_time,CALENDAR_UNIT_PERCENT,1,CALENDAR_MULTIPLIER_NONE,False,,,,1755012600,2025.08.12 15:30:00,0.2,0.3,,-0.1,Long,True,,1755014400,2025.08.12 16:00:00,1800,1.1642,0.001186145932386827,1.0,1.0,240,1.1630138540676132,1.1653861459323867,STOP,1,2025.08.12 16:00:00,1,-1.0,-11.861459323868269,True,False,,,TARGET,1.0
ANCHOR_CPI_SERIES,CPI_TIMELINE_20250812_153000:core_mm,840030006,229757,US,USD,CPI Core m/m,core_mm,2025.07.01 00:00:00,6900,0,CALENDAR_TIMEMODE_DATETIME,False,trade_server_time,CALENDAR_UNIT_PERCENT,1,CALENDAR_MULTIPLIER_NONE,False,,,,1755012600,2025.08.12 15:30:00,0.3,0.2,,0.1,Short,True,,1755014400,2025.08.12 16:00:00,1800,1.1642,0.001186145932386827,1.0,1.0,240,1.1653861459323867,1.1630138540676132,STOP,1,2025.08.12 16:00:00,1,-1.0,-11.861459323868269,True,False,,,TARGET,1.0
ANCHOR_CPI_SERIES,CPI_TIMELINE_20250812_153000:headline_yy,840030007,229769,US,USD,CPI Headline y/y,headline_yy,2025.07.01 00:00:00,7039,0,CALENDAR_TIMEMODE_DATETIME,False,trade_server_time,CALENDAR_UNIT_PERCENT,1,CALENDAR_MULTIPLIER_NONE,False,,,,1755012600,2025.08.12 15:30:00,2.7,2.7,,0.0,Flat,False,FLAT_DIRECTION,,,,,,,,,,,,,,,,,,,,,,
ANCHOR_CPI_SERIES,CPI_TIMELINE_20250812_153000:core_yy,840030008,229781,US,USD,CPI Core y/y,core_yy,2025.07.01 00:00:00,7179,0,CALENDAR_TIMEMODE_DATETIME,False,trade_server_time,CALENDAR_UNIT_PERCENT,1,CALENDAR_MULTIPLIER_NONE,False,,,,1755012600,2025.08.12 15:30:00,3.1,2.9,,0.2,Short,True,,1755014400,2025.08.12 16:00:00,1800,1.1642,0.001186145932386827,1.0,1.0,240,1.1653861459323867,1.1630138540676132,STOP,1,2025.08.12 16:00:00,1,-1.0,-11.861459323868269,True,False,,,TARGET,1.0
ANCHOR_CPI_SERIES,CPI_TIMELINE_20250812_153000:mm_sum,DERIVED_MM_SUM,,US,USD,CPI m/m Sum,mm_sum,,,0,CALENDAR_TIMEMODE_DATETIME,False,trade_server_time,CALENDAR_UNIT_PERCENT,1,CALENDAR_MULTIPLIER_NONE,True,"840030005,840030006","229745,229757","6761,6900",1755012600,2025.08.12 15:30:00,,,,0.0,Flat,False,FLAT_DIRECTION,,,,,,,,,,,,,,,,,,,,,,
ANCHOR_CPI_SERIES,CPI_TIMELINE_20250812_153000:yy_sum,DERIVED_YY_SUM,,US,USD,CPI y/y Sum,yy_sum,,,0,CALENDAR_TIMEMODE_DATETIME,False,trade_server_time,CALENDAR_UNIT_PERCENT,1,CALENDAR_MULTIPLIER_NONE,True,"840030007,840030008","229769,229781","7039,7179",1755012600,2025.08.12 15:30:00,,,,0.2,Short,True,,1755014400,2025.08.12 16:00:00,1800,1.1642,0.001186145932386827,1.0,1.0,240,1.1653861459323867,1.1630138540676132,STOP,1,2025.08.12 16:00:00,1,-1.0,-11.861459323868269,True,False,,,TARGET,1.0
ANCHOR_CPI_SERIES,CPI_TIMELINE_20250911_153000:headline_mm,840030005,229746,US,USD,CPI Headline m/m,headline_mm,2025.08.01 00:00:00,6762,0,CALENDAR_TIMEMODE_DATETIME,False,trade_server_time,CALENDAR_UNIT_PERCENT,1,CALENDAR_MULTIPLIER_NONE,False,,,,1757604600,2025.09.11 15:30:00,0.4,0.2,0.2,0.2,Short,True,,1757606400,2025.09.11 16:00:00,1800,1.17153,0.0010949653430432308,1.0,1.0,240,1.1726249653430432,1.1704350346569568,STOP,1,2025.09.11 16:00:00,1,-1.0,-10.949653430432308,False,False,,,STOP,-1.0
ANCHOR_CPI_SERIES,CPI_TIMELINE_20250911_153000:core_mm,840030006,229758,US,USD,CPI Core m/m,core_mm,2025.08.01 00:00:00,6901,0,CALENDAR_TIMEMODE_DATETIME,False,trade_server_time,CALENDAR_UNIT_PERCENT,1,CALENDAR_MULTIPLIER_NONE,False,,,,1757604600,2025.09.11 15:30:00,0.3,0.3,0.3,0.0,Flat,False,FLAT_DIRECTION,,,,,,,,,,,,,,,,,,,,,,
ANCHOR_CPI_SERIES,CPI_TIMELINE_20250911_153000:headline_yy,840030007,229770,US,USD,CPI Headline y/y,headline_yy,2025.08.01 00:00:00,7040,0,CALENDAR_TIMEMODE_DATETIME,False,trade_server_time,CALENDAR_UNIT_PERCENT,1,CALENDAR_MULTIPLIER_NONE,False,,,,1757604600,2025.09.11 15:30:00,2.9,2.7,2.7,0.2,Short,True,,1757606400,2025.09.11 16:00:00,1800,1.17153,0.0010949653430432308,1.0,1.0,240,1.1726249653430432,1.1704350346569568,STOP,1,2025.09.11 16:00:00,1,-1.0,-10.949653430432308,False,False,,,STOP,-1.0
ANCHOR_CPI_SERIES,CPI_TIMELINE_20250911_153000:core_yy,840030008,229782,US,USD,CPI Core y/y,core_yy,2025.08.01 00:00:00,7180,0,CALENDAR_TIMEMODE_DATETIME,False,trade_server_time,CALENDAR_UNIT_PERCENT,1,CALENDAR_MULTIPLIER_NONE,False,,,,1757604600,2025.09.11 15:30:00,3.1,3.1,3.1,0.0,Flat,False,FLAT_DIRECTION,,,,,,,,,,,,,,,,,,,,,,
ANCHOR_CPI_SERIES,CPI_TIMELINE_20250911_153000:mm_sum,DERIVED_MM_SUM,,US,USD,CPI m/m Sum,mm_sum,,,0,CALENDAR_TIMEMODE_DATETIME,False,trade_server_time,CALENDAR_UNIT_PERCENT,1,CALENDAR_MULTIPLIER_NONE,True,"840030005,840030006","229746,229758","6762,6901",1757604600,2025.09.11 15:30:00,,,,0.2,Short,True,,1757606400,2025.09.11 16:00:00,1800,1.17153,0.0010949653430432308,1.0,1.0,240,1.1726249653430432,1.1704350346569568,STOP,1,2025.09.11 16:00:00,1,-1.0,-10.949653430432308,False,False,,,STOP,-1.0
ANCHOR_CPI_SERIES,CPI_TIMELINE_20250911_153000:yy_sum,DERIVED_YY_SUM,,US,USD,CPI y/y Sum,yy_sum,,,0,CALENDAR_TIMEMODE_DATETIME,False,trade_server_time,CALENDAR_UNIT_PERCENT,1,CALENDAR_MULTIPLIER_NONE,True,"840030007,840030008","229770,229782","7040,7180",1757604600,2025.09.11 15:30:00,,,,0.2,Short,True,,1757606400,2025.09.11 16:00:00,1800,1.17153,0.0010949653430432308,1.0,1.0,240,1.1726249653430432,1.1704350346569568,STOP,1,2025.09.11 16:00:00,1,-1.0,-10.949653430432308,False,False,,,STOP,-1.0
ANCHOR_CPI_SERIES,CPI_TIMELINE_20251024_153000:headline_mm,840030005,272109,US,USD,CPI Headline m/m,headline_mm,2025.09.01 00:00:00,6763,0,CALENDAR_TIMEMODE_DATETIME,False,trade_server_time,CALENDAR_UNIT_PERCENT,1,CALENDAR_MULTIPLIER_NONE,False,,,,1761319800,2025.10.24 15:30:00,0.3,0.4,0.4,-0.1,Long,True,,1761321600,2025.10.24 16:00:00,1800,1.1634,0.0009563031916172245,1.0,1.0,240,1.1624436968083827,1.1643563031916173,STOP,1,2025.10.24 16:00:00,1,-1.0,-9.563031916172244,False,False,,,STOP,-1.0
ANCHOR_CPI_SERIES,CPI_TIMELINE_20251024_153000:core_mm,840030006,272110,US,USD,CPI Core m/m,core_mm,2025.09.01 00:00:00,6902,0,CALENDAR_TIMEMODE_DATETIME,False,trade_server_time,CALENDAR_UNIT_PERCENT,1,CALENDAR_MULTIPLIER_NONE,False,,,,1761319800,2025.10.24 15:30:00,0.2,0.3,0.3,-0.1,Long,True,,1761321600,2025.10.24 16:00:00,1800,1.1634,0.0009563031916172245,1.0,1.0,240,1.1624436968083827,1.1643563031916173,STOP,1,2025.10.24 16:00:00,1,-1.0,-9.563031916172244,False,False,,,STOP,-1.0
ANCHOR_CPI_SERIES,CPI_TIMELINE_20251024_153000:headline_yy,840030007,272111,US,USD,CPI Headline y/y,headline_yy,2025.09.01 00:00:00,7041,0,CALENDAR_TIMEMODE_DATETIME,False,trade_server_time,CALENDAR_UNIT_PERCENT,1,CALENDAR_MULTIPLIER_NONE,False,,,,1761319800,2025.10.24 15:30:00,3.0,2.9,,0.1,Short,True,,1761321600,2025.10.24 16:00:00,1800,1.1634,0.0009563031916172245,1.0,1.0,240,1.1643563031916173,1.1624436968083827,TARGET,1,2025.10.24 16:00:00,1,1.0,9.563031916172244,False,False,,,TARGET,1.0
ANCHOR_CPI_SERIES,CPI_TIMELINE_20251024_153000:core_yy,840030008,272112,US,USD,CPI Core y/y,core_yy,2025.09.01 00:00:00,7181,0,CALENDAR_TIMEMODE_DATETIME,False,trade_server_time,CALENDAR_UNIT_PERCENT,1,CALENDAR_MULTIPLIER_NONE,False,,,,1761319800,2025.10.24 15:30:00,3.0,3.1,,-0.1,Long,True,,1761321600,2025.10.24 16:00:00,1800,1.1634,0.0009563031916172245,1.0,1.0,240,1.1624436968083827,1.1643563031916173,STOP,1,2025.10.24 16:00:00,1,-1.0,-9.563031916172244,False,False,,,STOP,-1.0
ANCHOR_CPI_SERIES,CPI_TIMELINE_20251024_153000:mm_sum,DERIVED_MM_SUM,,US,USD,CPI m/m Sum,mm_sum,,,0,CALENDAR_TIMEMODE_DATETIME,False,trade_server_time,CALENDAR_UNIT_PERCENT,1,CALENDAR_MULTIPLIER_NONE,True,"840030005,840030006","272109,272110","6763,6902",1761319800,2025.10.24 15:30:00,,,,-0.2,Long,True,,1761321600,2025.10.24 16:00:00,1800,1.1634,0.0009563031916172245,1.0,1.0,240,1.1624436968083827,1.1643563031916173,STOP,1,2025.10.24 16:00:00,1,-1.0,-9.563031916172244,False,False,,,STOP,-1.0
ANCHOR_CPI_SERIES,CPI_TIMELINE_20251024_153000:yy_sum,DERIVED_YY_SUM,,US,USD,CPI y/y Sum,yy_sum,,,0,CALENDAR_TIMEMODE_DATETIME,False,trade_server_time,CALENDAR_UNIT_PERCENT,1,CALENDAR_MULTIPLIER_NONE,True,"840030007,840030008","272111,272112","7041,7181",1761319800,2025.10.24 15:30:00,,,,0.0,Flat,False,FLAT_DIRECTION,,,,,,,,,,,,,,,,,,,,,,
ANCHOR_CPI_SERIES,CPI_TIMELINE_20251218_163000:headline_mm,840030005,,US,USD,CPI Headline m/m,headline_mm,,,0,CALENDAR_TIMEMODE_DATETIME,False,trade_server_time,CALENDAR_UNIT_PERCENT,1,CALENDAR_MULTIPLIER_NONE,False,,,,1766075400,2025.12.18 16:30:00,,,,,Missing,False,MISSING_DIRECTION,,,,,,,,,,,,,,,,,,,,,,
ANCHOR_CPI_SERIES,CPI_TIMELINE_20251218_163000:core_mm,840030006,,US,USD,CPI Core m/m,core_mm,,,0,CALENDAR_TIMEMODE_DATETIME,False,trade_server_time,CALENDAR_UNIT_PERCENT,1,CALENDAR_MULTIPLIER_NONE,False,,,,1766075400,2025.12.18 16:30:00,,,,,Missing,False,MISSING_DIRECTION,,,,,,,,,,,,,,,,,,,,,,
ANCHOR_CPI_SERIES,CPI_TIMELINE_20251218_163000:headline_yy,840030007,276554,US,USD,CPI Headline y/y,headline_yy,2025.11.01 00:00:00,7042,0,CALENDAR_TIMEMODE_DATETIME,False,trade_server_time,CALENDAR_UNIT_PERCENT,1,CALENDAR_MULTIPLIER_NONE,False,,,,1766075400,2025.12.18 16:30:00,2.7,3.0,,-0.3,Long,True,,1766077200,2025.12.18 17:00:00,1800,1.17341,0.0012688533354077778,1.0,1.0,240,1.1721411466645923,1.1746788533354078,STOP,1,2025.12.18 17:00:00,1,-1.0,-12.688533354077778,False,False,,,STOP,-1.0
ANCHOR_CPI_SERIES,CPI_TIMELINE_20251218_163000:core_yy,840030008,276555,US,USD,CPI Core y/y,core_yy,2025.11.01 00:00:00,7182,0,CALENDAR_TIMEMODE_DATETIME,False,trade_server_time,CALENDAR_UNIT_PERCENT,1,CALENDAR_MULTIPLIER_NONE,False,,,,1766075400,2025.12.18 16:30:00,2.6,3.0,,-0.4,Long,True,,1766077200,2025.12.18 17:00:00,1800,1.17341,0.0012688533354077778,1.0,1.0,240,1.1721411466645923,1.1746788533354078,STOP,1,2025.12.18 17:00:00,1,-1.0,-12.688533354077778,False,False,,,STOP,-1.0
ANCHOR_CPI_SERIES,CPI_TIMELINE_20251218_163000:mm_sum,DERIVED_MM_SUM,,US,USD,CPI m/m Sum,mm_sum,,,0,CALENDAR_TIMEMODE_DATETIME,False,trade_server_time,CALENDAR_UNIT_PERCENT,1,CALENDAR_MULTIPLIER_NONE,True,"840030005,840030006",",",",",1766075400,2025.12.18 16:30:00,,,,,Missing,False,MISSING_DIRECTION,,,,,,,,,,,,,,,,,,,,,,
ANCHOR_CPI_SERIES,CPI_TIMELINE_20251218_163000:yy_sum,DERIVED_YY_SUM,,US,USD,CPI y/y Sum,yy_sum,,,0,CALENDAR_TIMEMODE_DATETIME,False,trade_server_time,CALENDAR_UNIT_PERCENT,1,CALENDAR_MULTIPLIER_NONE,True,"840030007,840030008","276554,276555","7042,7182",1766075400,2025.12.18 16:30:00,,,,-0.7,Long,True,,1766077200,2025.12.18 17:00:00,1800,1.17341,0.0012688533354077778,1.0,1.0,240,1.1721411466645923,1.1746788533354078,STOP,1,2025.12.18 17:00:00,1,-1.0,-12.688533354077778,False,False,,,STOP,-1.0
ANCHOR_CPI_SERIES,CPI_TIMELINE_20260113_163000:headline_mm,840030005,277483,US,USD,CPI Headline m/m,headline_mm,2025.12.01 00:00:00,6764,0,CALENDAR_TIMEMODE_DATETIME,False,trade_server_time,CALENDAR_UNIT_PERCENT,1,CALENDAR_MULTIPLIER_NONE,False,,,,1768321800,2026.01.13 16:30:00,0.3,0.3,,0.0,Flat,False,FLAT_DIRECTION,,,,,,,,,,,,,,,,,,,,,,
ANCHOR_CPI_SERIES,CPI_TIMELINE_20260113_163000:core_mm,840030006,277495,US,USD,CPI Core m/m,core_mm,2025.12.01 00:00:00,6903,0,CALENDAR_TIMEMODE_DATETIME,False,trade_server_time,CALENDAR_UNIT_PERCENT,1,CALENDAR_MULTIPLIER_NONE,False,,,,1768321800,2026.01.13 16:30:00,0.2,0.2,,0.0,Flat,False,FLAT_DIRECTION,,,,,,,,,,,,,,,,,,,,,,
ANCHOR_CPI_SERIES,CPI_TIMELINE_20260113_163000:headline_yy,840030007,277507,US,USD,CPI Headline y/y,headline_yy,2025.12.01 00:00:00,7043,0,CALENDAR_TIMEMODE_DATETIME,False,trade_server_time,CALENDAR_UNIT_PERCENT,1,CALENDAR_MULTIPLIER_NONE,False,,,,1768321800,2026.01.13 16:30:00,2.7,2.7,,0.0,Flat,False,FLAT_DIRECTION,,,,,,,,,,,,,,,,,,,,,,
ANCHOR_CPI_SERIES,CPI_TIMELINE_20260113_163000:core_yy,840030008,277519,US,USD,CPI Core y/y,core_yy,2025.12.01 00:00:00,7183,0,CALENDAR_TIMEMODE_DATETIME,False,trade_server_time,CALENDAR_UNIT_PERCENT,1,CALENDAR_MULTIPLIER_NONE,False,,,,1768321800,2026.01.13 16:30:00,2.6,2.6,,0.0,Flat,False,FLAT_DIRECTION,,,,,,,,,,,,,,,,,,,,,,
ANCHOR_CPI_SERIES,CPI_TIMELINE_20260113_163000:mm_sum,DERIVED_MM_SUM,,US,USD,CPI m/m Sum,mm_sum,,,0,CALENDAR_TIMEMODE_DATETIME,False,trade_server_time,CALENDAR_UNIT_PERCENT,1,CALENDAR_MULTIPLIER_NONE,True,"840030005,840030006","277483,277495","6764,6903",1768321800,2026.01.13 16:30:00,,,,0.0,Flat,False,FLAT_DIRECTION,,,,,,,,,,,,,,,,,,,,,,
ANCHOR_CPI_SERIES,CPI_TIMELINE_20260113_163000:yy_sum,DERIVED_YY_SUM,,US,USD,CPI y/y Sum,yy_sum,,,0,CALENDAR_TIMEMODE_DATETIME,False,trade_server_time,CALENDAR_UNIT_PERCENT,1,CALENDAR_MULTIPLIER_NONE,True,"840030007,840030008","277507,277519","7043,7183",1768321800,2026.01.13 16:30:00,,,,0.0,Flat,False,FLAT_DIRECTION,,,,,,,,,,,,,,,,,,,,,,
ANCHOR_CPI_SERIES,CPI_TIMELINE_20260213_163000:headline_mm,840030005,286626,US,USD,CPI Headline m/m,headline_mm,2026.01.01 00:00:00,6765,0,CALENDAR_TIMEMODE_DATETIME,False,trade_server_time,CALENDAR_UNIT_PERCENT,1,CALENDAR_MULTIPLIER_NONE,False,,,,1771000200,2026.02.13 16:30:00,0.2,0.3,,-0.1,Long,True,,1771002000,2026.02.13 17:00:00,1800,1.18591,0.0010754711196636372,1.0,1.0,240,1.1848345288803364,1.1869854711196637,STOP,1,2026.02.13 17:00:00,1,-1.0,-10.754711196636372,True,False,,,TARGET,1.0
ANCHOR_CPI_SERIES,CPI_TIMELINE_20260213_163000:core_mm,840030006,286627,US,USD,CPI Core m/m,core_mm,2026.01.01 00:00:00,6904,0,CALENDAR_TIMEMODE_DATETIME,False,trade_server_time,CALENDAR_UNIT_PERCENT,1,CALENDAR_MULTIPLIER_NONE,False,,,,1771000200,2026.02.13 16:30:00,0.3,0.2,,0.1,Short,True,,1771002000,2026.02.13 17:00:00,1800,1.18591,0.0010754711196636372,1.0,1.0,240,1.1869854711196637,1.1848345288803364,STOP,1,2026.02.13 17:00:00,1,-1.0,-10.754711196636372,True,False,,,TARGET,1.0
ANCHOR_CPI_SERIES,CPI_TIMELINE_20260213_163000:headline_yy,840030007,286628,US,USD,CPI Headline y/y,headline_yy,2026.01.01 00:00:00,7044,0,CALENDAR_TIMEMODE_DATETIME,False,trade_server_time,CALENDAR_UNIT_PERCENT,1,CALENDAR_MULTIPLIER_NONE,False,,,,1771000200,2026.02.13 16:30:00,2.4,2.7,,-0.3,Long,True,,1771002000,2026.02.13 17:00:00,1800,1.18591,0.0010754711196636372,1.0,1.0,240,1.1848345288803364,1.1869854711196637,STOP,1,2026.02.13 17:00:00,1,-1.0,-10.754711196636372,True,False,,,TARGET,1.0
ANCHOR_CPI_SERIES,CPI_TIMELINE_20260213_163000:core_yy,840030008,286629,US,USD,CPI Core y/y,core_yy,2026.01.01 00:00:00,7184,0,CALENDAR_TIMEMODE_DATETIME,False,trade_server_time,CALENDAR_UNIT_PERCENT,1,CALENDAR_MULTIPLIER_NONE,False,,,,1771000200,2026.02.13 16:30:00,2.5,2.6,,-0.1,Long,True,,1771002000,2026.02.13 17:00:00,1800,1.18591,0.0010754711196636372,1.0,1.0,240,1.1848345288803364,1.1869854711196637,STOP,1,2026.02.13 17:00:00,1,-1.0,-10.754711196636372,True,False,,,TARGET,1.0
ANCHOR_CPI_SERIES,CPI_TIMELINE_20260213_163000:mm_sum,DERIVED_MM_SUM,,US,USD,CPI m/m Sum,mm_sum,,,0,CALENDAR_TIMEMODE_DATETIME,False,trade_server_time,CALENDAR_UNIT_PERCENT,1,CALENDAR_MULTIPLIER_NONE,True,"840030005,840030006","286626,286627","6765,6904",1771000200,2026.02.13 16:30:00,,,,0.0,Flat,False,FLAT_DIRECTION,,,,,,,,,,,,,,,,,,,,,,
ANCHOR_CPI_SERIES,CPI_TIMELINE_20260213_163000:yy_sum,DERIVED_YY_SUM,,US,USD,CPI y/y Sum,yy_sum,,,0,CALENDAR_TIMEMODE_DATETIME,False,trade_server_time,CALENDAR_UNIT_PERCENT,1,CALENDAR_MULTIPLIER_NONE,True,"840030007,840030008","286628,286629","7044,7184",1771000200,2026.02.13 16:30:00,,,,-0.4,Long,True,,1771002000,2026.02.13 17:00:00,1800,1.18591,0.0010754711196636372,1.0,1.0,240,1.1848345288803364,1.1869854711196637,STOP,1,2026.02.13 17:00:00,1,-1.0,-10.754711196636372,True,False,,,TARGET,1.0
ANCHOR_CPI_SERIES,CPI_TIMELINE_20260311_153000:headline_mm,840030005,277485,US,USD,CPI Headline m/m,headline_mm,2026.02.01 00:00:00,6766,0,CALENDAR_TIMEMODE_DATETIME,False,trade_server_time,CALENDAR_UNIT_PERCENT,1,CALENDAR_MULTIPLIER_NONE,False,,,,1773243000,2026.03.11 15:30:00,0.3,0.2,,0.1,Short,True,,1773244800,2026.03.11 16:00:00,1800,1.15909,0.0018207834611486458,1.0,1.0,240,1.1609107834611485,1.1572692165388514,STOP,1,2026.03.11 16:00:00,1,-1.0,-18.207834611486458,False,False,,,STOP,-1.0
ANCHOR_CPI_SERIES,CPI_TIMELINE_20260311_153000:core_mm,840030006,277497,US,USD,CPI Core m/m,core_mm,2026.02.01 00:00:00,6905,0,CALENDAR_TIMEMODE_DATETIME,False,trade_server_time,CALENDAR_UNIT_PERCENT,1,CALENDAR_MULTIPLIER_NONE,False,,,,1773243000,2026.03.11 15:30:00,0.2,0.3,,-0.1,Long,True,,1773244800,2026.03.11 16:00:00,1800,1.15909,0.0018207834611486458,1.0,1.0,240,1.1572692165388514,1.1609107834611485,TARGET,1,2026.03.11 16:00:00,1,1.0,18.207834611486458,False,False,,,TARGET,1.0
ANCHOR_CPI_SERIES,CPI_TIMELINE_20260311_153000:headline_yy,840030007,277509,US,USD,CPI Headline y/y,headline_yy,2026.02.01 00:00:00,7045,0,CALENDAR_TIMEMODE_DATETIME,False,trade_server_time,CALENDAR_UNIT_PERCENT,1,CALENDAR_MULTIPLIER_NONE,False,,,,1773243000,2026.03.11 15:30:00,2.4,2.4,,0.0,Flat,False,FLAT_DIRECTION,,,,,,,,,,,,,,,,,,,,,,
ANCHOR_CPI_SERIES,CPI_TIMELINE_20260311_153000:core_yy,840030008,277521,US,USD,CPI Core y/y,core_yy,2026.02.01 00:00:00,7185,0,CALENDAR_TIMEMODE_DATETIME,False,trade_server_time,CALENDAR_UNIT_PERCENT,1,CALENDAR_MULTIPLIER_NONE,False,,,,1773243000,2026.03.11 15:30:00,2.5,2.5,,0.0,Flat,False,FLAT_DIRECTION,,,,,,,,,,,,,,,,,,,,,,
ANCHOR_CPI_SERIES,CPI_TIMELINE_20260311_153000:mm_sum,DERIVED_MM_SUM,,US,USD,CPI m/m Sum,mm_sum,,,0,CALENDAR_TIMEMODE_DATETIME,False,trade_server_time,CALENDAR_UNIT_PERCENT,1,CALENDAR_MULTIPLIER_NONE,True,"840030005,840030006","277485,277497","6766,6905",1773243000,2026.03.11 15:30:00,,,,0.0,Flat,False,FLAT_DIRECTION,,,,,,,,,,,,,,,,,,,,,,
ANCHOR_CPI_SERIES,CPI_TIMELINE_20260311_153000:yy_sum,DERIVED_YY_SUM,,US,USD,CPI y/y Sum,yy_sum,,,0,CALENDAR_TIMEMODE_DATETIME,False,trade_server_time,CALENDAR_UNIT_PERCENT,1,CALENDAR_MULTIPLIER_NONE,True,"840030007,840030008","277509,277521","7045,7185",1773243000,2026.03.11 15:30:00,,,,0.0,Flat,False,FLAT_DIRECTION,,,,,,,,,,,,,,,,,,,,,,
ANCHOR_CPI_SERIES,CPI_TIMELINE_20260410_153000:headline_mm,840030005,277486,US,USD,CPI Headline m/m,headline_mm,2026.03.01 00:00:00,6767,0,CALENDAR_TIMEMODE_DATETIME,False,trade_server_time,CALENDAR_UNIT_PERCENT,1,CALENDAR_MULTIPLIER_NONE,False,,,,1775835000,2026.04.10 15:30:00,0.9,0.3,,0.6,Short,True,,1775836800,2026.04.10 16:00:00,1800,1.17201,0.0011277550766832858,1.0,1.0,240,1.1731377550766833,1.1708822449233167,STOP,1,2026.04.10 16:00:00,1,-1.0,-11.277550766832858,False,False,,,STOP,-1.0
ANCHOR_CPI_SERIES,CPI_TIMELINE_20260410_153000:core_mm,840030006,277498,US,USD,CPI Core m/m,core_mm,2026.03.01 00:00:00,6906,0,CALENDAR_TIMEMODE_DATETIME,False,trade_server_time,CALENDAR_UNIT_PERCENT,1,CALENDAR_MULTIPLIER_NONE,False,,,,1775835000,2026.04.10 15:30:00,0.2,0.2,,0.0,Flat,False,FLAT_DIRECTION,,,,,,,,,,,,,,,,,,,,,,
ANCHOR_CPI_SERIES,CPI_TIMELINE_20260410_153000:headline_yy,840030007,277510,US,USD,CPI Headline y/y,headline_yy,2026.03.01 00:00:00,7046,0,CALENDAR_TIMEMODE_DATETIME,False,trade_server_time,CALENDAR_UNIT_PERCENT,1,CALENDAR_MULTIPLIER_NONE,False,,,,1775835000,2026.04.10 15:30:00,3.3,2.4,,0.9,Short,True,,1775836800,2026.04.10 16:00:00,1800,1.17201,0.0011277550766832858,1.0,1.0,240,1.1731377550766833,1.1708822449233167,STOP,1,2026.04.10 16:00:00,1,-1.0,-11.277550766832858,False,False,,,STOP,-1.0
ANCHOR_CPI_SERIES,CPI_TIMELINE_20260410_153000:core_yy,840030008,277522,US,USD,CPI Core y/y,core_yy,2026.03.01 00:00:00,7186,0,CALENDAR_TIMEMODE_DATETIME,False,trade_server_time,CALENDAR_UNIT_PERCENT,1,CALENDAR_MULTIPLIER_NONE,False,,,,1775835000,2026.04.10 15:30:00,2.6,2.5,,0.1,Short,True,,1775836800,2026.04.10 16:00:00,1800,1.17201,0.0011277550766832858,1.0,1.0,240,1.1731377550766833,1.1708822449233167,STOP,1,2026.04.10 16:00:00,1,-1.0,-11.277550766832858,False,False,,,STOP,-1.0
ANCHOR_CPI_SERIES,CPI_TIMELINE_20260410_153000:mm_sum,DERIVED_MM_SUM,,US,USD,CPI m/m Sum,mm_sum,,,0,CALENDAR_TIMEMODE_DATETIME,False,trade_server_time,CALENDAR_UNIT_PERCENT,1,CALENDAR_MULTIPLIER_NONE,True,"840030005,840030006","277486,277498","6767,6906",1775835000,2026.04.10 15:30:00,,,,0.6,Short,True,,1775836800,2026.04.10 16:00:00,1800,1.17201,0.0011277550766832858,1.0,1.0,240,1.1731377550766833,1.1708822449233167,STOP,1,2026.04.10 16:00:00,1,-1.0,-11.277550766832858,False,False,,,STOP,-1.0
ANCHOR_CPI_SERIES,CPI_TIMELINE_20260410_153000:yy_sum,DERIVED_YY_SUM,,US,USD,CPI y/y Sum,yy_sum,,,0,CALENDAR_TIMEMODE_DATETIME,False,trade_server_time,CALENDAR_UNIT_PERCENT,1,CALENDAR_MULTIPLIER_NONE,True,"840030007,840030008","277510,277522","7046,7186",1775835000,2026.04.10 15:30:00,,,,1.0,Short,True,,1775836800,2026.04.10 16:00:00,1800,1.17201,0.0011277550766832858,1.0,1.0,240,1.1731377550766833,1.1708822449233167,STOP,1,2026.04.10 16:00:00,1,-1.0,-11.277550766832858,False,False,,,STOP,-1.0
ANCHOR_CPI_SERIES,CPI_TIMELINE_20260512_153000:headline_mm,840030005,277487,US,USD,CPI Headline m/m,headline_mm,2026.04.01 00:00:00,6768,0,CALENDAR_TIMEMODE_DATETIME,False,trade_server_time,CALENDAR_UNIT_PERCENT,1,CALENDAR_MULTIPLIER_NONE,False,,,,1778599800,2026.05.12 15:30:00,0.6,0.9,,-0.3,Long,True,,1778601600,2026.05.12 16:00:00,1800,1.17471,0.0009715119783384605,1.0,1.0,240,1.1737384880216615,1.1756815119783384,STOP,1,2026.05.12 16:00:00,1,-1.0,-9.715119783384605,False,False,,,STOP,-1.0
ANCHOR_CPI_SERIES,CPI_TIMELINE_20260512_153000:core_mm,840030006,277499,US,USD,CPI Core m/m,core_mm,2026.04.01 00:00:00,6907,0,CALENDAR_TIMEMODE_DATETIME,False,trade_server_time,CALENDAR_UNIT_PERCENT,1,CALENDAR_MULTIPLIER_NONE,False,,,,1778599800,2026.05.12 15:30:00,0.4,0.2,,0.2,Short,True,,1778601600,2026.05.12 16:00:00,1800,1.17471,0.0009715119783384605,1.0,1.0,240,1.1756815119783384,1.1737384880216615,TARGET,1,2026.05.12 16:00:00,1,1.0,9.715119783384605,False,False,,,TARGET,1.0
ANCHOR_CPI_SERIES,CPI_TIMELINE_20260512_153000:headline_yy,840030007,277511,US,USD,CPI Headline y/y,headline_yy,2026.04.01 00:00:00,7047,0,CALENDAR_TIMEMODE_DATETIME,False,trade_server_time,CALENDAR_UNIT_PERCENT,1,CALENDAR_MULTIPLIER_NONE,False,,,,1778599800,2026.05.12 15:30:00,3.8,3.3,,0.5,Short,True,,1778601600,2026.05.12 16:00:00,1800,1.17471,0.0009715119783384605,1.0,1.0,240,1.1756815119783384,1.1737384880216615,TARGET,1,2026.05.12 16:00:00,1,1.0,9.715119783384605,False,False,,,TARGET,1.0
ANCHOR_CPI_SERIES,CPI_TIMELINE_20260512_153000:core_yy,840030008,277523,US,USD,CPI Core y/y,core_yy,2026.04.01 00:00:00,7187,0,CALENDAR_TIMEMODE_DATETIME,False,trade_server_time,CALENDAR_UNIT_PERCENT,1,CALENDAR_MULTIPLIER_NONE,False,,,,1778599800,2026.05.12 15:30:00,2.8,2.6,,0.2,Short,True,,1778601600,2026.05.12 16:00:00,1800,1.17471,0.0009715119783384605,1.0,1.0,240,1.1756815119783384,1.1737384880216615,TARGET,1,2026.05.12 16:00:00,1,1.0,9.715119783384605,False,False,,,TARGET,1.0
ANCHOR_CPI_SERIES,CPI_TIMELINE_20260512_153000:mm_sum,DERIVED_MM_SUM,,US,USD,CPI m/m Sum,mm_sum,,,0,CALENDAR_TIMEMODE_DATETIME,False,trade_server_time,CALENDAR_UNIT_PERCENT,1,CALENDAR_MULTIPLIER_NONE,True,"840030005,840030006","277487,277499","6768,6907",1778599800,2026.05.12 15:30:00,,,,-0.1,Long,True,,1778601600,2026.05.12 16:00:00,1800,1.17471,0.0009715119783384605,1.0,1.0,240,1.1737384880216615,1.1756815119783384,STOP,1,2026.05.12 16:00:00,1,-1.0,-9.715119783384605,False,False,,,STOP,-1.0
ANCHOR_CPI_SERIES,CPI_TIMELINE_20260512_153000:yy_sum,DERIVED_YY_SUM,,US,USD,CPI y/y Sum,yy_sum,,,0,CALENDAR_TIMEMODE_DATETIME,False,trade_server_time,CALENDAR_UNIT_PERCENT,1,CALENDAR_MULTIPLIER_NONE,True,"840030007,840030008","277511,277523","7047,7187",1778599800,2026.05.12 15:30:00,,,,0.7,Short,True,,1778601600,2026.05.12 16:00:00,1800,1.17471,0.0009715119783384605,1.0,1.0,240,1.1756815119783384,1.1737384880216615,TARGET,1,2026.05.12 16:00:00,1,1.0,9.715119783384605,False,False,,,TARGET,1.0
ANCHOR_CPI_SERIES,CPI_TIMELINE_20260610_153000:headline_mm,840030005,277488,US,USD,CPI Headline m/m,headline_mm,2026.05.01 00:00:00,6769,0,CALENDAR_TIMEMODE_DATETIME,False,trade_server_time,CALENDAR_UNIT_PERCENT,1,CALENDAR_MULTIPLIER_NONE,False,,,,1781105400,2026.06.10 15:30:00,0.5,0.6,,-0.1,Long,True,,1781107200,2026.06.10 16:00:00,1800,1.15477,0.0010183660393687291,1.0,1.0,240,1.1537516339606313,1.1557883660393689,TARGET,1,2026.06.10 16:00:00,1,1.0,10.18366039368729,False,False,,,TARGET,1.0
ANCHOR_CPI_SERIES,CPI_TIMELINE_20260610_153000:core_mm,840030006,277500,US,USD,CPI Core m/m,core_mm,2026.05.01 00:00:00,6908,0,CALENDAR_TIMEMODE_DATETIME,False,trade_server_time,CALENDAR_UNIT_PERCENT,1,CALENDAR_MULTIPLIER_NONE,False,,,,1781105400,2026.06.10 15:30:00,0.2,0.4,,-0.2,Long,True,,1781107200,2026.06.10 16:00:00,1800,1.15477,0.0010183660393687291,1.0,1.0,240,1.1537516339606313,1.1557883660393689,TARGET,1,2026.06.10 16:00:00,1,1.0,10.18366039368729,False,False,,,TARGET,1.0
ANCHOR_CPI_SERIES,CPI_TIMELINE_20260610_153000:headline_yy,840030007,277512,US,USD,CPI Headline y/y,headline_yy,2026.05.01 00:00:00,7048,0,CALENDAR_TIMEMODE_DATETIME,False,trade_server_time,CALENDAR_UNIT_PERCENT,1,CALENDAR_MULTIPLIER_NONE,False,,,,1781105400,2026.06.10 15:30:00,4.2,3.8,,0.4,Short,True,,1781107200,2026.06.10 16:00:00,1800,1.15477,0.0010183660393687291,1.0,1.0,240,1.1557883660393689,1.1537516339606313,STOP,1,2026.06.10 16:00:00,1,-1.0,-10.18366039368729,False,False,,,STOP,-1.0
ANCHOR_CPI_SERIES,CPI_TIMELINE_20260610_153000:core_yy,840030008,277524,US,USD,CPI Core y/y,core_yy,2026.05.01 00:00:00,7188,0,CALENDAR_TIMEMODE_DATETIME,False,trade_server_time,CALENDAR_UNIT_PERCENT,1,CALENDAR_MULTIPLIER_NONE,False,,,,1781105400,2026.06.10 15:30:00,2.9,2.8,,0.1,Short,True,,1781107200,2026.06.10 16:00:00,1800,1.15477,0.0010183660393687291,1.0,1.0,240,1.1557883660393689,1.1537516339606313,STOP,1,2026.06.10 16:00:00,1,-1.0,-10.18366039368729,False,False,,,STOP,-1.0
ANCHOR_CPI_SERIES,CPI_TIMELINE_20260610_153000:mm_sum,DERIVED_MM_SUM,,US,USD,CPI m/m Sum,mm_sum,,,0,CALENDAR_TIMEMODE_DATETIME,False,trade_server_time,CALENDAR_UNIT_PERCENT,1,CALENDAR_MULTIPLIER_NONE,True,"840030005,840030006","277488,277500","6769,6908",1781105400,2026.06.10 15:30:00,,,,-0.3,Long,True,,1781107200,2026.06.10 16:00:00,1800,1.15477,0.0010183660393687291,1.0,1.0,240,1.1537516339606313,1.1557883660393689,TARGET,1,2026.06.10 16:00:00,1,1.0,10.18366039368729,False,False,,,TARGET,1.0
ANCHOR_CPI_SERIES,CPI_TIMELINE_20260610_153000:yy_sum,DERIVED_YY_SUM,,US,USD,CPI y/y Sum,yy_sum,,,0,CALENDAR_TIMEMODE_DATETIME,False,trade_server_time,CALENDAR_UNIT_PERCENT,1,CALENDAR_MULTIPLIER_NONE,True,"840030007,840030008","277512,277524","7048,7188",1781105400,2026.06.10 15:30:00,,,,0.5,Short,True,,1781107200,2026.06.10 16:00:00,1800,1.15477,0.0010183660393687291,1.0,1.0,240,1.1557883660393689,1.1537516339606313,STOP,1,2026.06.10 16:00:00,1,-1.0,-10.18366039368729,False,False,,,STOP,-1.0
ANCHOR_CPI_SERIES,CPI_TIMELINE_20260714_153000:headline_mm,840030005,277489,US,USD,CPI Headline m/m,headline_mm,2026.06.01 00:00:00,6770,0,CALENDAR_TIMEMODE_DATETIME,False,trade_server_time,CALENDAR_UNIT_PERCENT,1,CALENDAR_MULTIPLIER_NONE,False,,,,1784043000,2026.07.14 15:30:00,-0.4,0.5,,-0.9,Long,True,,1784044800,2026.07.14 16:00:00,1800,1.14452,0.0010309332357744446,1.0,1.0,240,1.1434890667642255,1.1455509332357745,TARGET,2,2026.07.14 17:00:00,2,1.0,10.309332357744445,False,False,,,TARGET,1.0
ANCHOR_CPI_SERIES,CPI_TIMELINE_20260714_153000:core_mm,840030006,277501,US,USD,CPI Core m/m,core_mm,2026.06.01 00:00:00,6909,0,CALENDAR_TIMEMODE_DATETIME,False,trade_server_time,CALENDAR_UNIT_PERCENT,1,CALENDAR_MULTIPLIER_NONE,False,,,,1784043000,2026.07.14 15:30:00,0.0,0.2,,-0.2,Long,True,,1784044800,2026.07.14 16:00:00,1800,1.14452,0.0010309332357744446,1.0,1.0,240,1.1434890667642255,1.1455509332357745,TARGET,2,2026.07.14 17:00:00,2,1.0,10.309332357744445,False,False,,,TARGET,1.0
ANCHOR_CPI_SERIES,CPI_TIMELINE_20260714_153000:headline_yy,840030007,277513,US,USD,CPI Headline y/y,headline_yy,2026.06.01 00:00:00,7049,0,CALENDAR_TIMEMODE_DATETIME,False,trade_server_time,CALENDAR_UNIT_PERCENT,1,CALENDAR_MULTIPLIER_NONE,False,,,,1784043000,2026.07.14 15:30:00,3.5,4.2,,-0.7,Long,True,,1784044800,2026.07.14 16:00:00,1800,1.14452,0.0010309332357744446,1.0,1.0,240,1.1434890667642255,1.1455509332357745,TARGET,2,2026.07.14 17:00:00,2,1.0,10.309332357744445,False,False,,,TARGET,1.0
ANCHOR_CPI_SERIES,CPI_TIMELINE_20260714_153000:core_yy,840030008,277525,US,USD,CPI Core y/y,core_yy,2026.06.01 00:00:00,7189,0,CALENDAR_TIMEMODE_DATETIME,False,trade_server_time,CALENDAR_UNIT_PERCENT,1,CALENDAR_MULTIPLIER_NONE,False,,,,1784043000,2026.07.14 15:30:00,2.6,2.9,,-0.3,Long,True,,1784044800,2026.07.14 16:00:00,1800,1.14452,0.0010309332357744446,1.0,1.0,240,1.1434890667642255,1.1455509332357745,TARGET,2,2026.07.14 17:00:00,2,1.0,10.309332357744445,False,False,,,TARGET,1.0
ANCHOR_CPI_SERIES,CPI_TIMELINE_20260714_153000:mm_sum,DERIVED_MM_SUM,,US,USD,CPI m/m Sum,mm_sum,,,0,CALENDAR_TIMEMODE_DATETIME,False,trade_server_time,CALENDAR_UNIT_PERCENT,1,CALENDAR_MULTIPLIER_NONE,True,"840030005,840030006","277489,277501","6770,6909",1784043000,2026.07.14 15:30:00,,,,-1.1,Long,True,,1784044800,2026.07.14 16:00:00,1800,1.14452,0.0010309332357744446,1.0,1.0,240,1.1434890667642255,1.1455509332357745,TARGET,2,2026.07.14 17:00:00,2,1.0,10.309332357744445,False,False,,,TARGET,1.0
ANCHOR_CPI_SERIES,CPI_TIMELINE_20260714_153000:yy_sum,DERIVED_YY_SUM,,US,USD,CPI y/y Sum,yy_sum,,,0,CALENDAR_TIMEMODE_DATETIME,False,trade_server_time,CALENDAR_UNIT_PERCENT,1,CALENDAR_MULTIPLIER_NONE,True,"840030007,840030008","277513,277525","7049,7189",1784043000,2026.07.14 15:30:00,,,,-1.0,Long,True,,1784044800,2026.07.14 16:00:00,1800,1.14452,0.0010309332357744446,1.0,1.0,240,1.1434890667642255,1.1455509332357745,TARGET,2,2026.07.14 17:00:00,2,1.0,10.309332357744445,False,False,,,TARGET,1.0
ANCHOR_CPI_SERIES,CPI_TIMELINE_20260812_153000:headline_mm,840030005,277490,US,USD,CPI Headline m/m,headline_mm,2026.07.01 00:00:00,6771,0,CALENDAR_TIMEMODE_DATETIME,False,trade_server_time,CALENDAR_UNIT_PERCENT,1,CALENDAR_MULTIPLIER_NONE,False,,,,1786548600,2026.08.12 15:30:00,0.1,-0.4,,0.5,Short,True,,1786550400,2026.08.12 16:00:00,1800,1.15594,0.0006365522278155557,1.0,1.0,240,1.1565765522278155,1.1553034477721844,TARGET,1,2026.08.12 16:00:00,1,1.0,6.365522278155557,False,False,,,TARGET,1.0
ANCHOR_CPI_SERIES,CPI_TIMELINE_20260812_153000:core_mm,840030006,277502,US,USD,CPI Core m/m,core_mm,2026.07.01 00:00:00,6910,0,CALENDAR_TIMEMODE_DATETIME,False,trade_server_time,CALENDAR_UNIT_PERCENT,1,CALENDAR_MULTIPLIER_NONE,False,,,,1786548600,2026.08.12 15:30:00,0.2,0.0,,0.2,Short,True,,1786550400,2026.08.12 16:00:00,1800,1.15594,0.0006365522278155557,1.0,1.0,240,1.1565765522278155,1.1553034477721844,TARGET,1,2026.08.12 16:00:00,1,1.0,6.365522278155557,False,False,,,TARGET,1.0
ANCHOR_CPI_SERIES,CPI_TIMELINE_20260812_153000:headline_yy,840030007,277514,US,USD,CPI Headline y/y,headline_yy,2026.07.01 00:00:00,7050,0,CALENDAR_TIMEMODE_DATETIME,False,trade_server_time,CALENDAR_UNIT_PERCENT,1,CALENDAR_MULTIPLIER_NONE,False,,,,1786548600,2026.08.12 15:30:00,3.4,3.5,,-0.1,Long,True,,1786550400,2026.08.12 16:00:00,1800,1.15594,0.0006365522278155557,1.0,1.0,240,1.1553034477721844,1.1565765522278155,STOP,1,2026.08.12 16:00:00,1,-1.0,-6.365522278155557,False,False,,,STOP,-1.0
ANCHOR_CPI_SERIES,CPI_TIMELINE_20260812_153000:core_yy,840030008,277526,US,USD,CPI Core y/y,core_yy,2026.07.01 00:00:00,7190,0,CALENDAR_TIMEMODE_DATETIME,False,trade_server_time,CALENDAR_UNIT_PERCENT,1,CALENDAR_MULTIPLIER_NONE,False,,,,1786548600,2026.08.12 15:30:00,2.5,2.6,,-0.1,Long,True,,1786550400,2026.08.12 16:00:00,1800,1.15594,0.0006365522278155557,1.0,1.0,240,1.1553034477721844,1.1565765522278155,STOP,1,2026.08.12 16:00:00,1,-1.0,-6.365522278155557,False,False,,,STOP,-1.0
ANCHOR_CPI_SERIES,CPI_TIMELINE_20260812_153000:mm_sum,DERIVED_MM_SUM,,US,USD,CPI m/m Sum,mm_sum,,,0,CALENDAR_TIMEMODE_DATETIME,False,trade_server_time,CALENDAR_UNIT_PERCENT,1,CALENDAR_MULTIPLIER_NONE,True,"840030005,840030006","277490,277502","6771,6910",1786548600,2026.08.12 15:30:00,,,,0.7,Short,True,,1786550400,2026.08.12 16:00:00,1800,1.15594,0.0006365522278155557,1.0,1.0,240,1.1565765522278155,1.1553034477721844,TARGET,1,2026.08.12 16:00:00,1,1.0,6.365522278155557,False,False,,,TARGET,1.0
ANCHOR_CPI_SERIES,CPI_TIMELINE_20260812_153000:yy_sum,DERIVED_YY_SUM,,US,USD,CPI y/y Sum,yy_sum,,,0,CALENDAR_TIMEMODE_DATETIME,False,trade_server_time,CALENDAR_UNIT_PERCENT,1,CALENDAR_MULTIPLIER_NONE,True,"840030007,840030008","277514,277526","7050,7190",1786548600,2026.08.12 15:30:00,,,,-0.2,Long,True,,1786550400,2026.08.12 16:00:00,1800,1.15594,0.0006365522278155557,1.0,1.0,240,1.1553034477721844,1.1565765522278155,STOP,1,2026.08.12 16:00:00,1,-1.0,-6.365522278155557,False,False,,,STOP,-1.0
ANCHOR_CPI_SERIES,CPI_TIMELINE_20260911_153000:headline_mm,840030005,277491,US,USD,CPI Headline m/m,headline_mm,2026.08.01 00:00:00,6772,0,CALENDAR_TIMEMODE_DATETIME,False,trade_server_time,CALENDAR_UNIT_PERCENT,1,CALENDAR_MULTIPLIER_NONE,False,,,,1789140600,2026.09.11 15:30:00,0.4,0.1,,0.3,Short,True,,1789142400,2026.09.11 16:00:00,1800,1.16023,0.0007994152587862683,1.0,1.0,240,1.1610294152587863,1.1594305847412139,STOP,1,2026.09.11 16:00:00,1,-1.0,-7.994152587862683,False,False,,,STOP,-1.0
ANCHOR_CPI_SERIES,CPI_TIMELINE_20260911_153000:core_mm,840030006,277503,US,USD,CPI Core m/m,core_mm,2026.08.01 00:00:00,6911,0,CALENDAR_TIMEMODE_DATETIME,False,trade_server_time,CALENDAR_UNIT_PERCENT,1,CALENDAR_MULTIPLIER_NONE,False,,,,1789140600,2026.09.11 15:30:00,0.3,0.2,,0.1,Short,True,,1789142400,2026.09.11 16:00:00,1800,1.16023,0.0007994152587862683,1.0,1.0,240,1.1610294152587863,1.1594305847412139,STOP,1,2026.09.11 16:00:00,1,-1.0,-7.994152587862683,False,False,,,STOP,-1.0
ANCHOR_CPI_SERIES,CPI_TIMELINE_20260911_153000:headline_yy,840030007,277515,US,USD,CPI Headline y/y,headline_yy,2026.08.01 00:00:00,7051,0,CALENDAR_TIMEMODE_DATETIME,False,trade_server_time,CALENDAR_UNIT_PERCENT,1,CALENDAR_MULTIPLIER_NONE,False,,,,1789140600,2026.09.11 15:30:00,3.4,3.4,,0.0,Flat,False,FLAT_DIRECTION,,,,,,,,,,,,,,,,,,,,,,
ANCHOR_CPI_SERIES,CPI_TIMELINE_20260911_153000:core_yy,840030008,277527,US,USD,CPI Core y/y,core_yy,2026.08.01 00:00:00,7191,0,CALENDAR_TIMEMODE_DATETIME,False,trade_server_time,CALENDAR_UNIT_PERCENT,1,CALENDAR_MULTIPLIER_NONE,False,,,,1789140600,2026.09.11 15:30:00,2.4,2.5,,-0.1,Long,True,,1789142400,2026.09.11 16:00:00,1800,1.16023,0.0007994152587862683,1.0,1.0,240,1.1594305847412139,1.1610294152587863,TARGET,1,2026.09.11 16:00:00,1,1.0,7.994152587862683,False,False,,,TARGET,1.0
ANCHOR_CPI_SERIES,CPI_TIMELINE_20260911_153000:mm_sum,DERIVED_MM_SUM,,US,USD,CPI m/m Sum,mm_sum,,,0,CALENDAR_TIMEMODE_DATETIME,False,trade_server_time,CALENDAR_UNIT_PERCENT,1,CALENDAR_MULTIPLIER_NONE,True,"840030005,840030006","277491,277503","6772,6911",1789140600,2026.09.11 15:30:00,,,,0.4,Short,True,,1789142400,2026.09.11 16:00:00,1800,1.16023,0.0007994152587862683,1.0,1.0,240,1.1610294152587863,1.1594305847412139,STOP,1,2026.09.11 16:00:00,1,-1.0,-7.994152587862683,False,False,,,STOP,-1.0
ANCHOR_CPI_SERIES,CPI_TIMELINE_20260911_153000:yy_sum,DERIVED_YY_SUM,,US,USD,CPI y/y Sum,yy_sum,,,0,CALENDAR_TIMEMODE_DATETIME,False,trade_server_time,CALENDAR_UNIT_PERCENT,1,CALENDAR_MULTIPLIER_NONE,True,"840030007,840030008","277515,277527","7051,7191",1789140600,2026.09.11 15:30:00,,,,-0.1,Long,True,,1789142400,2026.09.11 16:00:00,1800,1.16023,0.0007994152587862683,1.0,1.0,240,1.1594305847412139,1.1610294152587863,TARGET,1,2026.09.11 16:00:00,1,1.0,7.994152587862683,False,False,,,TARGET,1.0
SURROUNDING_EXPLORATORY_RELEASE,event_840140001_1420734600_13361,840140001,13361,US,USD,Initial Jobless Claims,Initial Jobless Claims,2015.01.03 00:00:00,18692,0,CALENDAR_TIMEMODE_DATETIME,False,trade_server_time,CALENDAR_UNIT_NONE,0,CALENDAR_MULTIPLIER_THOUSANDS,False,,,,1420734600,2015.01.08 16:30:00,297,298,,-1,Short,True,,1420736400,2015.01.08 17:00:00,1800,1.17973,0.0019195140632218277,1.0,1.0,240,1.1816495140632217,1.1778104859367782,TARGET,1,2015.01.08 17:00:00,1,1.0,19.195140632218276,False,False,,,TARGET,1.0
SURROUNDING_EXPLORATORY_RELEASE,event_840020010_1421253000_5414,840020010,5414,US,USD,Retail Sales m/m,Retail Sales m/m,2014.12.01 00:00:00,3275,0,CALENDAR_TIMEMODE_DATETIME,False,trade_server_time,CALENDAR_UNIT_PERCENT,1,CALENDAR_MULTIPLIER_NONE,False,,,,1421253000,2015.01.14 16:30:00,-0.9,0.4,0.7,-1.3,Long,True,,1421254800,2015.01.14 17:00:00,1800,1.179,0.0026039700710069427,1.0,1.0,240,1.176396029928993,1.181603970071007,STOP,16,2015.01.15 08:00:00,16,-1.0,-26.039700710069425,False,False,,,STOP,-1.0
SURROUNDING_EXPLORATORY_RELEASE,event_840030001_1421339400_14055,840030001,14055,US,USD,PPI m/m,PPI m/m,2014.12.01 00:00:00,6074,0,CALENDAR_TIMEMODE_DATETIME,False,trade_server_time,CALENDAR_UNIT_PERCENT,1,CALENDAR_MULTIPLIER_NONE,False,,,,1421339400,2015.01.15 16:30:00,-0.3,-0.2,,-0.1,Long,True,,1421341200,2015.01.15 17:00:00,1800,1.16305,0.004068896345209484,1.0,1.0,240,1.1589811036547903,1.1671188963452095,STOP,1,2015.01.15 17:00:00,1,-1.0,-40.68896345209484,False,False,,,STOP,-1.0
SURROUNDING_EXPLORATORY_RELEASE,event_840140001_1421339400_13362,840140001,13362,US,USD,Initial Jobless Claims,Initial Jobless Claims,2015.01.10 00:00:00,18693,0,CALENDAR_TIMEMODE_DATETIME,False,trade_server_time,CALENDAR_UNIT_NONE,0,CALENDAR_MULTIPLIER_THOUSANDS,False,,,,1421339400,2015.01.15 16:30:00,317,297,294,20,Long,True,,1421341200,2015.01.15 17:00:00,1800,1.16305,0.004068896345209484,1.0,1.0,240,1.1589811036547903,1.1671188963452095,STOP,1,2015.01.15 17:00:00,1,-1.0,-40.68896345209484,False,False,,,STOP,-1.0
SURROUNDING_EXPLORATORY_RELEASE,event_840140001_1421944200_13363,840140001,13363,US,USD,Initial Jobless Claims,Initial Jobless Claims,2015.01.17 00:00:00,18694,0,CALENDAR_TIMEMODE_DATETIME,False,trade_server_time,CALENDAR_UNIT_NONE,0,CALENDAR_MULTIPLIER_THOUSANDS,False,,,,1421944200,2015.01.22 16:30:00,308,317,316,-9,Short,True,,1421946000,2015.01.22 17:00:00,1800,1.1463,0.0032189000030555226,1.0,1.0,240,1.1495189000030557,1.1430810999969445,TARGET,1,2015.01.22 17:00:00,1,1.0,32.18900003055523,False,False,,,TARGET,1.0
SURROUNDING_EXPLORATORY_RELEASE,event_840140001_1422549000_13364,840140001,13364,US,USD,Initial Jobless Claims,Initial Jobless Claims,2015.01.24 00:00:00,18695,0,CALENDAR_TIMEMODE_DATETIME,False,trade_server_time,CALENDAR_UNIT_NONE,0,CALENDAR_MULTIPLIER_THOUSANDS,False,,,,1422549000,2015.01.29 16:30:00,267,308,307,-41,Short,True,,1422550800,2015.01.29 17:00:00,1800,1.13365,0.002477418367476076,1.0,1.0,240,1.136127418367476,1.131172581632524,STOP,1,2015.01.29 17:00:00,1,-1.0,-24.774183674760756,False,False,,,STOP,-1.0
SURROUNDING_EXPLORATORY_RELEASE,event_840030001_1424277000_14056,840030001,14056,US,USD,PPI m/m,PPI m/m,2015.01.01 00:00:00,6075,0,CALENDAR_TIMEMODE_DATETIME,False,trade_server_time,CALENDAR_UNIT_PERCENT,1,CALENDAR_MULTIPLIER_NONE,False,,,,1424277000,2015.02.18 16:30:00,-0.8,-0.3,,-0.5,Long,True,,1424278800,2015.02.18 17:00:00,1800,1.13558,0.0017448342280899187,1.0,1.0,240,1.1338351657719101,1.13732483422809,STOP,2,2015.02.18 18:00:00,2,-1.0,-17.448342280899187,False,False,,,STOP,-1.0
SURROUNDING_EXPLORATORY_RELEASE,event_840140001_1424363400_13367,840140001,13367,US,USD,Initial Jobless Claims,Initial Jobless Claims,2015.02.14 00:00:00,18698,0,CALENDAR_TIMEMODE_DATETIME,False,trade_server_time,CALENDAR_UNIT_NONE,0,CALENDAR_MULTIPLIER_THOUSANDS,False,,,,1424363400,2015.02.19 16:30:00,282,304,,-22,Short,True,,1424365200,2015.02.19 17:00:00,1800,1.13732,0.0021918932206516644,1.0,1.0,240,1.1395118932206518,1.1351281067793484,STOP,1,2015.02.19 17:00:00,1,-1.0,-21.918932206516644,False,False,,,STOP,-1.0
SURROUNDING_EXPLORATORY_RELEASE,event_840140001_1424968200_13368,840140001,13368,US,USD,Initial Jobless Claims,Initial Jobless Claims,2015.02.21 00:00:00,18699,0,CALENDAR_TIMEMODE_DATETIME,False,trade_server_time,CALENDAR_UNIT_NONE,0,CALENDAR_MULTIPLIER_THOUSANDS,False,,,,1424968200,2015.02.26 16:30:00,313,282,283,31,Long,True,,1424970000,2015.02.26 17:00:00,1800,1.1225,0.0019928152251525648,1.0,1.0,240,1.1205071847748476,1.1244928152251525,STOP,1,2015.02.26 17:00:00,1,-1.0,-19.928152251525646,False,False,,,STOP,-1.0
SURROUNDING_EXPLORATORY_RELEASE,event_840140001_1425573000_13369,840140001,13369,US,USD,Initial Jobless Claims,Initial Jobless Claims,2015.02.28 00:00:00,18700,0,CALENDAR_TIMEMODE_DATETIME,False,trade_server_time,CALENDAR_UNIT_NONE,0,CALENDAR_MULTIPLIER_THOUSANDS,False,,,,1425573000,2015.03.05 16:30:00,320,313,,7,Long,True,,1425574800,2015.03.05 17:00:00,1800,1.10294,0.0020138290302324307,1.0,1.0,240,1.1009261709697675,1.1049538290302325,TARGET,1,2015.03.05 17:00:00,1,1.0,20.138290302324307,False,False,,,TARGET,1.0
SURROUNDING_EXPLORATORY_RELEASE,event_840020010_1426174200_5416,840020010,5416,US,USD,Retail Sales m/m,Retail Sales m/m,2015.02.01 00:00:00,3277,0,CALENDAR_TIMEMODE_DATETIME,False,trade_server_time,CALENDAR_UNIT_PERCENT,1,CALENDAR_MULTIPLIER_NONE,False,,,,1426174200,2015.03.12 15:30:00,-0.5,-0.8,,0.3,Short,True,,1426176000,2015.03.12 16:00:00,1800,1.06136,0.0036182236946061463,1.0,1.0,240,1.0649782236946062,1.057741776305394,TARGET,17,2015.03.13 08:00:00,17,1.0,36.18223694606146,False,False,,,TARGET,1.0
SURROUNDING_EXPLORATORY_RELEASE,event_840140001_1426174200_13370,840140001,13370,US,USD,Initial Jobless Claims,Initial Jobless Claims,2015.03.07 00:00:00,18701,0,CALENDAR_TIMEMODE_DATETIME,False,trade_server_time,CALENDAR_UNIT_NONE,0,CALENDAR_MULTIPLIER_THOUSANDS,False,,,,1426174200,2015.03.12 15:30:00,290,320,320,-30,Short,True,,1426176000,2015.03.12 16:00:00,1800,1.06136,0.0036182236946061463,1.0,1.0,240,1.0649782236946062,1.057741776305394,TARGET,17,2015.03.13 08:00:00,17,1.0,36.18223694606146,False,False,,,TARGET,1.0
SURROUNDING_EXPLORATORY_RELEASE,event_840030001_1426260600_14057,840030001,14057,US,USD,PPI m/m,PPI m/m,2015.02.01 00:00:00,6076,0,CALENDAR_TIMEMODE_DATETIME,False,trade_server_time,CALENDAR_UNIT_PERCENT,1,CALENDAR_MULTIPLIER_NONE,False,,,,1426260600,2015.03.13 15:30:00,-0.5,-0.8,,0.3,Short,True,,1426262400,2015.03.13 16:00:00,1800,1.05335,0.0026695328759197405,1.0,1.0,240,1.0560195328759197,1.0506804671240804,TARGET,1,2015.03.13 16:00:00,1,1.0,26.695328759197402,False,False,,,TARGET,1.0
SURROUNDING_EXPLORATORY_RELEASE,event_840140001_1426779000_13371,840140001,13371,US,USD,Initial Jobless Claims,Initial Jobless Claims,2015.03.14 00:00:00,18702,0,CALENDAR_TIMEMODE_DATETIME,False,trade_server_time,CALENDAR_UNIT_NONE,0,CALENDAR_MULTIPLIER_THOUSANDS,False,,,,1426779000,2015.03.19 15:30:00,291,290,289,1,Long,True,,1426780800,2015.03.19 16:00:00,1800,1.06558,0.00518541859447535,1.0,1.0,240,1.0603945814055247,1.0707654185944753,TARGET,22,2015.03.20 13:00:00,22,1.0,51.854185944753496,False,False,,,TARGET,1.0
SURROUNDING_EXPLORATORY_RELEASE,event_840140001_1427383800_13372,840140001,13372,US,USD,Initial Jobless Claims,Initial Jobless Claims,2015.03.21 00:00:00,18703,0,CALENDAR_TIMEMODE_DATETIME,False,trade_server_time,CALENDAR_UNIT_NONE,0,CALENDAR_MULTIPLIER_THOUSANDS,False,,,,1427383800,2015.03.26 15:30:00,288,291,,-3,Short,True,,1427385600,2015.03.26 16:00:00,1800,1.09589,0.002668537021998286,1.0,1.0,240,1.0985585370219983,1.0932214629780017,TARGET,1,2015.03.26 16:00:00,1,1.0,26.685370219982858,False,False,,,TARGET,1.0
SURROUNDING_EXPLORATORY_RELEASE,event_840140001_1427988600_13373,840140001,13373,US,USD,Initial Jobless Claims,Initial Jobless Claims,2015.03.28 00:00:00,18704,0,CALENDAR_TIMEMODE_DATETIME,False,trade_server_time,CALENDAR_UNIT_NONE,0,CALENDAR_MULTIPLIER_THOUSANDS,False,,,,1427988600,2015.04.02 15:30:00,267,288,282,-21,Short,True,,1427990400,2015.04.02 16:00:00,1800,1.08469,0.0021613313501698587,1.0,1.0,240,1.0868513313501698,1.08252866864983,STOP,1,2015.04.02 16:00:00,1,-1.0,-21.613313501698585,False,False,,,STOP,-1.0
SURROUNDING_EXPLORATORY_RELEASE,event_840140001_1428593400_13374,840140001,13374,US,USD,Initial Jobless Claims,Initial Jobless Claims,2015.04.04 00:00:00,18705,0,CALENDAR_TIMEMODE_DATETIME,False,trade_server_time,CALENDAR_UNIT_NONE,0,CALENDAR_MULTIPLIER_THOUSANDS,False,,,,1428593400,2015.04.09 15:30:00,282,267,268,15,Long,True,,1428595200,2015.04.09 16:00:00,1800,1.07425,0.002356775143683175,1.0,1.0,240,1.0718932248563167,1.0766067751436832,STOP,1,2015.04.09 16:00:00,1,-1.0,-23.56775143683175,False,False,,,STOP,-1.0
SURROUNDING_EXPLORATORY_RELEASE,event_840020010_1429025400_5417,840020010,5417,US,USD,Retail Sales m/m,Retail Sales m/m,2015.03.01 00:00:00,3278,0,CALENDAR_TIMEMODE_DATETIME,False,trade_server_time,CALENDAR_UNIT_PERCENT,1,CALENDAR_MULTIPLIER_NONE,False,,,,1429025400,2015.04.14 15:30:00,0.9,-0.5,-0.6,1.4,Short,True,,1429027200,2015.04.14 16:00:00,1800,1.06365,0.0022032309892689784,1.0,1.0,240,1.065853230989269,1.061446769010731,STOP,1,2015.04.14 16:00:00,1,-1.0,-22.03230989268978,False,False,,,STOP,-1.0
SURROUNDING_EXPLORATORY_RELEASE,event_840030001_1429025400_14058,840030001,14058,US,USD,PPI m/m,PPI m/m,2015.03.01 00:00:00,6077,0,CALENDAR_TIMEMODE_DATETIME,False,trade_server_time,CALENDAR_UNIT_PERCENT,1,CALENDAR_MULTIPLIER_NONE,False,,,,1429025400,2015.04.14 15:30:00,0.2,-0.5,,0.7,Short,True,,1429027200,2015.04.14 16:00:00,1800,1.06365,0.0022032309892689784,1.0,1.0,240,1.065853230989269,1.061446769010731,STOP,1,2015.04.14 16:00:00,1,-1.0,-22.03230989268978,False,False,,,STOP,-1.0
SURROUNDING_EXPLORATORY_RELEASE,event_840140001_1429198200_13375,840140001,13375,US,USD,Initial Jobless Claims,Initial Jobless Claims,2015.04.11 00:00:00,18706,0,CALENDAR_TIMEMODE_DATETIME,False,trade_server_time,CALENDAR_UNIT_NONE,0,CALENDAR_MULTIPLIER_THOUSANDS,False,,,,1429198200,2015.04.16 15:30:00,294,282,281,12,Long,True,,1429200000,2015.04.16 16:00:00,1800,1.07402,0.0033692262787112094,1.0,1.0,240,1.0706507737212887,1.0773892262787113,STOP,2,2015.04.16 17:00:00,2,-1.0,-33.69226278711209,False,False,,,STOP,-1.0
SURROUNDING_EXPLORATORY_RELEASE,event_840140001_1429803000_13376,840140001,13376,US,USD,Initial Jobless Claims,Initial Jobless Claims,2015.04.18 00:00:00,18707,0,CALENDAR_TIMEMODE_DATETIME,False,trade_server_time,CALENDAR_UNIT_NONE,0,CALENDAR_MULTIPLIER_THOUSANDS,False,,,,1429803000,2015.04.23 15:30:00,295,294,,1,Long,True,,1429804800,2015.04.23 16:00:00,1800,1.07618,0.0024432974667125346,1.0,1.0,240,1.0737367025332873,1.0786232974667125,STOP,1,2015.04.23 16:00:00,1,-1.0,-24.432974667125343,False,False,,,STOP,-1.0
SURROUNDING_EXPLORATORY_RELEASE,event_840140001_1430407800_13377,840140001,13377,US,USD,Initial Jobless Claims,Initial Jobless Claims,2015.04.25 00:00:00,18708,0,CALENDAR_TIMEMODE_DATETIME,False,trade_server_time,CALENDAR_UNIT_NONE,0,CALENDAR_MULTIPLIER_THOUSANDS,False,,,,1430407800,2015.04.30 15:30:00,262,295,296,-33,Short,True,,1430409600,2015.04.30 16:00:00,1800,1.11627,0.0036342984094476093,1.0,1.0,240,1.1199042984094476,1.1126357015905526,TARGET,1,2015.04.30 16:00:00,1,1.0,36.342984094476094,False,False,,,TARGET,1.0
SURROUNDING_EXPLORATORY_RELEASE,event_840020010_1431531000_5418,840020010,5418,US,USD,Retail Sales m/m,Retail Sales m/m,2015.04.01 00:00:00,3279,0,CALENDAR_TIMEMODE_DATETIME,False,trade_server_time,CALENDAR_UNIT_PERCENT,1,CALENDAR_MULTIPLIER_NONE,False,,,,1431531000,2015.05.13 15:30:00,0.0,0.9,1.1,-0.9,Long,True,,1431532800,2015.05.13 16:00:00,1800,1.13072,0.002305044974290444,1.0,1.0,240,1.1284149550257094,1.1330250449742905,TARGET,1,2015.05.13 16:00:00,1,1.0,23.050449742904437,False,False,,,TARGET,1.0
SURROUNDING_EXPLORATORY_RELEASE,event_840030001_1431617400_14059,840030001,14059,US,USD,PPI m/m,PPI m/m,2015.04.01 00:00:00,6078,0,CALENDAR_TIMEMODE_DATETIME,False,trade_server_time,CALENDAR_UNIT_PERCENT,1,CALENDAR_MULTIPLIER_NONE,False,,,,1431617400,2015.05.14 15:30:00,-0.4,0.2,,-0.6,Long,True,,1431619200,2015.05.14 16:00:00,1800,1.1412,0.002821949592480956,1.0,1.0,240,1.138378050407519,1.144021949592481,STOP,2,2015.05.14 17:00:00,2,-1.0,-28.21949592480956,False,False,,,STOP,-1.0
SURROUNDING_EXPLORATORY_RELEASE,event_840140001_1431617400_13379,840140001,13379,US,USD,Initial Jobless Claims,Initial Jobless Claims,2015.05.09 00:00:00,18710,0,CALENDAR_TIMEMODE_DATETIME,False,trade_server_time,CALENDAR_UNIT_NONE,0,CALENDAR_MULTIPLIER_THOUSANDS,False,,,,1431617400,2015.05.14 15:30:00,264,265,,-1,Short,True,,1431619200,2015.05.14 16:00:00,1800,1.1412,0.002821949592480956,1.0,1.0,240,1.144021949592481,1.138378050407519,TARGET,2,2015.05.14 17:00:00,2,1.0,28.21949592480956,False,False,,,TARGET,1.0
SURROUNDING_EXPLORATORY_RELEASE,event_840140001_1432222200_13380,840140001,13380,US,USD,Initial Jobless Claims,Initial Jobless Claims,2015.05.16 00:00:00,18711,0,CALENDAR_TIMEMODE_DATETIME,False,trade_server_time,CALENDAR_UNIT_NONE,0,CALENDAR_MULTIPLIER_THOUSANDS,False,,,,1432222200,2015.05.21 15:30:00,274,264,,10,Long,True,,1432224000,2015.05.21 16:00:00,1800,1.11128,0.0027584021832064267,1.0,1.0,240,1.1085215978167937,1.1140384021832064,TARGET,2,2015.05.21 17:00:00,2,1.0,27.584021832064266,False,False,,,TARGET,1.0
SURROUNDING_EXPLORATORY_RELEASE,event_840140001_1432827000_13381,840140001,13381,US,USD,Initial Jobless Claims,Initial Jobless Claims,2015.05.23 00:00:00,18712,0,CALENDAR_TIMEMODE_DATETIME,False,trade_server_time,CALENDAR_UNIT_NONE,0,CALENDAR_MULTIPLIER_THOUSANDS,False,,,,1432827000,2015.05.28 15:30:00,282,274,275,8,Long,True,,1432828800,2015.05.28 16:00:00,1800,1.08984,0.002575934810760279,1.0,1.0,240,1.0872640651892396,1.0924159348107603,STOP,1,2015.05.28 16:00:00,1,-1.0,-25.75934810760279,False,False,,,STOP,-1.0
SURROUNDING_EXPLORATORY_RELEASE,event_840140001_1433431800_13382,840140001,13382,US,USD,Initial Jobless Claims,Initial Jobless Claims,2015.05.30 00:00:00,18713,0,CALENDAR_TIMEMODE_DATETIME,False,trade_server_time,CALENDAR_UNIT_NONE,0,CALENDAR_MULTIPLIER_THOUSANDS,False,,,,1433431800,2015.06.04 15:30:00,276,282,284,-6,Short,True,,1433433600,2015.06.04 16:00:00,1800,1.12936,0.003089135259844561,1.0,1.0,240,1.1324491352598445,1.1262708647401554,TARGET,1,2015.06.04 16:00:00,1,1.0,30.891352598445607,False,False,,,TARGET,1.0
SURROUNDING_EXPLORATORY_RELEASE,event_840020010_1434036600_5419,840020010,5419,US,USD,Retail Sales m/m,Retail Sales m/m,2015.05.01 00:00:00,3280,0,CALENDAR_TIMEMODE_DATETIME,False,trade_server_time,CALENDAR_UNIT_PERCENT,1,CALENDAR_MULTIPLIER_NONE,False,,,,1434036600,2015.06.11 15:30:00,1.2,0.0,0.2,1.2,Short,True,,1434038400,2015.06.11 16:00:00,1800,1.12525,0.002698312425561068,1.0,1.0,240,1.1279483124255612,1.122551687574439,TARGET,1,2015.06.11 16:00:00,1,1.0,26.98312425561068,False,False,,,TARGET,1.0
SURROUNDING_EXPLORATORY_RELEASE,event_840140001_1434036600_13383,840140001,13383,US,USD,Initial Jobless Claims,Initial Jobless Claims,2015.06.06 00:00:00,18714,0,CALENDAR_TIMEMODE_DATETIME,False,trade_server_time,CALENDAR_UNIT_NONE,0,CALENDAR_MULTIPLIER_THOUSANDS,False,,,,1434036600,2015.06.11 15:30:00,279,276,,3,Long,True,,1434038400,2015.06.11 16:00:00,1800,1.12525,0.002698312425561068,1.0,1.0,240,1.122551687574439,1.1279483124255612,STOP,1,2015.06.11 16:00:00,1,-1.0,-26.98312425561068,False,False,,,STOP,-1.0
SURROUNDING_EXPLORATORY_RELEASE,event_840030001_1434123000_14060,840030001,14060,US,USD,PPI m/m,PPI m/m,2015.05.01 00:00:00,6079,0,CALENDAR_TIMEMODE_DATETIME,False,trade_server_time,CALENDAR_UNIT_PERCENT,1,CALENDAR_MULTIPLIER_NONE,False,,,,1434123000,2015.06.12 15:30:00,0.5,-0.4,,0.9,Short,True,,1434124800,2015.06.12 16:00:00,1800,1.12243,0.0028451440239668662,1.0,1.0,240,1.125275144023967,1.119584855976033,STOP,2,2015.06.12 17:00:00,2,-1.0,-28.45144023966866,False,False,,,STOP,-1.0
SURROUNDING_EXPLORATORY_RELEASE,event_840140001_1434641400_13384,840140001,13384,US,USD,Initial Jobless Claims,Initial Jobless Claims,2015.06.13 00:00:00,18715,0,CALENDAR_TIMEMODE_DATETIME,False,trade_server_time,CALENDAR_UNIT_NONE,0,CALENDAR_MULTIPLIER_THOUSANDS,False,,,,1434641400,2015.06.18 15:30:00,267,279,,-12,Short,True,,1434643200,2015.06.18 16:00:00,1800,1.13928,0.002600331451558378,1.0,1.0,240,1.1418803314515584,1.1366796685484417,STOP,3,2015.06.18 18:00:00,3,-1.0,-26.003314515583778,False,False,,,STOP,-1.0
SURROUNDING_EXPLORATORY_RELEASE,event_840140001_1435246200_13385,840140001,13385,US,USD,Initial Jobless Claims,Initial Jobless Claims,2015.06.20 00:00:00,18716,0,CALENDAR_TIMEMODE_DATETIME,False,trade_server_time,CALENDAR_UNIT_NONE,0,CALENDAR_MULTIPLIER_THOUSANDS,False,,,,1435246200,2015.06.25 15:30:00,271,267,268,4,Long,True,,1435248000,2015.06.25 16:00:00,1800,1.12037,0.002576213989965307,1.0,1.0,240,1.1177937860100349,1.1229462139899653,STOP,24,2015.06.26 15:00:00,24,-1.0,-25.76213989965307,False,False,,,STOP,-1.0
SURROUNDING_EXPLORATORY_RELEASE,event_840140001_1435851000_13386,840140001,13386,US,USD,Initial Jobless Claims,Initial Jobless Claims,2015.06.27 00:00:00,18717,0,CALENDAR_TIMEMODE_DATETIME,False,trade_server_time,CALENDAR_UNIT_NONE,0,CALENDAR_MULTIPLIER_THOUSANDS,False,,,,1435851000,2015.07.02 15:30:00,281,271,,10,Long,True,,1435852800,2015.07.02 16:00:00,1800,1.1094,0.002035006586960091,1.0,1.0,240,1.1073649934130398,1.11143500658696,TARGET,20,2015.07.03 11:00:00,20,1.0,20.350065869600908,False,False,,,TARGET,1.0
SURROUNDING_EXPLORATORY_RELEASE,event_840140001_1436455800_13387,840140001,13387,US,USD,Initial Jobless Claims,Initial Jobless Claims,2015.07.04 00:00:00,18718,0,CALENDAR_TIMEMODE_DATETIME,False,trade_server_time,CALENDAR_UNIT_NONE,0,CALENDAR_MULTIPLIER_THOUSANDS,False,,,,1436455800,2015.07.09 15:30:00,297,281,282,16,Long,True,,1436457600,2015.07.09 16:00:00,1800,1.10348,0.0025047231914384752,1.0,1.0,240,1.1009752768085614,1.1059847231914386,TARGET,1,2015.07.09 16:00:00,1,1.0,25.047231914384753,False,False,,,TARGET,1.0
SURROUNDING_EXPLORATORY_RELEASE,event_840020010_1436887800_5420,840020010,5420,US,USD,Retail Sales m/m,Retail Sales m/m,2015.06.01 00:00:00,3281,0,CALENDAR_TIMEMODE_DATETIME,False,trade_server_time,CALENDAR_UNIT_PERCENT,1,CALENDAR_MULTIPLIER_NONE,False,,,,1436887800,2015.07.14 15:30:00,-0.3,1.2,1.0,-1.5,Long,True,,1436889600,2015.07.14 16:00:00,1800,1.10539,0.002468620733975768,1.0,1.0,240,1.1029213792660244,1.1078586207339758,STOP,2,2015.07.14 17:00:00,2,-1.0,-24.68620733975768,False,False,,,STOP,-1.0
SURROUNDING_EXPLORATORY_RELEASE,event_840030001_1436974200_14061,840030001,14061,US,USD,PPI m/m,PPI m/m,2015.06.01 00:00:00,6080,0,CALENDAR_TIMEMODE_DATETIME,False,trade_server_time,CALENDAR_UNIT_PERCENT,1,CALENDAR_MULTIPLIER_NONE,False,,,,1436974200,2015.07.15 15:30:00,0.4,0.5,,-0.1,Long,True,,1436976000,2015.07.15 16:00:00,1800,1.09727,0.001864753015591409,1.0,1.0,240,1.0954052469844087,1.0991347530155913,STOP,1,2015.07.15 16:00:00,1,-1.0,-18.64753015591409,False,False,,,STOP,-1.0
SURROUNDING_EXPLORATORY_RELEASE,event_840140001_1437060600_13388,840140001,13388,US,USD,Initial Jobless Claims,Initial Jobless Claims,2015.07.11 00:00:00,18719,0,CALENDAR_TIMEMODE_DATETIME,False,trade_server_time,CALENDAR_UNIT_NONE,0,CALENDAR_MULTIPLIER_THOUSANDS,False,,,,1437060600,2015.07.16 15:30:00,281,297,296,-16,Short,True,,1437062400,2015.07.16 16:00:00,1800,1.08561,0.0020759912146550543,1.0,1.0,240,1.087685991214655,1.083534008785345,STOP,1,2015.07.16 16:00:00,1,-1.0,-20.75991214655054,False,False,,,STOP,-1.0
SURROUNDING_EXPLORATORY_RELEASE,event_840140001_1437665400_13389,840140001,13389,US,USD,Initial Jobless Claims,Initial Jobless Claims,2015.07.18 00:00:00,18720,0,CALENDAR_TIMEMODE_DATETIME,False,trade_server_time,CALENDAR_UNIT_NONE,0,CALENDAR_MULTIPLIER_THOUSANDS,False,,,,1437665400,2015.07.23 15:30:00,255,281,,-26,Short,True,,1437667200,2015.07.23 16:00:00,1800,1.09645,0.001980805440717159,1.0,1.0,240,1.098430805440717,1.0944691945592828,STOP,1,2015.07.23 16:00:00,1,-1.0,-19.80805440717159,False,False,,,STOP,-1.0
SURROUNDING_EXPLORATORY_RELEASE,event_840140001_1438270200_13390,840140001,13390,US,USD,Initial Jobless Claims,Initial Jobless Claims,2015.07.25 00:00:00,18721,0,CALENDAR_TIMEMODE_DATETIME,False,trade_server_time,CALENDAR_UNIT_NONE,0,CALENDAR_MULTIPLIER_THOUSANDS,False,,,,1438270200,2015.07.30 15:30:00,267,255,,12,Long,True,,1438272000,2015.07.30 16:00:00,1800,1.09523,0.0018335982218650735,1.0,1.0,240,1.0933964017781348,1.097063598221865,STOP,1,2015.07.30 16:00:00,1,-1.0,-18.335982218650734,False,False,,,STOP,-1.0
SURROUNDING_EXPLORATORY_RELEASE,event_840140001_1438875000_13391,840140001,13391,US,USD,Initial Jobless Claims,Initial Jobless Claims,2015.08.01 00:00:00,18722,0,CALENDAR_TIMEMODE_DATETIME,False,trade_server_time,CALENDAR_UNIT_NONE,0,CALENDAR_MULTIPLIER_THOUSANDS,False,,,,1438875000,2015.08.06 15:30:00,270,267,,3,Long,True,,1438876800,2015.08.06 16:00:00,1800,1.08831,0.0019050715552945384,1.0,1.0,240,1.0864049284447055,1.0902150715552947,TARGET,1,2015.08.06 16:00:00,1,1.0,19.050715552945384,False,False,,,TARGET,1.0
SURROUNDING_EXPLORATORY_RELEASE,event_840020010_1439479800_5421,840020010,5421,US,USD,Retail Sales m/m,Retail Sales m/m,2015.07.01 00:00:00,3282,0,CALENDAR_TIMEMODE_DATETIME,False,trade_server_time,CALENDAR_UNIT_PERCENT,1,CALENDAR_MULTIPLIER_NONE,False,,,,1439479800,2015.08.13 15:30:00,0.6,-0.3,,0.9,Short,True,,1439481600,2015.08.13 16:00:00,1800,1.10983,0.0019127978248159678,1.0,1.0,240,1.111742797824816,1.1079172021751842,STOP,1,2015.08.13 16:00:00,1,-1.0,-19.12797824815968,False,False,,,STOP,-1.0
SURROUNDING_EXPLORATORY_RELEASE,event_840140001_1439479800_13392,840140001,13392,US,USD,Initial Jobless Claims,Initial Jobless Claims,2015.08.08 00:00:00,18723,0,CALENDAR_TIMEMODE_DATETIME,False,trade_server_time,CALENDAR_UNIT_NONE,0,CALENDAR_MULTIPLIER_THOUSANDS,False,,,,1439479800,2015.08.13 15:30:00,274,270,269,4,Long,True,,1439481600,2015.08.13 16:00:00,1800,1.10983,0.0019127978248159678,1.0,1.0,240,1.1079172021751842,1.111742797824816,TARGET,1,2015.08.13 16:00:00,1,1.0,19.12797824815968,False,False,,,TARGET,1.0
SURROUNDING_EXPLORATORY_RELEASE,event_840030001_1439566200_14062,840030001,14062,US,USD,PPI m/m,PPI m/m,2015.07.01 00:00:00,6081,0,CALENDAR_TIMEMODE_DATETIME,False,trade_server_time,CALENDAR_UNIT_PERCENT,1,CALENDAR_MULTIPLIER_NONE,False,,,,1439566200,2015.08.14 15:30:00,0.2,0.4,,-0.2,Long,True,,1439568000,2015.08.14 16:00:00,1800,1.11529,0.0019575597328393055,1.0,1.0,240,1.1133324402671605,1.1172475597328393,STOP,1,2015.08.14 16:00:00,1,-1.0,-19.575597328393055,False,False,,,STOP,-1.0
SURROUNDING_EXPLORATORY_RELEASE,event_840140001_1440084600_13393,840140001,13393,US,USD,Initial Jobless Claims,Initial Jobless Claims,2015.08.15 00:00:00,18724,0,CALENDAR_TIMEMODE_DATETIME,False,trade_server_time,CALENDAR_UNIT_NONE,0,CALENDAR_MULTIPLIER_THOUSANDS,False,,,,1440084600,2015.08.20 15:30:00,277,274,273,3,Long,True,,1440086400,2015.08.20 16:00:00,1800,1.1155,0.002058920249614031,1.0,1.0,240,1.113441079750386,1.117558920249614,TARGET,2,2015.08.20 17:00:00,2,1.0,20.58920249614031,False,False,,,TARGET,1.0
SURROUNDING_EXPLORATORY_RELEASE,event_840140001_1440689400_13394,840140001,13394,US,USD,Initial Jobless Claims,Initial Jobless Claims,2015.08.22 00:00:00,18725,0,CALENDAR_TIMEMODE_DATETIME,False,trade_server_time,CALENDAR_UNIT_NONE,0,CALENDAR_MULTIPLIER_THOUSANDS,False,,,,1440689400,2015.08.27 15:30:00,271,277,,-6,Short,True,,1440691200,2015.08.27 16:00:00,1800,1.12433,0.002715193352564573,1.0,1.0,240,1.1270451933525647,1.1216148066474354,TARGET,2,2015.08.27 17:00:00,2,1.0,27.151933525645727,False,False,,,TARGET,1.0
SURROUNDING_EXPLORATORY_RELEASE,event_840140001_1441294200_13395,840140001,13395,US,USD,Initial Jobless Claims,Initial Jobless Claims,2015.08.29 00:00:00,18726,0,CALENDAR_TIMEMODE_DATETIME,False,trade_server_time,CALENDAR_UNIT_NONE,0,CALENDAR_MULTIPLIER_THOUSANDS,False,,,,1441294200,2015.09.03 15:30:00,282,271,270,11,Long,True,,1441296000,2015.09.03 16:00:00,1800,1.11188,0.0016645025639186585,1.0,1.0,240,1.1102154974360814,1.1135445025639186,TARGET,1,2015.09.03 16:00:00,1,1.0,16.645025639186585,False,False,,,TARGET,1.0
SURROUNDING_EXPLORATORY_RELEASE,event_840140001_1441899000_13396,840140001,13396,US,USD,Initial Jobless Claims,Initial Jobless Claims,2015.09.05 00:00:00,18727,0,CALENDAR_TIMEMODE_DATETIME,False,trade_server_time,CALENDAR_UNIT_NONE,0,CALENDAR_MULTIPLIER_THOUSANDS,False,,,,1441899000,2015.09.10 15:30:00,275,282,281,-7,Short,True,,1441900800,2015.09.10 16:00:00,1800,1.12109,0.002193669002889855,1.0,1.0,240,1.1232836690028898,1.11889633099711,STOP,3,2015.09.10 18:00:00,3,-1.0,-21.93669002889855,False,False,,,STOP,-1.0
SURROUNDING_EXPLORATORY_RELEASE,event_840030001_1441985400_14063,840030001,14063,US,USD,PPI m/m,PPI m/m,2015.08.01 00:00:00,6082,0,CALENDAR_TIMEMODE_DATETIME,False,trade_server_time,CALENDAR_UNIT_PERCENT,1,CALENDAR_MULTIPLIER_NONE,False,,,,1441985400,2015.09.11 15:30:00,0.0,0.2,,-0.2,Long,True,,1441987200,2015.09.11 16:00:00,1800,1.12782,0.0019662885396002044,1.0,1.0,240,1.1258537114604,1.1297862885396002,TARGET,2,2015.09.11 17:00:00,2,1.0,19.662885396002043,False,False,,,TARGET,1.0
SURROUNDING_EXPLORATORY_RELEASE,event_840020010_1442331000_5422,840020010,5422,US,USD,Retail Sales m/m,Retail Sales m/m,2015.08.01 00:00:00,3283,0,CALENDAR_TIMEMODE_DATETIME,False,trade_server_time,CALENDAR_UNIT_PERCENT,1,CALENDAR_MULTIPLIER_NONE,False,,,,1442331000,2015.09.15 15:30:00,0.2,0.6,0.7,-0.4,Long,True,,1442332800,2015.09.15 16:00:00,1800,1.13038,0.0017354087450331863,1.0,1.0,240,1.1286445912549667,1.1321154087450331,STOP,2,2015.09.15 17:00:00,2,-1.0,-17.354087450331864,False,False,,,STOP,-1.0
SURROUNDING_EXPLORATORY_RELEASE,event_840140001_1442503800_13397,840140001,13397,US,USD,Initial Jobless Claims,Initial Jobless Claims,2015.09.12 00:00:00,18728,0,CALENDAR_TIMEMODE_DATETIME,False,trade_server_time,CALENDAR_UNIT_NONE,0,CALENDAR_MULTIPLIER_THOUSANDS,False,,,,1442503800,2015.09.17 15:30:00,264,275,,-11,Short,True,,1442505600,2015.09.17 16:00:00,1800,1.13276,0.0017156934007233331,1.0,1.0,240,1.1344756934007234,1.1310443065992766,TARGET,2,2015.09.17 17:00:00,2,1.0,17.156934007233332,False,False,,,TARGET,1.0
SURROUNDING_EXPLORATORY_RELEASE,event_840140001_1443108600_13398,840140001,13398,US,USD,Initial Jobless Claims,Initial Jobless Claims,2015.09.19 00:00:00,18729,0,CALENDAR_TIMEMODE_DATETIME,False,trade_server_time,CALENDAR_UNIT_NONE,0,CALENDAR_MULTIPLIER_THOUSANDS,False,,,,1443108600,2015.09.24 15:30:00,267,264,,3,Long,True,,1443110400,2015.09.24 16:00:00,1800,1.12509,0.002428671635946738,1.0,1.0,240,1.1226613283640532,1.1275186716359467,TARGET,2,2015.09.24 17:00:00,2,1.0,24.286716359467377,False,False,,,TARGET,1.0
SURROUNDING_EXPLORATORY_RELEASE,event_840140001_1444318200_13400,840140001,13400,US,USD,Initial Jobless Claims,Initial Jobless Claims,2015.10.03 00:00:00,18731,0,CALENDAR_TIMEMODE_DATETIME,False,trade_server_time,CALENDAR_UNIT_NONE,0,CALENDAR_MULTIPLIER_THOUSANDS,False,,,,1444318200,2015.10.08 15:30:00,263,277,276,-14,Short,True,,1444320000,2015.10.08 16:00:00,1800,1.12597,0.0017496435622083694,1.0,1.0,240,1.1277196435622083,1.1242203564377915,STOP,2,2015.10.08 17:00:00,2,-1.0,-17.496435622083695,False,False,,,STOP,-1.0
SURROUNDING_EXPLORATORY_RELEASE,event_840020010_1444836600_5423,840020010,5423,US,USD,Retail Sales m/m,Retail Sales m/m,2015.09.01 00:00:00,3284,0,CALENDAR_TIMEMODE_DATETIME,False,trade_server_time,CALENDAR_UNIT_PERCENT,1,CALENDAR_MULTIPLIER_NONE,False,,,,1444836600,2015.10.14 15:30:00,0.1,0.2,0.0,-0.1,Long,True,,1444838400,2015.10.14 16:00:00,1800,1.14425,0.00145077322014083,1.0,1.0,240,1.1427992267798592,1.1457007732201407,STOP,1,2015.10.14 16:00:00,1,-1.0,-14.5077322014083,False,False,,,STOP,-1.0
SURROUNDING_EXPLORATORY_RELEASE,event_840030001_1444836600_14064,840030001,14064,US,USD,PPI m/m,PPI m/m,2015.09.01 00:00:00,6083,0,CALENDAR_TIMEMODE_DATETIME,False,trade_server_time,CALENDAR_UNIT_PERCENT,1,CALENDAR_MULTIPLIER_NONE,False,,,,1444836600,2015.10.14 15:30:00,-0.5,0.0,,-0.5,Long,True,,1444838400,2015.10.14 16:00:00,1800,1.14425,0.00145077322014083,1.0,1.0,240,1.1427992267798592,1.1457007732201407,STOP,1,2015.10.14 16:00:00,1,-1.0,-14.5077322014083,False,False,,,STOP,-1.0
SURROUNDING_EXPLORATORY_RELEASE,event_840140001_1444923000_13401,840140001,13401,US,USD,Initial Jobless Claims,Initial Jobless Claims,2015.10.10 00:00:00,18732,0,CALENDAR_TIMEMODE_DATETIME,False,trade_server_time,CALENDAR_UNIT_NONE,0,CALENDAR_MULTIPLIER_THOUSANDS,False,,,,1444923000,2015.10.15 15:30:00,255,263,262,-8,Short,True,,1444924800,2015.10.15 16:00:00,1800,1.13825,0.0017807319427441553,1.0,1.0,240,1.140030731942744,1.136469268057256,TARGET,1,2015.10.15 16:00:00,1,1.0,17.807319427441552,False,False,,,TARGET,1.0
SURROUNDING_EXPLORATORY_RELEASE,event_840140001_1445527800_13402,840140001,13402,US,USD,Initial Jobless Claims,Initial Jobless Claims,2015.10.17 00:00:00,18733,0,CALENDAR_TIMEMODE_DATETIME,False,trade_server_time,CALENDAR_UNIT_NONE,0,CALENDAR_MULTIPLIER_THOUSANDS,False,,,,1445527800,2015.10.22 15:30:00,259,255,256,4,Long,True,,1445529600,2015.10.22 16:00:00,1800,1.11964,0.0013792960283220072,1.0,1.0,240,1.1182607039716779,1.121019296028322,STOP,1,2015.10.22 16:00:00,1,-1.0,-13.79296028322007,True,False,,,TARGET,1.0
SURROUNDING_EXPLORATORY_RELEASE,event_840140001_1446132600_13403,840140001,13403,US,USD,Initial Jobless Claims,Initial Jobless Claims,2015.10.24 00:00:00,18734,0,CALENDAR_TIMEMODE_DATETIME,False,trade_server_time,CALENDAR_UNIT_NONE,0,CALENDAR_MULTIPLIER_THOUSANDS,False,,,,1446132600,2015.10.29 15:30:00,260,259,,1,Long,True,,1446134400,2015.10.29 16:00:00,1800,1.09547,0.0022350360717724635,1.0,1.0,240,1.0932349639282275,1.0977050360717724,TARGET,2,2015.10.29 17:00:00,2,1.0,22.350360717724634,False,False,,,TARGET,1.0
SURROUNDING_EXPLORATORY_RELEASE,event_840140001_1446741000_13404,840140001,13404,US,USD,Initial Jobless Claims,Initial Jobless Claims,2015.10.31 00:00:00,18735,0,CALENDAR_TIMEMODE_DATETIME,False,trade_server_time,CALENDAR_UNIT_NONE,0,CALENDAR_MULTIPLIER_THOUSANDS,False,,,,1446741000,2015.11.05 16:30:00,276,260,,16,Long,True,,1446742800,2015.11.05 17:00:00,1800,1.0869,0.0019033846254791,1.0,1.0,240,1.084996615374521,1.088803384625479,TARGET,5,2015.11.05 21:00:00,5,1.0,19.033846254791,False,False,,,TARGET,1.0
SURROUNDING_EXPLORATORY_RELEASE,event_840140001_1447345800_13405,840140001,13405,US,USD,Initial Jobless Claims,Initial Jobless Claims,2015.11.07 00:00:00,18736,0,CALENDAR_TIMEMODE_DATETIME,False,trade_server_time,CALENDAR_UNIT_NONE,0,CALENDAR_MULTIPLIER_THOUSANDS,False,,,,1447345800,2015.11.12 16:30:00,276,276,,0,Flat,False,FLAT_DIRECTION,,,,,,,,,,,,,,,,,,,,,,
SURROUNDING_EXPLORATORY_RELEASE,event_840020010_1447432200_5424,840020010,5424,US,USD,Retail Sales m/m,Retail Sales m/m,2015.10.01 00:00:00,3285,0,CALENDAR_TIMEMODE_DATETIME,False,trade_server_time,CALENDAR_UNIT_PERCENT,1,CALENDAR_MULTIPLIER_NONE,False,,,,1447432200,2015.11.13 16:30:00,0.1,0.1,,0.0,Flat,False,FLAT_DIRECTION,,,,,,,,,,,,,,,,,,,,,,
SURROUNDING_EXPLORATORY_RELEASE,event_840030001_1447432200_14065,840030001,14065,US,USD,PPI m/m,PPI m/m,2015.10.01 00:00:00,6084,0,CALENDAR_TIMEMODE_DATETIME,False,trade_server_time,CALENDAR_UNIT_PERCENT,1,CALENDAR_MULTIPLIER_NONE,False,,,,1447432200,2015.11.13 16:30:00,-0.4,-0.5,,0.1,Short,True,,1447434000,2015.11.13 17:00:00,1800,1.07367,0.0023386529449325078,1.0,1.0,240,1.0760086529449324,1.0713313470550674,STOP,7,2015.11.13 23:00:00,7,-1.0,-23.386529449325078,False,False,,,STOP,-1.0
SURROUNDING_EXPLORATORY_RELEASE,event_840140001_1447950600_13406,840140001,13406,US,USD,Initial Jobless Claims,Initial Jobless Claims,2015.11.14 00:00:00,18737,0,CALENDAR_TIMEMODE_DATETIME,False,trade_server_time,CALENDAR_UNIT_NONE,0,CALENDAR_MULTIPLIER_THOUSANDS,False,,,,1447950600,2015.11.19 16:30:00,271,276,,-5,Short,True,,1447952400,2015.11.19 17:00:00,1800,1.07055,0.0019316932103417758,1.0,1.0,240,1.0724816932103416,1.0686183067896582,STOP,1,2015.11.19 17:00:00,1,-1.0,-19.31693210341776,False,False,,,STOP,-1.0
SURROUNDING_EXPLORATORY_RELEASE,event_840140001_1448469000_13407,840140001,13407,US,USD,Initial Jobless Claims,Initial Jobless Claims,2015.11.21 00:00:00,18738,0,CALENDAR_TIMEMODE_DATETIME,False,trade_server_time,CALENDAR_UNIT_NONE,0,CALENDAR_MULTIPLIER_THOUSANDS,False,,,,1448469000,2015.11.25 16:30:00,260,271,272,-11,Short,True,,1448470800,2015.11.25 17:00:00,1800,1.05792,0.002052250866989916,1.0,1.0,240,1.05997225086699,1.05586774913301,STOP,1,2015.11.25 17:00:00,1,-1.0,-20.522508669899157,False,False,,,STOP,-1.0
SURROUNDING_EXPLORATORY_RELEASE,event_840140001_1449160200_13408,840140001,13408,US,USD,Initial Jobless Claims,Initial Jobless Claims,2015.11.28 00:00:00,18739,0,CALENDAR_TIMEMODE_DATETIME,False,trade_server_time,CALENDAR_UNIT_NONE,0,CALENDAR_MULTIPLIER_THOUSANDS,False,,,,1449160200,2015.12.03 16:30:00,269,260,,9,Long,True,,1449162000,2015.12.03 17:00:00,1800,1.08101,0.004089804299920638,1.0,1.0,240,1.0769201957000794,1.0850998042999207,TARGET,1,2015.12.03 17:00:00,1,1.0,40.898042999206375,False,False,,,TARGET,1.0
SURROUNDING_EXPLORATORY_RELEASE,event_840140001_1449765000_13409,840140001,13409,US,USD,Initial Jobless Claims,Initial Jobless Claims,2015.12.05 00:00:00,18740,0,CALENDAR_TIMEMODE_DATETIME,False,trade_server_time,CALENDAR_UNIT_NONE,0,CALENDAR_MULTIPLIER_THOUSANDS,False,,,,1449765000,2015.12.10 16:30:00,282,269,,13,Long,True,,1449766800,2015.12.10 17:00:00,1800,1.0959,0.001897183809119037,1.0,1.0,240,1.094002816190881,1.0977971838091192,STOP,1,2015.12.10 17:00:00,1,-1.0,-18.971838091190367,False,False,,,STOP,-1.0
SURROUNDING_EXPLORATORY_RELEASE,event_840020010_1449851400_5425,840020010,5425,US,USD,Retail Sales m/m,Retail Sales m/m,2015.11.01 00:00:00,3286,0,CALENDAR_TIMEMODE_DATETIME,False,trade_server_time,CALENDAR_UNIT_PERCENT,1,CALENDAR_MULTIPLIER_NONE,False,,,,1449851400,2015.12.11 16:30:00,0.2,0.1,,0.1,Short,True,,1449853200,2015.12.11 17:00:00,1800,1.1006,0.001794898454241102,1.0,1.0,240,1.102394898454241,1.098805101545759,TARGET,1,2015.12.11 17:00:00,1,1.0,17.94898454241102,False,False,,,TARGET,1.0
SURROUNDING_EXPLORATORY_RELEASE,event_840030001_1449851400_14066,840030001,14066,US,USD,PPI m/m,PPI m/m,2015.11.01 00:00:00,6085,0,CALENDAR_TIMEMODE_DATETIME,False,trade_server_time,CALENDAR_UNIT_PERCENT,1,CALENDAR_MULTIPLIER_NONE,False,,,,1449851400,2015.12.11 16:30:00,0.3,-0.4,,0.7,Short,True,,1449853200,2015.12.11 17:00:00,1800,1.1006,0.001794898454241102,1.0,1.0,240,1.102394898454241,1.098805101545759,TARGET,1,2015.12.11 17:00:00,1,1.0,17.94898454241102,False,False,,,TARGET,1.0
SURROUNDING_EXPLORATORY_RELEASE,event_840140001_1450369800_13410,840140001,13410,US,USD,Initial Jobless Claims,Initial Jobless Claims,2015.12.12 00:00:00,18741,0,CALENDAR_TIMEMODE_DATETIME,False,trade_server_time,CALENDAR_UNIT_NONE,0,CALENDAR_MULTIPLIER_THOUSANDS,False,,,,1450369800,2015.12.17 16:30:00,271,282,,-11,Short,True,,1450371600,2015.12.17 17:00:00,1800,1.0843,0.0023255299724953757,1.0,1.0,240,1.0866255299724954,1.0819744700275047,STOP,1,2015.12.17 17:00:00,1,-1.0,-23.255299724953755,False,False,,,STOP,-1.0
SURROUNDING_EXPLORATORY_RELEASE,event_840140001_1450974600_13411,840140001,13411,US,USD,Initial Jobless Claims,Initial Jobless Claims,2015.12.19 00:00:00,18742,0,CALENDAR_TIMEMODE_DATETIME,False,trade_server_time,CALENDAR_UNIT_NONE,0,CALENDAR_MULTIPLIER_THOUSANDS,False,,,,1450974600,2015.12.24 16:30:00,267,271,272,-4,Short,True,,1450976400,2015.12.24 17:00:00,1800,1.09578,0.0014295202333735172,1.0,1.0,240,1.0972095202333736,1.0943504797666264,TARGET,1,2015.12.24 17:00:00,1,1.0,14.29520233373517,False,False,,,TARGET,1.0
SURROUNDING_EXPLORATORY_RELEASE,event_840140001_1452184200_13413,840140001,13413,US,USD,Initial Jobless Claims,Initial Jobless Claims,2016.01.02 00:00:00,18744,0,CALENDAR_TIMEMODE_DATETIME,False,trade_server_time,CALENDAR_UNIT_NONE,0,CALENDAR_MULTIPLIER_THOUSANDS,False,,,,1452184200,2016.01.07 16:30:00,277,287,,-10,Short,True,,1452186000,2016.01.07 17:00:00,1800,1.08439,0.002366249565597792,1.0,1.0,240,1.0867562495655978,1.0820237504344021,STOP,1,2016.01.07 17:00:00,1,-1.0,-23.66249565597792,False,False,,,STOP,-1.0
SURROUNDING_EXPLORATORY_RELEASE,event_840140001_1452789000_13414,840140001,13414,US,USD,Initial Jobless Claims,Initial Jobless Claims,2016.01.09 00:00:00,18745,0,CALENDAR_TIMEMODE_DATETIME,False,trade_server_time,CALENDAR_UNIT_NONE,0,CALENDAR_MULTIPLIER_THOUSANDS,False,,,,1452789000,2016.01.14 16:30:00,284,277,,7,Long,True,,1452790800,2016.01.14 17:00:00,1800,1.0912,0.002371904864097852,1.0,1.0,240,1.0888280951359022,1.0935719048640977,STOP,1,2016.01.14 17:00:00,1,-1.0,-23.71904864097852,False,False,,,STOP,-1.0
SURROUNDING_EXPLORATORY_RELEASE,event_840020010_1452875400_5426,840020010,5426,US,USD,Retail Sales m/m,Retail Sales m/m,2015.12.01 00:00:00,3287,0,CALENDAR_TIMEMODE_DATETIME,False,trade_server_time,CALENDAR_UNIT_PERCENT,1,CALENDAR_MULTIPLIER_NONE,False,,,,1452875400,2016.01.15 16:30:00,-0.1,0.2,0.4,-0.3,Long,True,,1452877200,2016.01.15 17:00:00,1800,1.09586,0.002498264811625929,1.0,1.0,240,1.0933617351883742,1.098358264811626,STOP,5,2016.01.15 21:00:00,5,-1.0,-24.982648116259288,False,False,,,STOP,-1.0
SURROUNDING_EXPLORATORY_RELEASE,event_840030001_1452875400_14067,840030001,14067,US,USD,PPI m/m,PPI m/m,2015.12.01 00:00:00,6086,0,CALENDAR_TIMEMODE_DATETIME,False,trade_server_time,CALENDAR_UNIT_PERCENT,1,CALENDAR_MULTIPLIER_NONE,False,,,,1452875400,2016.01.15 16:30:00,-0.2,0.3,,-0.5,Long,True,,1452877200,2016.01.15 17:00:00,1800,1.09586,0.002498264811625929,1.0,1.0,240,1.0933617351883742,1.098358264811626,STOP,5,2016.01.15 21:00:00,5,-1.0,-24.982648116259288,False,False,,,STOP,-1.0
SURROUNDING_EXPLORATORY_RELEASE,event_840140001_1453393800_13415,840140001,13415,US,USD,Initial Jobless Claims,Initial Jobless Claims,2016.01.16 00:00:00,18746,0,CALENDAR_TIMEMODE_DATETIME,False,trade_server_time,CALENDAR_UNIT_NONE,0,CALENDAR_MULTIPLIER_THOUSANDS,False,,,,1453393800,2016.01.21 16:30:00,293,284,283,9,Long,True,,1453395600,2016.01.21 17:00:00,1800,1.08355,0.0027184565098883067,1.0,1.0,240,1.0808315434901117,1.0862684565098883,STOP,1,2016.01.21 17:00:00,1,-1.0,-27.184565098883066,False,False,,,STOP,-1.0
SURROUNDING_EXPLORATORY_RELEASE,event_840140001_1453998600_13416,840140001,13416,US,USD,Initial Jobless Claims,Initial Jobless Claims,2016.01.23 00:00:00,18747,0,CALENDAR_TIMEMODE_DATETIME,False,trade_server_time,CALENDAR_UNIT_NONE,0,CALENDAR_MULTIPLIER_THOUSANDS,False,,,,1453998600,2016.01.28 16:30:00,278,293,294,-15,Short,True,,1454000400,2016.01.28 17:00:00,1800,1.09221,0.0018240890699197608,1.0,1.0,240,1.0940340890699196,1.0903859109300802,STOP,1,2016.01.28 17:00:00,1,-1.0,-18.240890699197607,False,False,,,STOP,-1.0
SURROUNDING_EXPLORATORY_RELEASE,event_840140001_1455208200_13418,840140001,13418,US,USD,Initial Jobless Claims,Initial Jobless Claims,2016.02.06 00:00:00,18749,0,CALENDAR_TIMEMODE_DATETIME,False,trade_server_time,CALENDAR_UNIT_NONE,0,CALENDAR_MULTIPLIER_THOUSANDS,False,,,,1455208200,2016.02.11 16:30:00,269,285,,-16,Short,True,,1455210000,2016.02.11 17:00:00,1800,1.13178,0.002990434483983812,1.0,1.0,240,1.1347704344839837,1.1287895655160163,STOP,1,2016.02.11 17:00:00,1,-1.0,-29.904344839838117,False,False,,,STOP,-1.0
SURROUNDING_EXPLORATORY_RELEASE,event_840020010_1455294600_5427,840020010,5427,US,USD,Retail Sales m/m,Retail Sales m/m,2016.01.01 00:00:00,3288,0,CALENDAR_TIMEMODE_DATETIME,False,trade_server_time,CALENDAR_UNIT_PERCENT,1,CALENDAR_MULTIPLIER_NONE,False,,,,1455294600,2016.02.12 16:30:00,0.2,-0.1,0.2,0.3,Short,True,,1455296400,2016.02.12 17:00:00,1800,1.12587,0.002552844990374686,1.0,1.0,240,1.1284228449903746,1.1233171550096253,TARGET,1,2016.02.12 17:00:00,1,1.0,25.52844990374686,False,False,,,TARGET,1.0
SURROUNDING_EXPLORATORY_RELEASE,event_840030001_1455726600_14068,840030001,14068,US,USD,PPI m/m,PPI m/m,2016.01.01 00:00:00,6087,0,CALENDAR_TIMEMODE_DATETIME,False,trade_server_time,CALENDAR_UNIT_PERCENT,1,CALENDAR_MULTIPLIER_NONE,False,,,,1455726600,2016.02.17 16:30:00,0.1,-0.2,,0.3,Short,True,,1455728400,2016.02.17 17:00:00,1800,1.11214,0.0018008284045309944,1.0,1.0,240,1.113940828404531,1.110339171595469,STOP,2,2016.02.17 18:00:00,2,-1.0,-18.008284045309942,False,False,,,STOP,-1.0
SURROUNDING_EXPLORATORY_RELEASE,event_840140001_1455813000_13419,840140001,13419,US,USD,Initial Jobless Claims,Initial Jobless Claims,2016.02.13 00:00:00,18750,0,CALENDAR_TIMEMODE_DATETIME,False,trade_server_time,CALENDAR_UNIT_NONE,0,CALENDAR_MULTIPLIER_THOUSANDS,False,,,,1455813000,2016.02.18 16:30:00,262,269,,-7,Short,True,,1455814800,2016.02.18 17:00:00,1800,1.10959,0.0017236814966741629,1.0,1.0,240,1.1113136814966742,1.107866318503326,TARGET,1,2016.02.18 17:00:00,1,1.0,17.236814966741626,False,False,,,TARGET,1.0
SURROUNDING_EXPLORATORY_RELEASE,event_840140001_1456417800_13420,840140001,13420,US,USD,Initial Jobless Claims,Initial Jobless Claims,2016.02.20 00:00:00,18751,0,CALENDAR_TIMEMODE_DATETIME,False,trade_server_time,CALENDAR_UNIT_NONE,0,CALENDAR_MULTIPLIER_THOUSANDS,False,,,,1456417800,2016.02.25 16:30:00,272,262,,10,Long,True,,1456419600,2016.02.25 17:00:00,1800,1.10096,0.0016283332164038508,1.0,1.0,240,1.0993316667835962,1.1025883332164037,TARGET,1,2016.02.25 17:00:00,1,1.0,16.28333216403851,False,False,,,TARGET,1.0
SURROUNDING_EXPLORATORY_RELEASE,event_840140001_1457022600_13421,840140001,13421,US,USD,Initial Jobless Claims,Initial Jobless Claims,2016.02.27 00:00:00,18752,0,CALENDAR_TIMEMODE_DATETIME,False,trade_server_time,CALENDAR_UNIT_NONE,0,CALENDAR_MULTIPLIER_THOUSANDS,False,,,,1457022600,2016.03.03 16:30:00,278,272,,6,Long,True,,1457024400,2016.03.03 17:00:00,1800,1.09255,0.0014174341564515893,1.0,1.0,240,1.0911325658435482,1.0939674341564516,TARGET,2,2016.03.03 18:00:00,2,1.0,14.174341564515892,False,False,,,TARGET,1.0
SURROUNDING_EXPLORATORY_RELEASE,event_840140001_1457627400_13422,840140001,13422,US,USD,Initial Jobless Claims,Initial Jobless Claims,2016.03.05 00:00:00,18753,0,CALENDAR_TIMEMODE_DATETIME,False,trade_server_time,CALENDAR_UNIT_NONE,0,CALENDAR_MULTIPLIER_THOUSANDS,False,,,,1457627400,2016.03.10 16:30:00,259,278,277,-19,Short,True,,1457629200,2016.03.10 17:00:00,1800,1.10418,0.003315748627811938,1.0,1.0,240,1.1074957486278119,1.100864251372188,STOP,1,2016.03.10 17:00:00,1,-1.0,-33.15748627811938,False,False,,,STOP,-1.0
SURROUNDING_EXPLORATORY_RELEASE,event_840020010_1458055800_5428,840020010,5428,US,USD,Retail Sales m/m,Retail Sales m/m,2016.02.01 00:00:00,3289,0,CALENDAR_TIMEMODE_DATETIME,False,trade_server_time,CALENDAR_UNIT_PERCENT,1,CALENDAR_MULTIPLIER_NONE,False,,,,1458055800,2016.03.15 15:30:00,-0.1,0.2,-0.4,-0.3,Long,True,,1458057600,2016.03.15 16:00:00,1800,1.11004,0.0018058578675789745,1.0,1.0,240,1.1082341421324209,1.111845857867579,STOP,1,2016.03.15 16:00:00,1,-1.0,-18.058578675789743,False,False,,,STOP,-1.0
SURROUNDING_EXPLORATORY_RELEASE,event_840030001_1458055800_14069,840030001,14069,US,USD,PPI m/m,PPI m/m,2016.02.01 00:00:00,6088,0,CALENDAR_TIMEMODE_DATETIME,False,trade_server_time,CALENDAR_UNIT_PERCENT,1,CALENDAR_MULTIPLIER_NONE,False,,,,1458055800,2016.03.15 15:30:00,-0.2,0.1,,-0.3,Long,True,,1458057600,2016.03.15 16:00:00,1800,1.11004,0.0018058578675789745,1.0,1.0,240,1.1082341421324209,1.111845857867579,STOP,1,2016.03.15 16:00:00,1,-1.0,-18.058578675789743,False,False,,,STOP,-1.0
SURROUNDING_EXPLORATORY_RELEASE,event_840140001_1458228600_13423,840140001,13423,US,USD,Initial Jobless Claims,Initial Jobless Claims,2016.03.12 00:00:00,18754,0,CALENDAR_TIMEMODE_DATETIME,False,trade_server_time,CALENDAR_UNIT_NONE,0,CALENDAR_MULTIPLIER_THOUSANDS,False,,,,1458228600,2016.03.17 15:30:00,265,259,258,6,Long,True,,1458230400,2016.03.17 16:00:00,1800,1.13274,0.0025328429871731384,1.0,1.0,240,1.130207157012827,1.1352728429871732,STOP,1,2016.03.17 16:00:00,1,-1.0,-25.328429871731384,False,False,,,STOP,-1.0
SURROUNDING_EXPLORATORY_RELEASE,event_840140001_1458833400_13424,840140001,13424,US,USD,Initial Jobless Claims,Initial Jobless Claims,2016.03.19 00:00:00,18755,0,CALENDAR_TIMEMODE_DATETIME,False,trade_server_time,CALENDAR_UNIT_NONE,0,CALENDAR_MULTIPLIER_THOUSANDS,False,,,,1458833400,2016.03.24 15:30:00,265,265,259,0,Flat,False,FLAT_DIRECTION,,,,,,,,,,,,,,,,,,,,,,
SURROUNDING_EXPLORATORY_RELEASE,event_840140001_1460043000_13426,840140001,13426,US,USD,Initial Jobless Claims,Initial Jobless Claims,2016.04.02 00:00:00,18757,0,CALENDAR_TIMEMODE_DATETIME,False,trade_server_time,CALENDAR_UNIT_NONE,0,CALENDAR_MULTIPLIER_THOUSANDS,False,,,,1460043000,2016.04.07 15:30:00,267,276,,-9,Short,True,,1460044800,2016.04.07 16:00:00,1800,1.13772,0.002583658891487595,1.0,1.0,240,1.1403036588914877,1.1351363411085125,TARGET,1,2016.04.07 16:00:00,1,1.0,25.83658891487595,False,False,,,TARGET,1.0
SURROUNDING_EXPLORATORY_RELEASE,event_840020010_1460561400_5429,840020010,5429,US,USD,Retail Sales m/m,Retail Sales m/m,2016.03.01 00:00:00,3290,0,CALENDAR_TIMEMODE_DATETIME,False,trade_server_time,CALENDAR_UNIT_PERCENT,1,CALENDAR_MULTIPLIER_NONE,False,,,,1460561400,2016.04.13 15:30:00,-0.3,-0.1,0.0,-0.2,Long,True,,1460563200,2016.04.13 16:00:00,1800,1.13124,0.001688056457272458,1.0,1.0,240,1.1295519435427275,1.1329280564572726,STOP,1,2016.04.13 16:00:00,1,-1.0,-16.88056457272458,False,False,,,STOP,-1.0
SURROUNDING_EXPLORATORY_RELEASE,event_840030001_1460561400_14070,840030001,14070,US,USD,PPI m/m,PPI m/m,2016.03.01 00:00:00,6089,0,CALENDAR_TIMEMODE_DATETIME,False,trade_server_time,CALENDAR_UNIT_PERCENT,1,CALENDAR_MULTIPLIER_NONE,False,,,,1460561400,2016.04.13 15:30:00,-0.1,-0.2,,0.1,Short,True,,1460563200,2016.04.13 16:00:00,1800,1.13124,0.001688056457272458,1.0,1.0,240,1.1329280564572726,1.1295519435427275,TARGET,1,2016.04.13 16:00:00,1,1.0,16.88056457272458,False,False,,,TARGET,1.0
SURROUNDING_EXPLORATORY_RELEASE,event_840140001_1460647800_13427,840140001,13427,US,USD,Initial Jobless Claims,Initial Jobless Claims,2016.04.09 00:00:00,18758,0,CALENDAR_TIMEMODE_DATETIME,False,trade_server_time,CALENDAR_UNIT_NONE,0,CALENDAR_MULTIPLIER_THOUSANDS,False,,,,1460647800,2016.04.14 15:30:00,253,267,266,-14,Short,True,,1460649600,2016.04.14 16:00:00,1800,1.12758,0.0016187149642312004,1.0,1.0,240,1.1291987149642313,1.1259612850357688,TARGET,2,2016.04.14 17:00:00,2,1.0,16.187149642312004,False,False,,,TARGET,1.0
SURROUNDING_EXPLORATORY_RELEASE,event_840140001_1461252600_13428,840140001,13428,US,USD,Initial Jobless Claims,Initial Jobless Claims,2016.04.16 00:00:00,18759,0,CALENDAR_TIMEMODE_DATETIME,False,trade_server_time,CALENDAR_UNIT_NONE,0,CALENDAR_MULTIPLIER_THOUSANDS,False,,,,1461252600,2016.04.21 15:30:00,247,253,,-6,Short,True,,1461254400,2016.04.21 16:00:00,1800,1.13763,0.0014091156390921718,1.0,1.0,240,1.139039115639092,1.1362208843609078,TARGET,1,2016.04.21 16:00:00,1,1.0,14.091156390921718,False,False,,,TARGET,1.0
SURROUNDING_EXPLORATORY_RELEASE,event_840140001_1461857400_13429,840140001,13429,US,USD,Initial Jobless Claims,Initial Jobless Claims,2016.04.23 00:00:00,18760,0,CALENDAR_TIMEMODE_DATETIME,False,trade_server_time,CALENDAR_UNIT_NONE,0,CALENDAR_MULTIPLIER_THOUSANDS,False,,,,1461857400,2016.04.28 15:30:00,257,247,248,10,Long,True,,1461859200,2016.04.28 16:00:00,1800,1.13452,0.001968782228887346,1.0,1.0,240,1.1325512177711126,1.1364887822288874,STOP,1,2016.04.28 16:00:00,1,-1.0,-19.687822288873456,False,False,,,STOP,-1.0
SURROUNDING_EXPLORATORY_RELEASE,event_840140001_1462462200_13430,840140001,13430,US,USD,Initial Jobless Claims,Initial Jobless Claims,2016.04.30 00:00:00,18761,0,CALENDAR_TIMEMODE_DATETIME,False,trade_server_time,CALENDAR_UNIT_NONE,0,CALENDAR_MULTIPLIER_THOUSANDS,False,,,,1462462200,2016.05.05 15:30:00,274,257,,17,Long,True,,1462464000,2016.05.05 16:00:00,1800,1.14338,0.0014903636842609636,1.0,1.0,240,1.1418896363157391,1.144870363684261,STOP,1,2016.05.05 16:00:00,1,-1.0,-14.903636842609636,False,False,,,STOP,-1.0
SURROUNDING_EXPLORATORY_RELEASE,event_840140001_1463067000_13431,840140001,13431,US,USD,Initial Jobless Claims,Initial Jobless Claims,2016.05.07 00:00:00,18762,0,CALENDAR_TIMEMODE_DATETIME,False,trade_server_time,CALENDAR_UNIT_NONE,0,CALENDAR_MULTIPLIER_THOUSANDS,False,,,,1463067000,2016.05.12 15:30:00,294,274,,20,Long,True,,1463068800,2016.05.12 16:00:00,1800,1.14044,0.0011626042248455187,1.0,1.0,240,1.1392773957751543,1.1416026042248455,STOP,3,2016.05.12 18:00:00,3,-1.0,-11.626042248455187,False,False,,,STOP,-1.0
SURROUNDING_EXPLORATORY_RELEASE,event_840020010_1463153400_5430,840020010,5430,US,USD,Retail Sales m/m,Retail Sales m/m,2016.04.01 00:00:00,3291,0,CALENDAR_TIMEMODE_DATETIME,False,trade_server_time,CALENDAR_UNIT_PERCENT,1,CALENDAR_MULTIPLIER_NONE,False,,,,1463153400,2016.05.13 15:30:00,1.3,-0.3,-0.3,1.6,Short,True,,1463155200,2016.05.13 16:00:00,1800,1.13166,0.0012250251337990027,1.0,1.0,240,1.1328850251337992,1.130434974866201,STOP,1,2016.05.13 16:00:00,1,-1.0,-12.250251337990026,True,False,,,TARGET,1.0
SURROUNDING_EXPLORATORY_RELEASE,event_840030001_1463153400_14071,840030001,14071,US,USD,PPI m/m,PPI m/m,2016.04.01 00:00:00,6090,0,CALENDAR_TIMEMODE_DATETIME,False,trade_server_time,CALENDAR_UNIT_PERCENT,1,CALENDAR_MULTIPLIER_NONE,False,,,,1463153400,2016.05.13 15:30:00,0.2,-0.1,,0.3,Short,True,,1463155200,2016.05.13 16:00:00,1800,1.13166,0.0012250251337990027,1.0,1.0,240,1.1328850251337992,1.130434974866201,STOP,1,2016.05.13 16:00:00,1,-1.0,-12.250251337990026,True,False,,,TARGET,1.0
SURROUNDING_EXPLORATORY_RELEASE,event_840140001_1463671800_13432,840140001,13432,US,USD,Initial Jobless Claims,Initial Jobless Claims,2016.05.14 00:00:00,18763,0,CALENDAR_TIMEMODE_DATETIME,False,trade_server_time,CALENDAR_UNIT_NONE,0,CALENDAR_MULTIPLIER_THOUSANDS,False,,,,1463671800,2016.05.19 15:30:00,278,294,,-16,Short,True,,1463673600,2016.05.19 16:00:00,1800,1.11809,0.001434388955919635,1.0,1.0,240,1.1195243889559197,1.1166556110440804,STOP,1,2016.05.19 16:00:00,1,-1.0,-14.34388955919635,False,False,,,STOP,-1.0
SURROUNDING_EXPLORATORY_RELEASE,event_840140001_1464276600_13433,840140001,13433,US,USD,Initial Jobless Claims,Initial Jobless Claims,2016.05.21 00:00:00,18764,0,CALENDAR_TIMEMODE_DATETIME,False,trade_server_time,CALENDAR_UNIT_NONE,0,CALENDAR_MULTIPLIER_THOUSANDS,False,,,,1464276600,2016.05.26 15:30:00,268,278,,-10,Short,True,,1464278400,2016.05.26 16:00:00,1800,1.12003,0.0011624583542768489,1.0,1.0,240,1.121192458354277,1.1188675416457232,STOP,1,2016.05.26 16:00:00,1,-1.0,-11.624583542768487,False,False,,,STOP,-1.0
SURROUNDING_EXPLORATORY_RELEASE,event_840140001_1465486200_13435,840140001,13435,US,USD,Initial Jobless Claims,Initial Jobless Claims,2016.06.04 00:00:00,18766,0,CALENDAR_TIMEMODE_DATETIME,False,trade_server_time,CALENDAR_UNIT_NONE,0,CALENDAR_MULTIPLIER_THOUSANDS,False,,,,1465486200,2016.06.09 15:30:00,264,267,268,-3,Short,True,,1465488000,2016.06.09 16:00:00,1800,1.13249,0.0013963758827408332,1.0,1.0,240,1.1338863758827409,1.131093624117259,TARGET,2,2016.06.09 17:00:00,2,1.0,13.96375882740833,False,False,,,TARGET,1.0
SURROUNDING_EXPLORATORY_RELEASE,event_840020010_1465918200_5431,840020010,5431,US,USD,Retail Sales m/m,Retail Sales m/m,2016.05.01 00:00:00,3292,0,CALENDAR_TIMEMODE_DATETIME,False,trade_server_time,CALENDAR_UNIT_PERCENT,1,CALENDAR_MULTIPLIER_NONE,False,,,,1465918200,2016.06.14 15:30:00,0.5,1.3,,-0.8,Long,True,,1465920000,2016.06.14 16:00:00,1800,1.12338,0.001492724494465764,1.0,1.0,240,1.1218872755055342,1.1248727244944658,STOP,1,2016.06.14 16:00:00,1,-1.0,-14.927244944657641,False,False,,,STOP,-1.0
SURROUNDING_EXPLORATORY_RELEASE,event_840030001_1466004600_14072,840030001,14072,US,USD,PPI m/m,PPI m/m,2016.05.01 00:00:00,6091,0,CALENDAR_TIMEMODE_DATETIME,False,trade_server_time,CALENDAR_UNIT_PERCENT,1,CALENDAR_MULTIPLIER_NONE,False,,,,1466004600,2016.06.15 15:30:00,0.4,0.2,,0.2,Short,True,,1466006400,2016.06.15 16:00:00,1800,1.12258,0.001376173573574884,1.0,1.0,240,1.1239561735735748,1.121203826426425,TARGET,1,2016.06.15 16:00:00,1,1.0,13.76173573574884,False,False,,,TARGET,1.0
SURROUNDING_EXPLORATORY_RELEASE,event_840140001_1466091000_13436,840140001,13436,US,USD,Initial Jobless Claims,Initial Jobless Claims,2016.06.11 00:00:00,18767,0,CALENDAR_TIMEMODE_DATETIME,False,trade_server_time,CALENDAR_UNIT_NONE,0,CALENDAR_MULTIPLIER_THOUSANDS,False,,,,1466091000,2016.06.16 15:30:00,277,264,,13,Long,True,,1466092800,2016.06.16 16:00:00,1800,1.11704,0.0020612826108601747,1.0,1.0,240,1.11497871738914,1.1191012826108602,STOP,1,2016.06.16 16:00:00,1,-1.0,-20.612826108601745,False,False,,,STOP,-1.0
SURROUNDING_EXPLORATORY_RELEASE,event_840140001_1466695800_13437,840140001,13437,US,USD,Initial Jobless Claims,Initial Jobless Claims,2016.06.18 00:00:00,18768,0,CALENDAR_TIMEMODE_DATETIME,False,trade_server_time,CALENDAR_UNIT_NONE,0,CALENDAR_MULTIPLIER_THOUSANDS,False,,,,1466695800,2016.06.23 15:30:00,259,277,,-18,Short,True,,1466697600,2016.06.23 16:00:00,1800,1.13906,0.002484877233482311,1.0,1.0,240,1.1415448772334822,1.1365751227665177,TARGET,1,2016.06.23 16:00:00,1,1.0,24.84877233482311,False,False,,,TARGET,1.0
SURROUNDING_EXPLORATORY_RELEASE,event_840140001_1467300600_13438,840140001,13438,US,USD,Initial Jobless Claims,Initial Jobless Claims,2016.06.25 00:00:00,18769,0,CALENDAR_TIMEMODE_DATETIME,False,trade_server_time,CALENDAR_UNIT_NONE,0,CALENDAR_MULTIPLIER_THOUSANDS,False,,,,1467300600,2016.06.30 15:30:00,268,259,258,9,Long,True,,1467302400,2016.06.30 16:00:00,1800,1.11125,0.0023467357901465597,1.0,1.0,240,1.1089032642098535,1.1135967357901466,STOP,3,2016.06.30 18:00:00,3,-1.0,-23.467357901465597,False,False,,,STOP,-1.0
SURROUNDING_EXPLORATORY_RELEASE,event_840140001_1467905400_13439,840140001,13439,US,USD,Initial Jobless Claims,Initial Jobless Claims,2016.07.02 00:00:00,18770,0,CALENDAR_TIMEMODE_DATETIME,False,trade_server_time,CALENDAR_UNIT_NONE,0,CALENDAR_MULTIPLIER_THOUSANDS,False,,,,1467905400,2016.07.07 15:30:00,254,268,270,-14,Short,True,,1467907200,2016.07.07 16:00:00,1800,1.10866,0.0018353741617579994,1.0,1.0,240,1.110495374161758,1.106824625838242,TARGET,2,2016.07.07 17:00:00,2,1.0,18.353741617579992,False,False,,,TARGET,1.0
SURROUNDING_EXPLORATORY_RELEASE,event_840030001_1468510200_14073,840030001,14073,US,USD,PPI m/m,PPI m/m,2016.06.01 00:00:00,6092,0,CALENDAR_TIMEMODE_DATETIME,False,trade_server_time,CALENDAR_UNIT_PERCENT,1,CALENDAR_MULTIPLIER_NONE,False,,,,1468510200,2016.07.14 15:30:00,0.5,0.4,,0.1,Short,True,,1468512000,2016.07.14 16:00:00,1800,1.11146,0.0018263431606979897,1.0,1.0,240,1.1132863431606979,1.109633656839302,STOP,14,2016.07.15 05:00:00,14,-1.0,-18.263431606979896,False,False,,,STOP,-1.0
SURROUNDING_EXPLORATORY_RELEASE,event_840140001_1468510200_13440,840140001,13440,US,USD,Initial Jobless Claims,Initial Jobless Claims,2016.07.09 00:00:00,18771,0,CALENDAR_TIMEMODE_DATETIME,False,trade_server_time,CALENDAR_UNIT_NONE,0,CALENDAR_MULTIPLIER_THOUSANDS,False,,,,1468510200,2016.07.14 15:30:00,254,254,,0,Flat,False,FLAT_DIRECTION,,,,,,,,,,,,,,,,,,,,,,
SURROUNDING_EXPLORATORY_RELEASE,event_840020010_1468596600_5432,840020010,5432,US,USD,Retail Sales m/m,Retail Sales m/m,2016.06.01 00:00:00,3293,0,CALENDAR_TIMEMODE_DATETIME,False,trade_server_time,CALENDAR_UNIT_PERCENT,1,CALENDAR_MULTIPLIER_NONE,False,,,,1468596600,2016.07.15 15:30:00,0.6,0.5,0.2,0.1,Short,True,,1468598400,2016.07.15 16:00:00,1800,1.11162,0.0015421660606126514,1.0,1.0,240,1.1131621660606128,1.1100778339393873,TARGET,1,2016.07.15 16:00:00,1,1.0,15.421660606126514,False,False,,,TARGET,1.0
SURROUNDING_EXPLORATORY_RELEASE,event_840140001_1469115000_13441,840140001,13441,US,USD,Initial Jobless Claims,Initial Jobless Claims,2016.07.16 00:00:00,18772,0,CALENDAR_TIMEMODE_DATETIME,False,trade_server_time,CALENDAR_UNIT_NONE,0,CALENDAR_MULTIPLIER_THOUSANDS,False,,,,1469115000,2016.07.21 15:30:00,253,254,,-1,Short,True,,1469116800,2016.07.21 16:00:00,1800,1.10429,0.001604825930392293,1.0,1.0,240,1.1058948259303922,1.1026851740696078,TARGET,1,2016.07.21 16:00:00,1,1.0,16.04825930392293,False,False,,,TARGET,1.0
SURROUNDING_EXPLORATORY_RELEASE,event_840140001_1469719800_13442,840140001,13442,US,USD,Initial Jobless Claims,Initial Jobless Claims,2016.07.23 00:00:00,18773,0,CALENDAR_TIMEMODE_DATETIME,False,trade_server_time,CALENDAR_UNIT_NONE,0,CALENDAR_MULTIPLIER_THOUSANDS,False,,,,1469719800,2016.07.28 15:30:00,266,253,252,13,Long,True,,1469721600,2016.07.28 16:00:00,1800,1.10991,0.0015546203453210513,1.0,1.0,240,1.108355379654679,1.111464620345321,STOP,2,2016.07.28 17:00:00,2,-1.0,-15.546203453210513,False,False,,,STOP,-1.0
SURROUNDING_EXPLORATORY_RELEASE,event_840140001_1470324600_13443,840140001,13443,US,USD,Initial Jobless Claims,Initial Jobless Claims,2016.07.30 00:00:00,18774,0,CALENDAR_TIMEMODE_DATETIME,False,trade_server_time,CALENDAR_UNIT_NONE,0,CALENDAR_MULTIPLIER_THOUSANDS,False,,,,1470324600,2016.08.04 15:30:00,269,266,,3,Long,True,,1470326400,2016.08.04 16:00:00,1800,1.11437,0.001153110528341437,1.0,1.0,240,1.1132168894716588,1.1155231105283414,STOP,3,2016.08.04 18:00:00,3,-1.0,-11.53110528341437,False,False,,,STOP,-1.0
SURROUNDING_EXPLORATORY_RELEASE,event_840140001_1470929400_13444,840140001,13444,US,USD,Initial Jobless Claims,Initial Jobless Claims,2016.08.06 00:00:00,18775,0,CALENDAR_TIMEMODE_DATETIME,False,trade_server_time,CALENDAR_UNIT_NONE,0,CALENDAR_MULTIPLIER_THOUSANDS,False,,,,1470929400,2016.08.11 15:30:00,266,269,267,-3,Short,True,,1470931200,2016.08.11 16:00:00,1800,1.11566,0.0011225397587941632,1.0,1.0,240,1.1167825397587943,1.114537460241206,STOP,1,2016.08.11 16:00:00,1,-1.0,-11.225397587941632,False,False,,,STOP,-1.0
SURROUNDING_EXPLORATORY_RELEASE,event_840020010_1471015800_5433,840020010,5433,US,USD,Retail Sales m/m,Retail Sales m/m,2016.07.01 00:00:00,3294,0,CALENDAR_TIMEMODE_DATETIME,False,trade_server_time,CALENDAR_UNIT_PERCENT,1,CALENDAR_MULTIPLIER_NONE,False,,,,1471015800,2016.08.12 15:30:00,0.0,0.6,0.8,-0.6,Long,True,,1471017600,2016.08.12 16:00:00,1800,1.12085,0.0009792503286540333,1.0,1.0,240,1.1198707496713458,1.121829250328654,STOP,1,2016.08.12 16:00:00,1,-1.0,-9.792503286540333,False,False,,,STOP,-1.0
SURROUNDING_EXPLORATORY_RELEASE,event_840030001_1471015800_14074,840030001,14074,US,USD,PPI m/m,PPI m/m,2016.07.01 00:00:00,6093,0,CALENDAR_TIMEMODE_DATETIME,False,trade_server_time,CALENDAR_UNIT_PERCENT,1,CALENDAR_MULTIPLIER_NONE,False,,,,1471015800,2016.08.12 15:30:00,-0.4,0.5,,-0.9,Long,True,,1471017600,2016.08.12 16:00:00,1800,1.12085,0.0009792503286540333,1.0,1.0,240,1.1198707496713458,1.121829250328654,STOP,1,2016.08.12 16:00:00,1,-1.0,-9.792503286540333,False,False,,,STOP,-1.0
SURROUNDING_EXPLORATORY_RELEASE,event_840140001_1471534200_13445,840140001,13445,US,USD,Initial Jobless Claims,Initial Jobless Claims,2016.08.13 00:00:00,18776,0,CALENDAR_TIMEMODE_DATETIME,False,trade_server_time,CALENDAR_UNIT_NONE,0,CALENDAR_MULTIPLIER_THOUSANDS,False,,,,1471534200,2016.08.18 15:30:00,262,266,,-4,Short,True,,1471536000,2016.08.18 16:00:00,1800,1.13115,0.0016737730034321965,1.0,1.0,240,1.1328237730034323,1.129476226996568,STOP,2,2016.08.18 17:00:00,2,-1.0,-16.737730034321963,False,False,,,STOP,-1.0
SURROUNDING_EXPLORATORY_RELEASE,event_840140001_1472139000_13446,840140001,13446,US,USD,Initial Jobless Claims,Initial Jobless Claims,2016.08.20 00:00:00,18777,0,CALENDAR_TIMEMODE_DATETIME,False,trade_server_time,CALENDAR_UNIT_NONE,0,CALENDAR_MULTIPLIER_THOUSANDS,False,,,,1472139000,2016.08.25 15:30:00,261,262,,-1,Short,True,,1472140800,2016.08.25 16:00:00,1800,1.12939,0.0010645098385160196,1.0,1.0,240,1.130454509838516,1.1283254901614839,TARGET,2,2016.08.25 17:00:00,2,1.0,10.645098385160196,False,False,,,TARGET,1.0
SURROUNDING_EXPLORATORY_RELEASE,event_840140001_1473348600_13448,840140001,13448,US,USD,Initial Jobless Claims,Initial Jobless Claims,2016.09.03 00:00:00,18779,0,CALENDAR_TIMEMODE_DATETIME,False,trade_server_time,CALENDAR_UNIT_NONE,0,CALENDAR_MULTIPLIER_THOUSANDS,False,,,,1473348600,2016.09.08 15:30:00,259,263,,-4,Short,True,,1473350400,2016.09.08 16:00:00,1800,1.13064,0.001337339510063058,1.0,1.0,240,1.1319773395100632,1.129302660489937,STOP,1,2016.09.08 16:00:00,1,-1.0,-13.37339510063058,True,False,,,TARGET,1.0
SURROUNDING_EXPLORATORY_RELEASE,event_840020010_1473953400_5434,840020010,5434,US,USD,Retail Sales m/m,Retail Sales m/m,2016.08.01 00:00:00,3295,0,CALENDAR_TIMEMODE_DATETIME,False,trade_server_time,CALENDAR_UNIT_PERCENT,1,CALENDAR_MULTIPLIER_NONE,False,,,,1473953400,2016.09.15 15:30:00,-0.3,0.0,0.1,-0.3,Long,True,,1473955200,2016.09.15 16:00:00,1800,1.12464,0.0011950611631502653,1.0,1.0,240,1.12344493883685,1.1258350611631502,STOP,1,2016.09.15 16:00:00,1,-1.0,-11.950611631502653,True,False,,,TARGET,1.0
SURROUNDING_EXPLORATORY_RELEASE,event_840030001_1473953400_14075,840030001,14075,US,USD,PPI m/m,PPI m/m,2016.08.01 00:00:00,6094,0,CALENDAR_TIMEMODE_DATETIME,False,trade_server_time,CALENDAR_UNIT_PERCENT,1,CALENDAR_MULTIPLIER_NONE,False,,,,1473953400,2016.09.15 15:30:00,0.0,-0.4,,0.4,Short,True,,1473955200,2016.09.15 16:00:00,1800,1.12464,0.0011950611631502653,1.0,1.0,240,1.1258350611631502,1.12344493883685,STOP,1,2016.09.15 16:00:00,1,-1.0,-11.950611631502653,True,False,,,TARGET,1.0
SURROUNDING_EXPLORATORY_RELEASE,event_840140001_1473953400_13449,840140001,13449,US,USD,Initial Jobless Claims,Initial Jobless Claims,2016.09.10 00:00:00,18780,0,CALENDAR_TIMEMODE_DATETIME,False,trade_server_time,CALENDAR_UNIT_NONE,0,CALENDAR_MULTIPLIER_THOUSANDS,False,,,,1473953400,2016.09.15 15:30:00,260,259,,1,Long,True,,1473955200,2016.09.15 16:00:00,1800,1.12464,0.0011950611631502653,1.0,1.0,240,1.12344493883685,1.1258350611631502,STOP,1,2016.09.15 16:00:00,1,-1.0,-11.950611631502653,True,False,,,TARGET,1.0
SURROUNDING_EXPLORATORY_RELEASE,event_840140001_1474558200_13450,840140001,13450,US,USD,Initial Jobless Claims,Initial Jobless Claims,2016.09.17 00:00:00,18781,0,CALENDAR_TIMEMODE_DATETIME,False,trade_server_time,CALENDAR_UNIT_NONE,0,CALENDAR_MULTIPLIER_THOUSANDS,False,,,,1474558200,2016.09.22 15:30:00,252,260,,-8,Short,True,,1474560000,2016.09.22 16:00:00,1800,1.1246,0.0013460683304997649,1.0,1.0,240,1.1259460683304998,1.1232539316695003,TARGET,3,2016.09.22 18:00:00,3,1.0,13.460683304997648,False,False,,,TARGET,1.0
SURROUNDING_EXPLORATORY_RELEASE,event_840140001_1475163000_13451,840140001,13451,US,USD,Initial Jobless Claims,Initial Jobless Claims,2016.09.24 00:00:00,18782,0,CALENDAR_TIMEMODE_DATETIME,False,trade_server_time,CALENDAR_UNIT_NONE,0,CALENDAR_MULTIPLIER_THOUSANDS,False,,,,1475163000,2016.09.29 15:30:00,254,252,251,2,Long,True,,1475164800,2016.09.29 16:00:00,1800,1.12024,0.0010182764018460998,1.0,1.0,240,1.1192217235981539,1.121258276401846,TARGET,1,2016.09.29 16:00:00,1,1.0,10.182764018460999,False,False,,,TARGET,1.0
SURROUNDING_EXPLORATORY_RELEASE,event_840140001_1475767800_13452,840140001,13452,US,USD,Initial Jobless Claims,Initial Jobless Claims,2016.10.01 00:00:00,18783,0,CALENDAR_TIMEMODE_DATETIME,False,trade_server_time,CALENDAR_UNIT_NONE,0,CALENDAR_MULTIPLIER_THOUSANDS,False,,,,1475767800,2016.10.06 15:30:00,249,254,,-5,Short,True,,1475769600,2016.10.06 16:00:00,1800,1.11795,0.0011415781422930414,1.0,1.0,240,1.119091578142293,1.116808421857707,TARGET,2,2016.10.06 17:00:00,2,1.0,11.415781422930413,False,False,,,TARGET,1.0
SURROUNDING_EXPLORATORY_RELEASE,event_840140001_1476372600_13453,840140001,13453,US,USD,Initial Jobless Claims,Initial Jobless Claims,2016.10.08 00:00:00,18784,0,CALENDAR_TIMEMODE_DATETIME,False,trade_server_time,CALENDAR_UNIT_NONE,0,CALENDAR_MULTIPLIER_THOUSANDS,False,,,,1476372600,2016.10.13 15:30:00,246,249,246,-3,Short,False,ENTRY_DELAY_EXCEEDED,,,,,,,,,,,,,,,,,,,,,,
SURROUNDING_EXPLORATORY_RELEASE,event_840020010_1476459000_5435,840020010,5435,US,USD,Retail Sales m/m,Retail Sales m/m,2016.09.01 00:00:00,3296,0,CALENDAR_TIMEMODE_DATETIME,False,trade_server_time,CALENDAR_UNIT_PERCENT,1,CALENDAR_MULTIPLIER_NONE,False,,,,1476459000,2016.10.14 15:30:00,0.6,-0.3,-0.2,0.9,Short,True,,1476460800,2016.10.14 16:00:00,1800,1.10098,0.0012947002334657426,1.0,1.0,240,1.1022747002334659,1.0996852997665343,STOP,2,2016.10.14 17:00:00,2,-1.0,-12.947002334657425,False,False,,,STOP,-1.0
SURROUNDING_EXPLORATORY_RELEASE,event_840030001_1476459000_14076,840030001,14076,US,USD,PPI m/m,PPI m/m,2016.09.01 00:00:00,6095,0,CALENDAR_TIMEMODE_DATETIME,False,trade_server_time,CALENDAR_UNIT_PERCENT,1,CALENDAR_MULTIPLIER_NONE,False,,,,1476459000,2016.10.14 15:30:00,0.3,0.0,,0.3,Short,True,,1476460800,2016.10.14 16:00:00,1800,1.10098,0.0012947002334657426,1.0,1.0,240,1.1022747002334659,1.0996852997665343,STOP,2,2016.10.14 17:00:00,2,-1.0,-12.947002334657425,False,False,,,STOP,-1.0
SURROUNDING_EXPLORATORY_RELEASE,event_840140001_1476977400_13454,840140001,13454,US,USD,Initial Jobless Claims,Initial Jobless Claims,2016.10.15 00:00:00,18785,0,CALENDAR_TIMEMODE_DATETIME,False,trade_server_time,CALENDAR_UNIT_NONE,0,CALENDAR_MULTIPLIER_THOUSANDS,False,,,,1476977400,2016.10.20 15:30:00,260,246,247,14,Long,True,,1476979200,2016.10.20 16:00:00,1800,1.09772,0.0011305057928374727,1.0,1.0,240,1.0965894942071626,1.0988505057928375,STOP,1,2016.10.20 16:00:00,1,-1.0,-11.305057928374726,False,False,,,STOP,-1.0
SURROUNDING_EXPLORATORY_RELEASE,event_840140001_1477582200_13455,840140001,13455,US,USD,Initial Jobless Claims,Initial Jobless Claims,2016.10.22 00:00:00,18786,0,CALENDAR_TIMEMODE_DATETIME,False,trade_server_time,CALENDAR_UNIT_NONE,0,CALENDAR_MULTIPLIER_THOUSANDS,False,,,,1477582200,2016.10.27 15:30:00,258,260,261,-2,Short,True,,1477584000,2016.10.27 16:00:00,1800,1.09196,0.0011149220720928512,1.0,1.0,240,1.093074922072093,1.090845077927907,STOP,2,2016.10.27 17:00:00,2,-1.0,-11.149220720928511,False,False,,,STOP,-1.0
SURROUNDING_EXPLORATORY_RELEASE,event_840140001_1478795400_13457,840140001,13457,US,USD,Initial Jobless Claims,Initial Jobless Claims,2016.11.05 00:00:00,18788,0,CALENDAR_TIMEMODE_DATETIME,False,trade_server_time,CALENDAR_UNIT_NONE,0,CALENDAR_MULTIPLIER_THOUSANDS,False,,,,1478795400,2016.11.10 16:30:00,254,265,,-11,Short,True,,1478797200,2016.11.10 17:00:00,1800,1.087,0.002780076295795481,1.0,1.0,240,1.0897800762957954,1.0842199237042045,STOP,1,2016.11.10 17:00:00,1,-1.0,-27.800762957954806,False,False,,,STOP,-1.0
SURROUNDING_EXPLORATORY_RELEASE,event_840020010_1479227400_5436,840020010,5436,US,USD,Retail Sales m/m,Retail Sales m/m,2016.10.01 00:00:00,3297,0,CALENDAR_TIMEMODE_DATETIME,False,trade_server_time,CALENDAR_UNIT_PERCENT,1,CALENDAR_MULTIPLIER_NONE,False,,,,1479227400,2016.11.15 16:30:00,0.8,0.6,1.0,0.2,Short,True,,1479229200,2016.11.15 17:00:00,1800,1.07265,0.0022073113348094046,1.0,1.0,240,1.0748573113348094,1.0704426886651908,STOP,1,2016.11.15 17:00:00,1,-1.0,-22.073113348094044,False,False,,,STOP,-1.0
SURROUNDING_EXPLORATORY_RELEASE,event_840030001_1479313800_14077,840030001,14077,US,USD,PPI m/m,PPI m/m,2016.10.01 00:00:00,6096,0,CALENDAR_TIMEMODE_DATETIME,False,trade_server_time,CALENDAR_UNIT_PERCENT,1,CALENDAR_MULTIPLIER_NONE,False,,,,1479313800,2016.11.16 16:30:00,0.0,0.3,,-0.3,Long,True,,1479315600,2016.11.16 17:00:00,1800,1.07001,0.0020101120507124985,1.0,1.0,240,1.0679998879492874,1.0720201120507125,STOP,1,2016.11.16 17:00:00,1,-1.0,-20.101120507124985,False,False,,,STOP,-1.0
SURROUNDING_EXPLORATORY_RELEASE,event_840140001_1479400200_13458,840140001,13458,US,USD,Initial Jobless Claims,Initial Jobless Claims,2016.11.12 00:00:00,18789,0,CALENDAR_TIMEMODE_DATETIME,False,trade_server_time,CALENDAR_UNIT_NONE,0,CALENDAR_MULTIPLIER_THOUSANDS,False,,,,1479400200,2016.11.17 16:30:00,235,254,,-19,Short,True,,1479402000,2016.11.17 17:00:00,1800,1.06881,0.002130079126277891,1.0,1.0,240,1.070940079126278,1.066679920873722,TARGET,1,2016.11.17 17:00:00,1,1.0,21.300791262778908,False,False,,,TARGET,1.0
SURROUNDING_EXPLORATORY_RELEASE,event_840140001_1479918600_13459,840140001,13459,US,USD,Initial Jobless Claims,Initial Jobless Claims,2016.11.19 00:00:00,18790,0,CALENDAR_TIMEMODE_DATETIME,False,trade_server_time,CALENDAR_UNIT_NONE,0,CALENDAR_MULTIPLIER_THOUSANDS,False,,,,1479918600,2016.11.23 16:30:00,251,235,233,16,Long,True,,1479920400,2016.11.23 17:00:00,1800,1.05529,0.001841646836607626,1.0,1.0,240,1.0534483531633925,1.0571316468366077,STOP,1,2016.11.23 17:00:00,1,-1.0,-18.41646836607626,False,False,,,STOP,-1.0
SURROUNDING_EXPLORATORY_RELEASE,event_840140001_1480609800_13460,840140001,13460,US,USD,Initial Jobless Claims,Initial Jobless Claims,2016.11.26 00:00:00,18791,0,CALENDAR_TIMEMODE_DATETIME,False,trade_server_time,CALENDAR_UNIT_NONE,0,CALENDAR_MULTIPLIER_THOUSANDS,False,,,,1480609800,2016.12.01 16:30:00,268,251,,17,Long,True,,1480611600,2016.12.01 17:00:00,1800,1.05964,0.0018660867208226265,1.0,1.0,240,1.0577739132791772,1.0615060867208226,TARGET,2,2016.12.01 18:00:00,2,1.0,18.660867208226264,False,False,,,TARGET,1.0
SURROUNDING_EXPLORATORY_RELEASE,event_840140001_1481214600_13461,840140001,13461,US,USD,Initial Jobless Claims,Initial Jobless Claims,2016.12.03 00:00:00,18792,0,CALENDAR_TIMEMODE_DATETIME,False,trade_server_time,CALENDAR_UNIT_NONE,0,CALENDAR_MULTIPLIER_THOUSANDS,False,,,,1481214600,2016.12.08 16:30:00,258,268,,-10,Short,True,,1481216400,2016.12.08 17:00:00,1800,1.06295,0.0030337818452826288,1.0,1.0,240,1.0659837818452826,1.0599162181547175,TARGET,3,2016.12.08 19:00:00,3,1.0,30.337818452826287,False,False,,,TARGET,1.0
SURROUNDING_EXPLORATORY_RELEASE,event_840020010_1481733000_5437,840020010,5437,US,USD,Retail Sales m/m,Retail Sales m/m,2016.11.01 00:00:00,3298,0,CALENDAR_TIMEMODE_DATETIME,False,trade_server_time,CALENDAR_UNIT_PERCENT,1,CALENDAR_MULTIPLIER_NONE,False,,,,1481733000,2016.12.14 16:30:00,0.1,0.8,0.6,-0.7,Long,True,,1481734800,2016.12.14 17:00:00,1800,1.06396,0.001560025240628439,1.0,1.0,240,1.0623999747593715,1.0655200252406285,TARGET,1,2016.12.14 17:00:00,1,1.0,15.60025240628439,False,False,,,TARGET,1.0
SURROUNDING_EXPLORATORY_RELEASE,event_840030001_1481733000_14078,840030001,14078,US,USD,PPI m/m,PPI m/m,2016.11.01 00:00:00,6097,0,CALENDAR_TIMEMODE_DATETIME,False,trade_server_time,CALENDAR_UNIT_PERCENT,1,CALENDAR_MULTIPLIER_NONE,False,,,,1481733000,2016.12.14 16:30:00,0.4,0.0,,0.4,Short,True,,1481734800,2016.12.14 17:00:00,1800,1.06396,0.001560025240628439,1.0,1.0,240,1.0655200252406285,1.0623999747593715,STOP,1,2016.12.14 17:00:00,1,-1.0,-15.60025240628439,False,False,,,STOP,-1.0
SURROUNDING_EXPLORATORY_RELEASE,event_840140001_1481819400_13462,840140001,13462,US,USD,Initial Jobless Claims,Initial Jobless Claims,2016.12.10 00:00:00,18793,0,CALENDAR_TIMEMODE_DATETIME,False,trade_server_time,CALENDAR_UNIT_NONE,0,CALENDAR_MULTIPLIER_THOUSANDS,False,,,,1481819400,2016.12.15 16:30:00,254,258,,-4,Short,True,,1481821200,2016.12.15 17:00:00,1800,1.0427,0.002895775736754729,1.0,1.0,240,1.0455957757367547,1.0398042242632453,TARGET,2,2016.12.15 18:00:00,2,1.0,28.957757367547288,False,False,,,TARGET,1.0
SURROUNDING_EXPLORATORY_RELEASE,event_840140001_1482424200_13463,840140001,13463,US,USD,Initial Jobless Claims,Initial Jobless Claims,2016.12.17 00:00:00,18794,0,CALENDAR_TIMEMODE_DATETIME,False,trade_server_time,CALENDAR_UNIT_NONE,0,CALENDAR_MULTIPLIER_THOUSANDS,False,,,,1482424200,2016.12.22 16:30:00,275,254,,21,Long,True,,1482426000,2016.12.22 17:00:00,1800,1.04584,0.001550338630596339,1.0,1.0,240,1.0442896613694037,1.0473903386305965,TARGET,1,2016.12.22 17:00:00,1,1.0,15.50338630596339,False,False,,,TARGET,1.0
SURROUNDING_EXPLORATORY_RELEASE,event_840140001_1483029000_13464,840140001,13464,US,USD,Initial Jobless Claims,Initial Jobless Claims,2016.12.24 00:00:00,18795,0,CALENDAR_TIMEMODE_DATETIME,False,trade_server_time,CALENDAR_UNIT_NONE,0,CALENDAR_MULTIPLIER_THOUSANDS,False,,,,1483029000,2016.12.29 16:30:00,265,275,,-10,Short,True,,1483030800,2016.12.29 17:00:00,1800,1.04576,0.0015453659036231662,1.0,1.0,240,1.047305365903623,1.044214634096377,STOP,1,2016.12.29 17:00:00,1,-1.0,-15.453659036231661,False,False,,,STOP,-1.0
SURROUNDING_EXPLORATORY_RELEASE,event_840140001_1483633800_13465,840140001,13465,US,USD,Initial Jobless Claims,Initial Jobless Claims,2016.12.31 00:00:00,18796,0,CALENDAR_TIMEMODE_DATETIME,False,trade_server_time,CALENDAR_UNIT_NONE,0,CALENDAR_MULTIPLIER_THOUSANDS,False,,,,1483633800,2017.01.05 16:30:00,235,265,263,-30,Short,True,,1483635600,2017.01.05 17:00:00,1800,1.05448,0.002689967278876508,1.0,1.0,240,1.0571699672788766,1.0517900327211236,STOP,1,2017.01.05 17:00:00,1,-1.0,-26.899672788765077,False,False,,,STOP,-1.0
SURROUNDING_EXPLORATORY_RELEASE,event_840140001_1484238600_13466,840140001,13466,US,USD,Initial Jobless Claims,Initial Jobless Claims,2017.01.07 00:00:00,18797,0,CALENDAR_TIMEMODE_DATETIME,False,trade_server_time,CALENDAR_UNIT_NONE,0,CALENDAR_MULTIPLIER_THOUSANDS,False,,,,1484238600,2017.01.12 16:30:00,247,235,237,12,Long,True,,1484240400,2017.01.12 17:00:00,1800,1.06584,0.002577868758812815,1.0,1.0,240,1.0632621312411872,1.0684178687588126,STOP,4,2017.01.12 20:00:00,4,-1.0,-25.77868758812815,False,False,,,STOP,-1.0
SURROUNDING_EXPLORATORY_RELEASE,event_840020010_1484325000_5438,840020010,5438,US,USD,Retail Sales m/m,Retail Sales m/m,2016.12.01 00:00:00,3299,0,CALENDAR_TIMEMODE_DATETIME,False,trade_server_time,CALENDAR_UNIT_PERCENT,1,CALENDAR_MULTIPLIER_NONE,False,,,,1484325000,2017.01.13 16:30:00,0.6,0.1,0.2,0.5,Short,True,,1484326800,2017.01.13 17:00:00,1800,1.0605,0.0020131097056885314,1.0,1.0,240,1.0625131097056886,1.0584868902943114,STOP,1,2017.01.13 17:00:00,1,-1.0,-20.131097056885313,False,False,,,STOP,-1.0
SURROUNDING_EXPLORATORY_RELEASE,event_840030001_1484325000_14079,840030001,14079,US,USD,PPI m/m,PPI m/m,2016.12.01 00:00:00,6098,0,CALENDAR_TIMEMODE_DATETIME,False,trade_server_time,CALENDAR_UNIT_PERCENT,1,CALENDAR_MULTIPLIER_NONE,False,,,,1484325000,2017.01.13 16:30:00,0.3,0.4,,-0.1,Long,True,,1484326800,2017.01.13 17:00:00,1800,1.0605,0.0020131097056885314,1.0,1.0,240,1.0584868902943114,1.0625131097056886,TARGET,1,2017.01.13 17:00:00,1,1.0,20.131097056885313,False,False,,,TARGET,1.0
SURROUNDING_EXPLORATORY_RELEASE,event_840140001_1484843400_13467,840140001,13467,US,USD,Initial Jobless Claims,Initial Jobless Claims,2017.01.14 00:00:00,18798,0,CALENDAR_TIMEMODE_DATETIME,False,trade_server_time,CALENDAR_UNIT_NONE,0,CALENDAR_MULTIPLIER_THOUSANDS,False,,,,1484843400,2017.01.19 16:30:00,234,247,249,-13,Short,True,,1484845200,2017.01.19 17:00:00,1800,1.05909,0.001836864342882115,1.0,1.0,240,1.0609268643428822,1.057253135657118,STOP,1,2017.01.19 17:00:00,1,-1.0,-18.368643428821148,False,False,,,STOP,-1.0
SURROUNDING_EXPLORATORY_RELEASE,event_840140001_1485448200_13468,840140001,13468,US,USD,Initial Jobless Claims,Initial Jobless Claims,2017.01.21 00:00:00,18799,0,CALENDAR_TIMEMODE_DATETIME,False,trade_server_time,CALENDAR_UNIT_NONE,0,CALENDAR_MULTIPLIER_THOUSANDS,False,,,,1485448200,2017.01.26 16:30:00,259,234,,25,Long,True,,1485450000,2017.01.26 17:00:00,1800,1.06855,0.0016222329926617212,1.0,1.0,240,1.0669277670073385,1.0701722329926617,STOP,2,2017.01.26 18:00:00,2,-1.0,-16.22232992661721,False,False,,,STOP,-1.0
SURROUNDING_EXPLORATORY_RELEASE,event_840140001_1486053000_13469,840140001,13469,US,USD,Initial Jobless Claims,Initial Jobless Claims,2017.01.28 00:00:00,18800,0,CALENDAR_TIMEMODE_DATETIME,False,trade_server_time,CALENDAR_UNIT_NONE,0,CALENDAR_MULTIPLIER_THOUSANDS,False,,,,1486053000,2017.02.02 16:30:00,246,259,260,-13,Short,True,,1486054800,2017.02.02 17:00:00,1800,1.08172,0.0018131812403506065,1.0,1.0,240,1.0835331812403506,1.0799068187596494,TARGET,2,2017.02.02 18:00:00,2,1.0,18.131812403506064,False,False,,,TARGET,1.0
SURROUNDING_EXPLORATORY_RELEASE,event_840140001_1486657800_13470,840140001,13470,US,USD,Initial Jobless Claims,Initial Jobless Claims,2017.02.04 00:00:00,18801,0,CALENDAR_TIMEMODE_DATETIME,False,trade_server_time,CALENDAR_UNIT_NONE,0,CALENDAR_MULTIPLIER_THOUSANDS,False,,,,1486657800,2017.02.09 16:30:00,234,246,,-12,Short,True,,1486659600,2017.02.09 17:00:00,1800,1.06655,0.0014093455951305679,1.0,1.0,240,1.0679593455951306,1.0651406544048696,STOP,1,2017.02.09 17:00:00,1,-1.0,-14.093455951305678,False,False,,,STOP,-1.0
SURROUNDING_EXPLORATORY_RELEASE,event_840030001_1487089800_14080,840030001,14080,US,USD,PPI m/m,PPI m/m,2017.01.01 00:00:00,6099,0,CALENDAR_TIMEMODE_DATETIME,False,trade_server_time,CALENDAR_UNIT_PERCENT,1,CALENDAR_MULTIPLIER_NONE,False,,,,1487089800,2017.02.14 16:30:00,0.6,0.3,,0.3,Short,True,,1487091600,2017.02.14 17:00:00,1800,1.061,0.0012947127454221933,1.0,1.0,240,1.062294712745422,1.0597052872545778,TARGET,1,2017.02.14 17:00:00,1,1.0,12.947127454221933,False,False,,,TARGET,1.0
SURROUNDING_EXPLORATORY_RELEASE,event_840020010_1487176200_5439,840020010,5439,US,USD,Retail Sales m/m,Retail Sales m/m,2017.01.01 00:00:00,3300,0,CALENDAR_TIMEMODE_DATETIME,False,trade_server_time,CALENDAR_UNIT_PERCENT,1,CALENDAR_MULTIPLIER_NONE,False,,,,1487176200,2017.02.15 16:30:00,0.4,0.6,1.0,-0.2,Long,True,,1487178000,2017.02.15 17:00:00,1800,1.05607,0.0014180102884958198,1.0,1.0,240,1.0546519897115043,1.0574880102884958,TARGET,1,2017.02.15 17:00:00,1,1.0,14.180102884958197,False,False,,,TARGET,1.0
SURROUNDING_EXPLORATORY_RELEASE,event_840140001_1487262600_13471,840140001,13471,US,USD,Initial Jobless Claims,Initial Jobless Claims,2017.02.11 00:00:00,18802,0,CALENDAR_TIMEMODE_DATETIME,False,trade_server_time,CALENDAR_UNIT_NONE,0,CALENDAR_MULTIPLIER_THOUSANDS,False,,,,1487262600,2017.02.16 16:30:00,239,234,,5,Long,True,,1487264400,2017.02.16 17:00:00,1800,1.06584,0.0015078801405437692,1.0,1.0,240,1.0643321198594562,1.0673478801405436,TARGET,1,2017.02.16 17:00:00,1,1.0,15.07880140543769,False,False,,,TARGET,1.0
SURROUNDING_EXPLORATORY_RELEASE,event_840140001_1487867400_13472,840140001,13472,US,USD,Initial Jobless Claims,Initial Jobless Claims,2017.02.18 00:00:00,18803,0,CALENDAR_TIMEMODE_DATETIME,False,trade_server_time,CALENDAR_UNIT_NONE,0,CALENDAR_MULTIPLIER_THOUSANDS,False,,,,1487867400,2017.02.23 16:30:00,244,239,238,5,Long,True,,1487869200,2017.02.23 17:00:00,1800,1.05811,0.0016501482554795602,1.0,1.0,240,1.0564598517445205,1.0597601482554797,STOP,3,2017.02.23 19:00:00,3,-1.0,-16.5014825547956,False,False,,,STOP,-1.0
SURROUNDING_EXPLORATORY_RELEASE,event_840140001_1488472200_13473,840140001,13473,US,USD,Initial Jobless Claims,Initial Jobless Claims,2017.02.25 00:00:00,18804,0,CALENDAR_TIMEMODE_DATETIME,False,trade_server_time,CALENDAR_UNIT_NONE,0,CALENDAR_MULTIPLIER_THOUSANDS,False,,,,1488472200,2017.03.02 16:30:00,223,244,242,-21,Short,True,,1488474000,2017.03.02 17:00:00,1800,1.05049,0.0012879106509689246,1.0,1.0,240,1.0517779106509688,1.049202089349031,STOP,1,2017.03.02 17:00:00,1,-1.0,-12.879106509689246,False,False,,,STOP,-1.0
SURROUNDING_EXPLORATORY_RELEASE,event_840140001_1489077000_13474,840140001,13474,US,USD,Initial Jobless Claims,Initial Jobless Claims,2017.03.04 00:00:00,18805,0,CALENDAR_TIMEMODE_DATETIME,False,trade_server_time,CALENDAR_UNIT_NONE,0,CALENDAR_MULTIPLIER_THOUSANDS,False,,,,1489077000,2017.03.09 16:30:00,243,223,,20,Long,True,,1489078800,2017.03.09 17:00:00,1800,1.05933,0.0015149887077853615,1.0,1.0,240,1.0578150112922147,1.0608449887077855,STOP,1,2017.03.09 17:00:00,1,-1.0,-15.149887077853613,False,False,,,STOP,-1.0
SURROUNDING_EXPLORATORY_RELEASE,event_840030001_1489505400_14081,840030001,14081,US,USD,PPI m/m,PPI m/m,2017.02.01 00:00:00,6100,0,CALENDAR_TIMEMODE_DATETIME,False,trade_server_time,CALENDAR_UNIT_PERCENT,1,CALENDAR_MULTIPLIER_NONE,False,,,,1489505400,2017.03.14 15:30:00,0.3,0.6,,-0.3,Long,True,,1489507200,2017.03.14 16:00:00,1800,1.0629,0.001110633663325361,1.0,1.0,240,1.0617893663366746,1.0640106336633253,TARGET,1,2017.03.14 16:00:00,1,1.0,11.106336633253608,False,False,,,TARGET,1.0
SURROUNDING_EXPLORATORY_RELEASE,event_840020010_1489591800_21116,840020010,21116,US,USD,Retail Sales m/m,Retail Sales m/m,2017.02.01 00:00:00,3301,0,CALENDAR_TIMEMODE_DATETIME,False,trade_server_time,CALENDAR_UNIT_PERCENT,1,CALENDAR_MULTIPLIER_NONE,False,,,,1489591800,2017.03.15 15:30:00,0.1,0.4,0.6,-0.3,Long,True,,1489593600,2017.03.15 16:00:00,1800,1.06155,0.0010020354339190425,1.0,1.0,240,1.060547964566081,1.062552035433919,TARGET,1,2017.03.15 16:00:00,1,1.0,10.020354339190424,False,False,,,TARGET,1.0
SURROUNDING_EXPLORATORY_RELEASE,event_840140001_1489678200_21022,840140001,21022,US,USD,Initial Jobless Claims,Initial Jobless Claims,2017.03.11 00:00:00,18806,0,CALENDAR_TIMEMODE_DATETIME,False,trade_server_time,CALENDAR_UNIT_NONE,0,CALENDAR_MULTIPLIER_THOUSANDS,False,,,,1489678200,2017.03.16 15:30:00,241,243,243,-2,Short,True,,1489680000,2017.03.16 16:00:00,1800,1.07259,0.0015044845883717306,1.0,1.0,240,1.0740944845883718,1.071085515411628,STOP,1,2017.03.16 16:00:00,1,-1.0,-15.044845883717306,False,False,,,STOP,-1.0
SURROUNDING_EXPLORATORY_RELEASE,event_840140001_1490283000_21028,840140001,21028,US,USD,Initial Jobless Claims,Initial Jobless Claims,2017.03.18 00:00:00,18807,0,CALENDAR_TIMEMODE_DATETIME,False,trade_server_time,CALENDAR_UNIT_NONE,0,CALENDAR_MULTIPLIER_THOUSANDS,False,,,,1490283000,2017.03.23 15:30:00,258,241,243,17,Long,True,,1490284800,2017.03.23 16:00:00,1800,1.07852,0.0012910526387105868,1.0,1.0,240,1.0772289473612893,1.0798110526387106,STOP,11,2017.03.24 02:00:00,11,-1.0,-12.910526387105868,False,False,,,STOP,-1.0
SURROUNDING_EXPLORATORY_RELEASE,event_840140001_1491492600_21040,840140001,21040,US,USD,Initial Jobless Claims,Initial Jobless Claims,2017.04.01 00:00:00,18809,0,CALENDAR_TIMEMODE_DATETIME,False,trade_server_time,CALENDAR_UNIT_NONE,0,CALENDAR_MULTIPLIER_THOUSANDS,False,,,,1491492600,2017.04.06 15:30:00,234,258,259,-24,Short,True,,1491494400,2017.04.06 16:00:00,1800,1.06604,0.0013828993143327473,1.0,1.0,240,1.0674228993143329,1.0646571006856673,TARGET,3,2017.04.06 18:00:00,3,1.0,13.828993143327471,False,False,,,TARGET,1.0
SURROUNDING_EXPLORATORY_RELEASE,event_840030001_1492097400_20801,840030001,20801,US,USD,PPI m/m,PPI m/m,2017.03.01 00:00:00,6101,0,CALENDAR_TIMEMODE_DATETIME,False,trade_server_time,CALENDAR_UNIT_PERCENT,1,CALENDAR_MULTIPLIER_NONE,False,,,,1492097400,2017.04.13 15:30:00,-0.1,0.3,0.3,-0.4,Long,True,,1492099200,2017.04.13 16:00:00,1800,1.06278,0.001301430784373921,1.0,1.0,240,1.061478569215626,1.064081430784374,STOP,1,2017.04.13 16:00:00,1,-1.0,-13.014307843739209,False,False,,,STOP,-1.0
SURROUNDING_EXPLORATORY_RELEASE,event_840140001_1492097400_21045,840140001,21045,US,USD,Initial Jobless Claims,Initial Jobless Claims,2017.04.08 00:00:00,18810,0,CALENDAR_TIMEMODE_DATETIME,False,trade_server_time,CALENDAR_UNIT_NONE,0,CALENDAR_MULTIPLIER_THOUSANDS,False,,,,1492097400,2017.04.13 15:30:00,234,234,235,0,Flat,False,FLAT_DIRECTION,,,,,,,,,,,,,,,,,,,,,,
SURROUNDING_EXPLORATORY_RELEASE,event_840020010_1492183800_21132,840020010,21132,US,USD,Retail Sales m/m,Retail Sales m/m,2017.03.01 00:00:00,3302,0,CALENDAR_TIMEMODE_DATETIME,False,trade_server_time,CALENDAR_UNIT_PERCENT,1,CALENDAR_MULTIPLIER_NONE,False,,,,1492183800,2017.04.14 15:30:00,-0.2,0.1,-0.3,-0.3,Long,True,,1492185600,2017.04.14 16:00:00,1800,1.06291,0.0009113764834583145,1.0,1.0,240,1.0619986235165417,1.0638213764834583,STOP,1,2017.04.14 16:00:00,1,-1.0,-9.113764834583144,False,False,,,STOP,-1.0
SURROUNDING_EXPLORATORY_RELEASE,event_840140001_1492702200_21050,840140001,21050,US,USD,Initial Jobless Claims,Initial Jobless Claims,2017.04.15 00:00:00,18811,0,CALENDAR_TIMEMODE_DATETIME,False,trade_server_time,CALENDAR_UNIT_NONE,0,CALENDAR_MULTIPLIER_THOUSANDS,False,,,,1492702200,2017.04.20 15:30:00,244,234,234,10,Long,True,,1492704000,2017.04.20 16:00:00,1800,1.075,0.0012030853481239552,1.0,1.0,240,1.073796914651876,1.076203085348124,TARGET,1,2017.04.20 16:00:00,1,1.0,12.030853481239552,False,False,,,TARGET,1.0
SURROUNDING_EXPLORATORY_RELEASE,event_840140001_1493307000_21054,840140001,21054,US,USD,Initial Jobless Claims,Initial Jobless Claims,2017.04.22 00:00:00,18812,0,CALENDAR_TIMEMODE_DATETIME,False,trade_server_time,CALENDAR_UNIT_NONE,0,CALENDAR_MULTIPLIER_THOUSANDS,False,,,,1493307000,2017.04.27 15:30:00,257,244,243,13,Long,True,,1493308800,2017.04.27 16:00:00,1800,1.08951,0.0013772941374131128,1.0,1.0,240,1.088132705862587,1.090887294137413,STOP,1,2017.04.27 16:00:00,1,-1.0,-13.772941374131127,False,False,,,STOP,-1.0
SURROUNDING_EXPLORATORY_RELEASE,event_840140001_1493911800_22295,840140001,22295,US,USD,Initial Jobless Claims,Initial Jobless Claims,2017.04.29 00:00:00,18813,0,CALENDAR_TIMEMODE_DATETIME,False,trade_server_time,CALENDAR_UNIT_NONE,0,CALENDAR_MULTIPLIER_THOUSANDS,False,,,,1493911800,2017.05.04 15:30:00,238,257,257,-19,Short,True,,1493913600,2017.05.04 16:00:00,1800,1.09343,0.0012640069790035063,1.0,1.0,240,1.0946940069790034,1.0921659930209964,STOP,2,2017.05.04 17:00:00,2,-1.0,-12.640069790035062,False,False,,,STOP,-1.0
SURROUNDING_EXPLORATORY_RELEASE,event_840030001_1494516600_20833,840030001,20833,US,USD,PPI m/m,PPI m/m,2017.04.01 00:00:00,6102,0,CALENDAR_TIMEMODE_DATETIME,False,trade_server_time,CALENDAR_UNIT_PERCENT,1,CALENDAR_MULTIPLIER_NONE,False,,,,1494516600,2017.05.11 15:30:00,0.5,-0.1,-0.1,0.6,Short,True,,1494518400,2017.05.11 16:00:00,1800,1.08518,0.0011026191348840792,1.0,1.0,240,1.0862826191348842,1.0840773808651158,STOP,1,2017.05.11 16:00:00,1,-1.0,-11.026191348840792,False,False,,,STOP,-1.0
SURROUNDING_EXPLORATORY_RELEASE,event_840140001_1494516600_22297,840140001,22297,US,USD,Initial Jobless Claims,Initial Jobless Claims,2017.05.06 00:00:00,18814,0,CALENDAR_TIMEMODE_DATETIME,False,trade_server_time,CALENDAR_UNIT_NONE,0,CALENDAR_MULTIPLIER_THOUSANDS,False,,,,1494516600,2017.05.11 15:30:00,236,238,238,-2,Short,True,,1494518400,2017.05.11 16:00:00,1800,1.08518,0.0011026191348840792,1.0,1.0,240,1.0862826191348842,1.0840773808651158,STOP,1,2017.05.11 16:00:00,1,-1.0,-11.026191348840792,False,False,,,STOP,-1.0
SURROUNDING_EXPLORATORY_RELEASE,event_840020010_1494603000_21148,840020010,21148,US,USD,Retail Sales m/m,Retail Sales m/m,2017.04.01 00:00:00,3303,0,CALENDAR_TIMEMODE_DATETIME,False,trade_server_time,CALENDAR_UNIT_PERCENT,1,CALENDAR_MULTIPLIER_NONE,False,,,,1494603000,2017.05.12 15:30:00,0.4,-0.2,-0.2,0.6,Short,True,,1494604800,2017.05.12 16:00:00,1800,1.09058,0.0008857421862697437,1.0,1.0,240,1.09146574218627,1.0896942578137303,STOP,1,2017.05.12 16:00:00,1,-1.0,-8.857421862697436,False,False,,,STOP,-1.0
SURROUNDING_EXPLORATORY_RELEASE,event_840140001_1495121400_22299,840140001,22299,US,USD,Initial Jobless Claims,Initial Jobless Claims,2017.05.13 00:00:00,18815,0,CALENDAR_TIMEMODE_DATETIME,False,trade_server_time,CALENDAR_UNIT_NONE,0,CALENDAR_MULTIPLIER_THOUSANDS,False,,,,1495121400,2017.05.18 15:30:00,232,236,236,-4,Short,True,,1495123200,2017.05.18 16:00:00,1800,1.11084,0.0017264980712739532,1.0,1.0,240,1.112566498071274,1.1091135019287262,STOP,2,2017.05.18 17:00:00,2,-1.0,-17.264980712739533,False,False,,,STOP,-1.0
SURROUNDING_EXPLORATORY_RELEASE,event_840140001_1495726200_22301,840140001,22301,US,USD,Initial Jobless Claims,Initial Jobless Claims,2017.05.20 00:00:00,18816,0,CALENDAR_TIMEMODE_DATETIME,False,trade_server_time,CALENDAR_UNIT_NONE,0,CALENDAR_MULTIPLIER_THOUSANDS,False,,,,1495726200,2017.05.25 15:30:00,234,232,233,2,Long,True,,1495728000,2017.05.25 16:00:00,1800,1.12024,0.0015009616388495233,1.0,1.0,240,1.1187390383611504,1.1217409616388494,TARGET,2,2017.05.25 17:00:00,2,1.0,15.009616388495232,False,False,,,TARGET,1.0
SURROUNDING_EXPLORATORY_RELEASE,event_840140001_1496331000_22949,840140001,22949,US,USD,Initial Jobless Claims,Initial Jobless Claims,2017.05.27 00:00:00,18817,0,CALENDAR_TIMEMODE_DATETIME,False,trade_server_time,CALENDAR_UNIT_NONE,0,CALENDAR_MULTIPLIER_THOUSANDS,False,,,,1496331000,2017.06.01 15:30:00,248,234,235,14,Long,True,,1496332800,2017.06.01 16:00:00,1800,1.12145,0.0013853258163757497,1.0,1.0,240,1.1200646741836242,1.122835325816376,TARGET,2,2017.06.01 17:00:00,2,1.0,13.853258163757497,False,False,,,TARGET,1.0
SURROUNDING_EXPLORATORY_RELEASE,event_840140001_1496935800_22951,840140001,22951,US,USD,Initial Jobless Claims,Initial Jobless Claims,2017.06.03 00:00:00,18818,0,CALENDAR_TIMEMODE_DATETIME,False,trade_server_time,CALENDAR_UNIT_NONE,0,CALENDAR_MULTIPLIER_THOUSANDS,False,,,,1496935800,2017.06.08 15:30:00,245,248,255,-3,Short,True,,1496937600,2017.06.08 16:00:00,1800,1.12262,0.0016875338795677506,1.0,1.0,240,1.1243075338795676,1.1209324661204323,TARGET,1,2017.06.08 16:00:00,1,1.0,16.875338795677507,False,False,,,TARGET,1.0
SURROUNDING_EXPLORATORY_RELEASE,event_840030001_1497367800_20851,840030001,20851,US,USD,PPI m/m,PPI m/m,2017.05.01 00:00:00,6103,0,CALENDAR_TIMEMODE_DATETIME,False,trade_server_time,CALENDAR_UNIT_PERCENT,1,CALENDAR_MULTIPLIER_NONE,False,,,,1497367800,2017.06.13 15:30:00,0.0,0.5,0.5,-0.5,Long,True,,1497369600,2017.06.13 16:00:00,1800,1.12069,0.001178417047322083,1.0,1.0,240,1.1195115829526778,1.121868417047322,STOP,3,2017.06.13 18:00:00,3,-1.0,-11.78417047322083,False,False,,,STOP,-1.0
SURROUNDING_EXPLORATORY_RELEASE,event_840020010_1497454200_21173,840020010,21173,US,USD,Retail Sales m/m,Retail Sales m/m,2017.05.01 00:00:00,3304,0,CALENDAR_TIMEMODE_DATETIME,False,trade_server_time,CALENDAR_UNIT_PERCENT,1,CALENDAR_MULTIPLIER_NONE,False,,,,1497454200,2017.06.14 15:30:00,-0.3,0.4,0.4,-0.7,Long,True,,1497456000,2017.06.14 16:00:00,1800,1.12629,0.0009208251263075863,1.0,1.0,240,1.1253691748736925,1.1272108251263075,TARGET,1,2017.06.14 16:00:00,1,1.0,9.208251263075862,False,False,,,TARGET,1.0
SURROUNDING_EXPLORATORY_RELEASE,event_840140001_1497540600_22953,840140001,22953,US,USD,Initial Jobless Claims,Initial Jobless Claims,2017.06.10 00:00:00,18819,0,CALENDAR_TIMEMODE_DATETIME,False,trade_server_time,CALENDAR_UNIT_NONE,0,CALENDAR_MULTIPLIER_THOUSANDS,False,,,,1497540600,2017.06.15 15:30:00,237,245,245,-8,Short,True,,1497542400,2017.06.15 16:00:00,1800,1.11517,0.0016336086168122058,1.0,1.0,240,1.1168036086168123,1.1135363913831877,TARGET,2,2017.06.15 17:00:00,2,1.0,16.33608616812206,False,False,,,TARGET,1.0
SURROUNDING_EXPLORATORY_RELEASE,event_840140001_1498145400_22955,840140001,22955,US,USD,Initial Jobless Claims,Initial Jobless Claims,2017.06.17 00:00:00,18820,0,CALENDAR_TIMEMODE_DATETIME,False,trade_server_time,CALENDAR_UNIT_NONE,0,CALENDAR_MULTIPLIER_THOUSANDS,False,,,,1498145400,2017.06.22 15:30:00,241,237,238,4,Long,True,,1498147200,2017.06.22 16:00:00,1800,1.11608,0.0008652438475160113,1.0,1.0,240,1.1152147561524839,1.116945243847516,STOP,2,2017.06.22 17:00:00,2,-1.0,-8.652438475160112,False,False,,,STOP,-1.0
SURROUNDING_EXPLORATORY_RELEASE,event_840140001_1499355000_23040,840140001,23040,US,USD,Initial Jobless Claims,Initial Jobless Claims,2017.07.01 00:00:00,18822,0,CALENDAR_TIMEMODE_DATETIME,False,trade_server_time,CALENDAR_UNIT_NONE,0,CALENDAR_MULTIPLIER_THOUSANDS,False,,,,1499355000,2017.07.06 15:30:00,248,244,244,4,Long,True,,1499356800,2017.07.06 16:00:00,1800,1.13904,0.0013222139879333521,1.0,1.0,240,1.1377177860120666,1.1403622139879335,TARGET,2,2017.07.06 17:00:00,2,1.0,13.22213987933352,False,False,,,TARGET,1.0
SURROUNDING_EXPLORATORY_RELEASE,event_840030001_1499959800_20873,840030001,20873,US,USD,PPI m/m,PPI m/m,2017.06.01 00:00:00,6104,0,CALENDAR_TIMEMODE_DATETIME,False,trade_server_time,CALENDAR_UNIT_PERCENT,1,CALENDAR_MULTIPLIER_NONE,False,,,,1499959800,2017.07.13 15:30:00,0.1,0.0,0.0,0.1,Short,True,,1499961600,2017.07.13 16:00:00,1800,1.1416,0.0018803676582988516,1.0,1.0,240,1.1434803676582987,1.1397196323417011,TARGET,2,2017.07.13 17:00:00,2,1.0,18.803676582988516,False,False,,,TARGET,1.0
SURROUNDING_EXPLORATORY_RELEASE,event_840140001_1499959800_23042,840140001,23042,US,USD,Initial Jobless Claims,Initial Jobless Claims,2017.07.08 00:00:00,18823,0,CALENDAR_TIMEMODE_DATETIME,False,trade_server_time,CALENDAR_UNIT_NONE,0,CALENDAR_MULTIPLIER_THOUSANDS,False,,,,1499959800,2017.07.13 15:30:00,247,248,250,-1,Short,True,,1499961600,2017.07.13 16:00:00,1800,1.1416,0.0018803676582988516,1.0,1.0,240,1.1434803676582987,1.1397196323417011,TARGET,2,2017.07.13 17:00:00,2,1.0,18.803676582988516,False,False,,,TARGET,1.0
SURROUNDING_EXPLORATORY_RELEASE,event_840020010_1500046200_21191,840020010,21191,US,USD,Retail Sales m/m,Retail Sales m/m,2017.06.01 00:00:00,3305,0,CALENDAR_TIMEMODE_DATETIME,False,trade_server_time,CALENDAR_UNIT_PERCENT,1,CALENDAR_MULTIPLIER_NONE,False,,,,1500046200,2017.07.14 15:30:00,-0.2,-0.3,-0.1,0.1,Short,True,,1500048000,2017.07.14 16:00:00,1800,1.14614,0.0012019100782465883,1.0,1.0,240,1.1473419100782465,1.1449380899217534,TARGET,1,2017.07.14 16:00:00,1,1.0,12.019100782465882,False,False,,,TARGET,1.0
SURROUNDING_EXPLORATORY_RELEASE,event_840140001_1500564600_23044,840140001,23044,US,USD,Initial Jobless Claims,Initial Jobless Claims,2017.07.15 00:00:00,18824,0,CALENDAR_TIMEMODE_DATETIME,False,trade_server_time,CALENDAR_UNIT_NONE,0,CALENDAR_MULTIPLIER_THOUSANDS,False,,,,1500564600,2017.07.20 15:30:00,233,247,248,-14,Short,True,,1500566400,2017.07.20 16:00:00,1800,1.15616,0.0013040011819887916,1.0,1.0,240,1.1574640011819888,1.1548559988180114,TARGET,1,2017.07.20 16:00:00,1,1.0,13.040011819887916,False,False,,,TARGET,1.0
SURROUNDING_EXPLORATORY_RELEASE,event_840140001_1501169400_23046,840140001,23046,US,USD,Initial Jobless Claims,Initial Jobless Claims,2017.07.22 00:00:00,18825,0,CALENDAR_TIMEMODE_DATETIME,False,trade_server_time,CALENDAR_UNIT_NONE,0,CALENDAR_MULTIPLIER_THOUSANDS,False,,,,1501169400,2017.07.27 15:30:00,244,233,234,11,Long,True,,1501171200,2017.07.27 16:00:00,1800,1.16964,0.0019274110751259313,1.0,1.0,240,1.167712588924874,1.171567411075126,STOP,2,2017.07.27 17:00:00,2,-1.0,-19.27411075125931,False,False,,,STOP,-1.0
SURROUNDING_EXPLORATORY_RELEASE,event_840140001_1501774200_23215,840140001,23215,US,USD,Initial Jobless Claims,Initial Jobless Claims,2017.07.29 00:00:00,18826,0,CALENDAR_TIMEMODE_DATETIME,False,trade_server_time,CALENDAR_UNIT_NONE,0,CALENDAR_MULTIPLIER_THOUSANDS,False,,,,1501774200,2017.08.03 15:30:00,240,244,245,-4,Short,True,,1501776000,2017.08.03 16:00:00,1800,1.18591,0.0014707798671887067,1.0,1.0,240,1.1873807798671887,1.1844392201328113,TARGET,1,2017.08.03 16:00:00,1,1.0,14.707798671887065,False,False,,,TARGET,1.0
SURROUNDING_EXPLORATORY_RELEASE,event_840030001_1502379000_20905,840030001,20905,US,USD,PPI m/m,PPI m/m,2017.07.01 00:00:00,6105,0,CALENDAR_TIMEMODE_DATETIME,False,trade_server_time,CALENDAR_UNIT_PERCENT,1,CALENDAR_MULTIPLIER_NONE,False,,,,1502379000,2017.08.10 15:30:00,-0.1,0.1,0.1,-0.2,Long,True,,1502380800,2017.08.10 16:00:00,1800,1.17409,0.0015189748106796289,1.0,1.0,240,1.1725710251893204,1.1756089748106797,STOP,2,2017.08.10 17:00:00,2,-1.0,-15.189748106796287,True,False,,,TARGET,1.0
SURROUNDING_EXPLORATORY_RELEASE,event_840140001_1502379000_23217,840140001,23217,US,USD,Initial Jobless Claims,Initial Jobless Claims,2017.08.05 00:00:00,18827,0,CALENDAR_TIMEMODE_DATETIME,False,trade_server_time,CALENDAR_UNIT_NONE,0,CALENDAR_MULTIPLIER_THOUSANDS,False,,,,1502379000,2017.08.10 15:30:00,244,240,241,4,Long,True,,1502380800,2017.08.10 16:00:00,1800,1.17409,0.0015189748106796289,1.0,1.0,240,1.1725710251893204,1.1756089748106797,STOP,2,2017.08.10 17:00:00,2,-1.0,-15.189748106796287,True,False,,,TARGET,1.0
SURROUNDING_EXPLORATORY_RELEASE,event_840020010_1502811000_21230,840020010,21230,US,USD,Retail Sales m/m,Retail Sales m/m,2017.07.01 00:00:00,3306,0,CALENDAR_TIMEMODE_DATETIME,False,trade_server_time,CALENDAR_UNIT_PERCENT,1,CALENDAR_MULTIPLIER_NONE,False,,,,1502811000,2017.08.15 15:30:00,0.6,-0.2,0.3,0.8,Short,True,,1502812800,2017.08.15 16:00:00,1800,1.16915,0.0015776815272750722,1.0,1.0,240,1.170727681527275,1.167572318472725,STOP,1,2017.08.15 16:00:00,1,-1.0,-15.77681527275072,False,False,,,STOP,-1.0
SURROUNDING_EXPLORATORY_RELEASE,event_840140001_1502983800_23219,840140001,23219,US,USD,Initial Jobless Claims,Initial Jobless Claims,2017.08.12 00:00:00,18828,0,CALENDAR_TIMEMODE_DATETIME,False,trade_server_time,CALENDAR_UNIT_NONE,0,CALENDAR_MULTIPLIER_THOUSANDS,False,,,,1502983800,2017.08.17 15:30:00,232,244,244,-12,Short,True,,1502985600,2017.08.17 16:00:00,1800,1.16928,0.0020126433156638815,1.0,1.0,240,1.171292643315664,1.1672673566843361,STOP,1,2017.08.17 16:00:00,1,-1.0,-20.126433156638814,False,False,,,STOP,-1.0
SURROUNDING_EXPLORATORY_RELEASE,event_840140001_1503588600_23221,840140001,23221,US,USD,Initial Jobless Claims,Initial Jobless Claims,2017.08.19 00:00:00,18829,0,CALENDAR_TIMEMODE_DATETIME,False,trade_server_time,CALENDAR_UNIT_NONE,0,CALENDAR_MULTIPLIER_THOUSANDS,False,,,,1503588600,2017.08.24 15:30:00,234,232,232,2,Long,True,,1503590400,2017.08.24 16:00:00,1800,1.17989,0.00116634484994706,1.0,1.0,240,1.178723655150053,1.1810563448499471,TARGET,5,2017.08.24 20:00:00,5,1.0,11.663448499470599,False,False,,,TARGET,1.0
SURROUNDING_EXPLORATORY_RELEASE,event_840140001_1504798200_30338,840140001,30338,US,USD,Initial Jobless Claims,Initial Jobless Claims,2017.09.02 00:00:00,18831,0,CALENDAR_TIMEMODE_DATETIME,False,trade_server_time,CALENDAR_UNIT_NONE,0,CALENDAR_MULTIPLIER_THOUSANDS,False,,,,1504798200,2017.09.07 15:30:00,298,236,236,62,Long,True,,1504800000,2017.09.07 16:00:00,1800,1.2042,0.0016204271373518632,1.0,1.0,240,1.202579572862648,1.2058204271373518,STOP,1,2017.09.07 16:00:00,1,-1.0,-16.20427137351863,True,False,,,TARGET,1.0
SURROUNDING_EXPLORATORY_RELEASE,event_840030001_1505316600_20927,840030001,20927,US,USD,PPI m/m,PPI m/m,2017.08.01 00:00:00,6106,0,CALENDAR_TIMEMODE_DATETIME,False,trade_server_time,CALENDAR_UNIT_PERCENT,1,CALENDAR_MULTIPLIER_NONE,False,,,,1505316600,2017.09.13 15:30:00,0.2,-0.1,-0.1,0.3,Short,True,,1505318400,2017.09.13 16:00:00,1800,1.19736,0.0013986510747545208,1.0,1.0,240,1.1987586510747545,1.1959613489252454,TARGET,1,2017.09.13 16:00:00,1,1.0,13.986510747545207,False,False,,,TARGET,1.0
SURROUNDING_EXPLORATORY_RELEASE,event_840140001_1505403000_30340,840140001,30340,US,USD,Initial Jobless Claims,Initial Jobless Claims,2017.09.09 00:00:00,18832,0,CALENDAR_TIMEMODE_DATETIME,False,trade_server_time,CALENDAR_UNIT_NONE,0,CALENDAR_MULTIPLIER_THOUSANDS,False,,,,1505403000,2017.09.14 15:30:00,284,298,298,-14,Short,True,,1505404800,2017.09.14 16:00:00,1800,1.18924,0.00152916389414272,1.0,1.0,240,1.190769163894143,1.1877108361058573,TARGET,1,2017.09.14 16:00:00,1,1.0,15.291638941427198,False,False,,,TARGET,1.0
SURROUNDING_EXPLORATORY_RELEASE,event_840020010_1505489400_21250,840020010,21250,US,USD,Retail Sales m/m,Retail Sales m/m,2017.08.01 00:00:00,3307,0,CALENDAR_TIMEMODE_DATETIME,False,trade_server_time,CALENDAR_UNIT_PERCENT,1,CALENDAR_MULTIPLIER_NONE,False,,,,1505489400,2017.09.15 15:30:00,-0.2,0.6,0.3,-0.8,Long,True,,1505491200,2017.09.15 16:00:00,1800,1.19735,0.001746422960790819,1.0,1.0,240,1.195603577039209,1.1990964229607908,STOP,3,2017.09.15 18:00:00,3,-1.0,-17.464229607908187,False,False,,,STOP,-1.0
SURROUNDING_EXPLORATORY_RELEASE,event_840140001_1506007800_30342,840140001,30342,US,USD,Initial Jobless Claims,Initial Jobless Claims,2017.09.16 00:00:00,18833,0,CALENDAR_TIMEMODE_DATETIME,False,trade_server_time,CALENDAR_UNIT_NONE,0,CALENDAR_MULTIPLIER_THOUSANDS,False,,,,1506007800,2017.09.21 15:30:00,259,284,282,-25,Short,True,,1506009600,2017.09.21 16:00:00,1800,1.19162,0.0018487615570558908,1.0,1.0,240,1.1934687615570558,1.189771238442944,STOP,3,2017.09.21 18:00:00,3,-1.0,-18.48761557055891,False,False,,,STOP,-1.0
SURROUNDING_EXPLORATORY_RELEASE,event_840140001_1506612600_30344,840140001,30344,US,USD,Initial Jobless Claims,Initial Jobless Claims,2017.09.23 00:00:00,18834,0,CALENDAR_TIMEMODE_DATETIME,False,trade_server_time,CALENDAR_UNIT_NONE,0,CALENDAR_MULTIPLIER_THOUSANDS,False,,,,1506612600,2017.09.28 15:30:00,272,259,260,13,Long,True,,1506614400,2017.09.28 16:00:00,1800,1.17668,0.0016450103874510117,1.0,1.0,240,1.175034989612549,1.178325010387451,TARGET,1,2017.09.28 16:00:00,1,1.0,16.450103874510116,False,False,,,TARGET,1.0
SURROUNDING_EXPLORATORY_RELEASE,event_840140001_1507217400_39929,840140001,39929,US,USD,Initial Jobless Claims,Initial Jobless Claims,2017.09.30 00:00:00,18835,0,CALENDAR_TIMEMODE_DATETIME,False,trade_server_time,CALENDAR_UNIT_NONE,0,CALENDAR_MULTIPLIER_THOUSANDS,False,,,,1507217400,2017.10.05 15:30:00,260,272,272,-12,Short,True,,1507219200,2017.10.05 16:00:00,1800,1.17306,0.0011803071347200596,1.0,1.0,240,1.17424030713472,1.17187969286528,TARGET,1,2017.10.05 16:00:00,1,1.0,11.803071347200595,False,False,,,TARGET,1.0
SURROUNDING_EXPLORATORY_RELEASE,event_840030001_1507822200_20949,840030001,20949,US,USD,PPI m/m,PPI m/m,2017.09.01 00:00:00,6107,0,CALENDAR_TIMEMODE_DATETIME,False,trade_server_time,CALENDAR_UNIT_PERCENT,1,CALENDAR_MULTIPLIER_NONE,False,,,,1507822200,2017.10.12 15:30:00,0.4,0.2,0.2,0.2,Short,True,,1507824000,2017.10.12 16:00:00,1800,1.1847,0.001116472471209728,1.0,1.0,240,1.18581647247121,1.1835835275287903,TARGET,1,2017.10.12 16:00:00,1,1.0,11.16472471209728,False,False,,,TARGET,1.0
SURROUNDING_EXPLORATORY_RELEASE,event_840140001_1507822200_39932,840140001,39932,US,USD,Initial Jobless Claims,Initial Jobless Claims,2017.10.07 00:00:00,18836,0,CALENDAR_TIMEMODE_DATETIME,False,trade_server_time,CALENDAR_UNIT_NONE,0,CALENDAR_MULTIPLIER_THOUSANDS,False,,,,1507822200,2017.10.12 15:30:00,243,260,258,-17,Short,True,,1507824000,2017.10.12 16:00:00,1800,1.1847,0.001116472471209728,1.0,1.0,240,1.18581647247121,1.1835835275287903,TARGET,1,2017.10.12 16:00:00,1,1.0,11.16472471209728,False,False,,,TARGET,1.0
SURROUNDING_EXPLORATORY_RELEASE,event_840020010_1507908600_21273,840020010,21273,US,USD,Retail Sales m/m,Retail Sales m/m,2017.09.01 00:00:00,3308,0,CALENDAR_TIMEMODE_DATETIME,False,trade_server_time,CALENDAR_UNIT_PERCENT,1,CALENDAR_MULTIPLIER_NONE,False,,,,1507908600,2017.10.13 15:30:00,1.6,-0.2,-0.1,1.8,Short,True,,1507910400,2017.10.13 16:00:00,1800,1.18561,0.0012324313019632766,1.0,1.0,240,1.1868424313019634,1.1843775686980367,STOP,1,2017.10.13 16:00:00,1,-1.0,-12.324313019632765,False,False,,,STOP,-1.0
SURROUNDING_EXPLORATORY_RELEASE,event_840140001_1508427000_39935,840140001,39935,US,USD,Initial Jobless Claims,Initial Jobless Claims,2017.10.14 00:00:00,18837,0,CALENDAR_TIMEMODE_DATETIME,False,trade_server_time,CALENDAR_UNIT_NONE,0,CALENDAR_MULTIPLIER_THOUSANDS,False,,,,1508427000,2017.10.19 15:30:00,222,243,244,-21,Short,True,,1508428800,2017.10.19 16:00:00,1800,1.18298,0.0016428973973354594,1.0,1.0,240,1.1846228973973354,1.1813371026026644,STOP,1,2017.10.19 16:00:00,1,-1.0,-16.428973973354594,False,False,,,STOP,-1.0
SURROUNDING_EXPLORATORY_RELEASE,event_840140001_1509031800_39938,840140001,39938,US,USD,Initial Jobless Claims,Initial Jobless Claims,2017.10.21 00:00:00,18838,0,CALENDAR_TIMEMODE_DATETIME,False,trade_server_time,CALENDAR_UNIT_NONE,0,CALENDAR_MULTIPLIER_THOUSANDS,False,,,,1509031800,2017.10.26 15:30:00,233,222,223,11,Long,True,,1509033600,2017.10.26 16:00:00,1800,1.17691,0.0014101606148077624,1.0,1.0,240,1.175499839385192,1.1783201606148077,STOP,1,2017.10.26 16:00:00,1,-1.0,-14.101606148077623,True,False,,,TARGET,1.0
SURROUNDING_EXPLORATORY_RELEASE,event_840140001_1509636600_44896,840140001,44896,US,USD,Initial Jobless Claims,Initial Jobless Claims,2017.10.28 00:00:00,18839,0,CALENDAR_TIMEMODE_DATETIME,False,trade_server_time,CALENDAR_UNIT_NONE,0,CALENDAR_MULTIPLIER_THOUSANDS,False,,,,1509636600,2017.11.02 15:30:00,229,233,234,-4,Short,True,,1509638400,2017.11.02 16:00:00,1800,1.165,0.0014450410290313533,1.0,1.0,240,1.1664450410290315,1.1635549589709686,STOP,1,2017.11.02 16:00:00,1,-1.0,-14.450410290313531,False,False,,,STOP,-1.0
SURROUNDING_EXPLORATORY_RELEASE,event_840140001_1510245000_44899,840140001,44899,US,USD,Initial Jobless Claims,Initial Jobless Claims,2017.11.04 00:00:00,18840,0,CALENDAR_TIMEMODE_DATETIME,False,trade_server_time,CALENDAR_UNIT_NONE,0,CALENDAR_MULTIPLIER_THOUSANDS,False,,,,1510245000,2017.11.09 16:30:00,239,229,,10,Long,True,,1510246800,2017.11.09 17:00:00,1800,1.16309,0.0013666712415130796,1.0,1.0,240,1.161723328758487,1.164456671241513,TARGET,2,2017.11.09 18:00:00,2,1.0,13.666712415130796,False,False,,,TARGET,1.0
SURROUNDING_EXPLORATORY_RELEASE,event_840030001_1510677000_20978,840030001,20978,US,USD,PPI m/m,PPI m/m,2017.10.01 00:00:00,6108,0,CALENDAR_TIMEMODE_DATETIME,False,trade_server_time,CALENDAR_UNIT_PERCENT,1,CALENDAR_MULTIPLIER_NONE,False,,,,1510677000,2017.11.14 16:30:00,0.4,0.4,,0.0,Flat,False,FLAT_DIRECTION,,,,,,,,,,,,,,,,,,,,,,
SURROUNDING_EXPLORATORY_RELEASE,event_840020010_1510763400_21305,840020010,21305,US,USD,Retail Sales m/m,Retail Sales m/m,2017.10.01 00:00:00,3309,0,CALENDAR_TIMEMODE_DATETIME,False,trade_server_time,CALENDAR_UNIT_PERCENT,1,CALENDAR_MULTIPLIER_NONE,False,,,,1510763400,2017.11.15 16:30:00,0.2,1.6,1.9,-1.4,Long,True,,1510765200,2017.11.15 17:00:00,1800,1.182,0.0015803423720442422,1.0,1.0,240,1.1804196576279558,1.1835803423720441,STOP,1,2017.11.15 17:00:00,1,-1.0,-15.80342372044242,False,False,,,STOP,-1.0
SURROUNDING_EXPLORATORY_RELEASE,event_840140001_1510849800_44902,840140001,44902,US,USD,Initial Jobless Claims,Initial Jobless Claims,2017.11.11 00:00:00,18841,0,CALENDAR_TIMEMODE_DATETIME,False,trade_server_time,CALENDAR_UNIT_NONE,0,CALENDAR_MULTIPLIER_THOUSANDS,False,,,,1510849800,2017.11.16 16:30:00,249,239,,10,Long,True,,1510851600,2017.11.16 17:00:00,1800,1.17786,0.0014374103856486,1.0,1.0,240,1.1764225896143512,1.1792974103856486,STOP,1,2017.11.16 17:00:00,1,-1.0,-14.374103856485998,False,False,,,STOP,-1.0
SURROUNDING_EXPLORATORY_RELEASE,event_840140001_1511368200_44905,840140001,44905,US,USD,Initial Jobless Claims,Initial Jobless Claims,2017.11.18 00:00:00,18842,0,CALENDAR_TIMEMODE_DATETIME,False,trade_server_time,CALENDAR_UNIT_NONE,0,CALENDAR_MULTIPLIER_THOUSANDS,False,,,,1511368200,2017.11.22 16:30:00,239,249,252,-10,Short,True,,1511370000,2017.11.22 17:00:00,1800,1.17754,0.0012355029451333113,1.0,1.0,240,1.1787755029451334,1.1763044970548666,STOP,1,2017.11.22 17:00:00,1,-1.0,-12.355029451333113,False,False,,,STOP,-1.0
SURROUNDING_EXPLORATORY_RELEASE,event_840140001_1512059400_44908,840140001,44908,US,USD,Initial Jobless Claims,Initial Jobless Claims,2017.11.25 00:00:00,18843,0,CALENDAR_TIMEMODE_DATETIME,False,trade_server_time,CALENDAR_UNIT_NONE,0,CALENDAR_MULTIPLIER_THOUSANDS,False,,,,1512059400,2017.11.30 16:30:00,238,239,240,-1,Short,True,,1512061200,2017.11.30 17:00:00,1800,1.19034,0.0014834257822147583,1.0,1.0,240,1.1918234257822147,1.1888565742177852,STOP,1,2017.11.30 17:00:00,1,-1.0,-14.834257822147581,False,False,,,STOP,-1.0
SURROUNDING_EXPLORATORY_RELEASE,event_840140001_1512664200_51266,840140001,51266,US,USD,Initial Jobless Claims,Initial Jobless Claims,2017.12.02 00:00:00,18844,0,CALENDAR_TIMEMODE_DATETIME,False,trade_server_time,CALENDAR_UNIT_NONE,0,CALENDAR_MULTIPLIER_THOUSANDS,False,,,,1512664200,2017.12.07 16:30:00,236,238,,-2,Short,True,,1512666000,2017.12.07 17:00:00,1800,1.17966,0.001256061329038159,1.0,1.0,240,1.1809160613290381,1.1784039386709617,STOP,4,2017.12.07 20:00:00,4,-1.0,-12.56061329038159,False,False,,,STOP,-1.0
SURROUNDING_EXPLORATORY_RELEASE,event_840030001_1513096200_21012,840030001,21012,US,USD,PPI m/m,PPI m/m,2017.11.01 00:00:00,6109,0,CALENDAR_TIMEMODE_DATETIME,False,trade_server_time,CALENDAR_UNIT_PERCENT,1,CALENDAR_MULTIPLIER_NONE,False,,,,1513096200,2017.12.12 16:30:00,0.4,0.4,,0.0,Flat,False,FLAT_DIRECTION,,,,,,,,,,,,,,,,,,,,,,
SURROUNDING_EXPLORATORY_RELEASE,event_840020010_1513269000_21336,840020010,21336,US,USD,Retail Sales m/m,Retail Sales m/m,2017.11.01 00:00:00,3310,0,CALENDAR_TIMEMODE_DATETIME,False,trade_server_time,CALENDAR_UNIT_PERCENT,1,CALENDAR_MULTIPLIER_NONE,False,,,,1513269000,2017.12.14 16:30:00,0.8,0.2,0.5,0.6,Short,True,,1513270800,2017.12.14 17:00:00,1800,1.18015,0.0017229087546042268,1.0,1.0,240,1.1818729087546043,1.1784270912453958,TARGET,1,2017.12.14 17:00:00,1,1.0,17.229087546042265,False,False,,,TARGET,1.0
SURROUNDING_EXPLORATORY_RELEASE,event_840140001_1513269000_51283,840140001,51283,US,USD,Initial Jobless Claims,Initial Jobless Claims,2017.12.09 00:00:00,18845,0,CALENDAR_TIMEMODE_DATETIME,False,trade_server_time,CALENDAR_UNIT_NONE,0,CALENDAR_MULTIPLIER_THOUSANDS,False,,,,1513269000,2017.12.14 16:30:00,225,236,,-11,Short,True,,1513270800,2017.12.14 17:00:00,1800,1.18015,0.0017229087546042268,1.0,1.0,240,1.1818729087546043,1.1784270912453958,TARGET,1,2017.12.14 17:00:00,1,1.0,17.229087546042265,False,False,,,TARGET,1.0
SURROUNDING_EXPLORATORY_RELEASE,event_840140001_1513873800_51305,840140001,51305,US,USD,Initial Jobless Claims,Initial Jobless Claims,2017.12.16 00:00:00,18846,0,CALENDAR_TIMEMODE_DATETIME,False,trade_server_time,CALENDAR_UNIT_NONE,0,CALENDAR_MULTIPLIER_THOUSANDS,False,,,,1513873800,2017.12.21 16:30:00,245,225,,20,Long,True,,1513875600,2017.12.21 17:00:00,1800,1.18645,0.0012329767024063436,1.0,1.0,240,1.1852170232975936,1.1876829767024064,TARGET,2,2017.12.21 18:00:00,2,1.0,12.329767024063436,False,False,,,TARGET,1.0
SURROUNDING_EXPLORATORY_RELEASE,event_840140001_1514478600_51314,840140001,51314,US,USD,Initial Jobless Claims,Initial Jobless Claims,2017.12.23 00:00:00,18847,0,CALENDAR_TIMEMODE_DATETIME,False,trade_server_time,CALENDAR_UNIT_NONE,0,CALENDAR_MULTIPLIER_THOUSANDS,False,,,,1514478600,2017.12.28 16:30:00,245,245,,0,Flat,False,FLAT_DIRECTION,,,,,,,,,,,,,,,,,,,,,,
SURROUNDING_EXPLORATORY_RELEASE,event_840140001_1515083400_55971,840140001,55971,US,USD,Initial Jobless Claims,Initial Jobless Claims,2017.12.30 00:00:00,18848,0,CALENDAR_TIMEMODE_DATETIME,False,trade_server_time,CALENDAR_UNIT_NONE,0,CALENDAR_MULTIPLIER_THOUSANDS,False,,,,1515083400,2018.01.04 16:30:00,250,245,247,5,Long,True,,1515085200,2018.01.04 17:00:00,1800,1.20819,0.0013719695992486026,1.0,1.0,240,1.2068180304007514,1.2095619695992488,STOP,2,2018.01.04 18:00:00,2,-1.0,-13.719695992486026,False,False,,,STOP,-1.0
SURROUNDING_EXPLORATORY_RELEASE,event_840030001_1515688200_44512,840030001,44512,US,USD,PPI m/m,PPI m/m,2017.12.01 00:00:00,6110,0,CALENDAR_TIMEMODE_DATETIME,False,trade_server_time,CALENDAR_UNIT_PERCENT,1,CALENDAR_MULTIPLIER_NONE,False,,,,1515688200,2018.01.11 16:30:00,-0.1,0.4,,-0.5,Long,True,,1515690000,2018.01.11 17:00:00,1800,1.20476,0.00205853173498752,1.0,1.0,240,1.2027014682650126,1.2068185317349875,TARGET,17,2018.01.12 09:00:00,17,1.0,20.585317349875197,False,False,,,TARGET,1.0
SURROUNDING_EXPLORATORY_RELEASE,event_840140001_1515688200_54922,840140001,54922,US,USD,Initial Jobless Claims,Initial Jobless Claims,2018.01.06 00:00:00,18849,0,CALENDAR_TIMEMODE_DATETIME,False,trade_server_time,CALENDAR_UNIT_NONE,0,CALENDAR_MULTIPLIER_THOUSANDS,False,,,,1515688200,2018.01.11 16:30:00,261,250,,11,Long,True,,1515690000,2018.01.11 17:00:00,1800,1.20476,0.00205853173498752,1.0,1.0,240,1.2027014682650126,1.2068185317349875,TARGET,17,2018.01.12 09:00:00,17,1.0,20.585317349875197,False,False,,,TARGET,1.0
SURROUNDING_EXPLORATORY_RELEASE,event_840020010_1515774600_54663,840020010,54663,US,USD,Retail Sales m/m,Retail Sales m/m,2017.12.01 00:00:00,3311,0,CALENDAR_TIMEMODE_DATETIME,False,trade_server_time,CALENDAR_UNIT_PERCENT,1,CALENDAR_MULTIPLIER_NONE,False,,,,1515774600,2018.01.12 16:30:00,0.4,0.8,0.9,-0.4,Long,True,,1515776400,2018.01.12 17:00:00,1800,1.21376,0.0020654475778045457,1.0,1.0,240,1.2116945524221954,1.2158254475778045,TARGET,4,2018.01.12 20:00:00,4,1.0,20.654475778045455,False,False,,,TARGET,1.0
SURROUNDING_EXPLORATORY_RELEASE,event_840140001_1516293000_54925,840140001,54925,US,USD,Initial Jobless Claims,Initial Jobless Claims,2018.01.13 00:00:00,18850,0,CALENDAR_TIMEMODE_DATETIME,False,trade_server_time,CALENDAR_UNIT_NONE,0,CALENDAR_MULTIPLIER_THOUSANDS,False,,,,1516293000,2018.01.18 16:30:00,220,261,,-41,Short,True,,1516294800,2018.01.18 17:00:00,1800,1.22601,0.0021742419431137034,1.0,1.0,240,1.2281842419431137,1.2238357580568864,TARGET,1,2018.01.18 17:00:00,1,1.0,21.742419431137034,False,False,,,TARGET,1.0
SURROUNDING_EXPLORATORY_RELEASE,event_840140001_1516897800_54935,840140001,54935,US,USD,Initial Jobless Claims,Initial Jobless Claims,2018.01.20 00:00:00,18851,0,CALENDAR_TIMEMODE_DATETIME,False,trade_server_time,CALENDAR_UNIT_NONE,0,CALENDAR_MULTIPLIER_THOUSANDS,False,,,,1516897800,2018.01.25 16:30:00,233,220,216,13,Long,True,,1516899600,2018.01.25 17:00:00,1800,1.24899,0.0027320503959902764,1.0,1.0,240,1.2462579496040098,1.2517220503959903,TARGET,1,2018.01.25 17:00:00,1,1.0,27.320503959902762,False,False,,,TARGET,1.0
SURROUNDING_EXPLORATORY_RELEASE,event_840140001_1517502600_55974,840140001,55974,US,USD,Initial Jobless Claims,Initial Jobless Claims,2018.01.27 00:00:00,18852,0,CALENDAR_TIMEMODE_DATETIME,False,trade_server_time,CALENDAR_UNIT_NONE,0,CALENDAR_MULTIPLIER_THOUSANDS,False,,,,1517502600,2018.02.01 16:30:00,230,233,231,-3,Short,True,,1517504400,2018.02.01 17:00:00,1800,1.24418,0.0020248777308170232,1.0,1.0,240,1.246204877730817,1.2421551222691831,STOP,1,2018.02.01 17:00:00,1,-1.0,-20.248777308170233,False,False,,,STOP,-1.0
SURROUNDING_EXPLORATORY_RELEASE,event_840140001_1518107400_55977,840140001,55977,US,USD,Initial Jobless Claims,Initial Jobless Claims,2018.02.03 00:00:00,18853,0,CALENDAR_TIMEMODE_DATETIME,False,trade_server_time,CALENDAR_UNIT_NONE,0,CALENDAR_MULTIPLIER_THOUSANDS,False,,,,1518107400,2018.02.08 16:30:00,221,230,,-9,Short,True,,1518109200,2018.02.08 17:00:00,1800,1.22768,0.0023422185499629255,1.0,1.0,240,1.230022218549963,1.2253377814500372,TARGET,1,2018.02.08 17:00:00,1,1.0,23.422185499629254,False,False,,,TARGET,1.0
SURROUNDING_EXPLORATORY_RELEASE,event_840020010_1518625800_54693,840020010,54693,US,USD,Retail Sales m/m,Retail Sales m/m,2018.01.01 00:00:00,3312,0,CALENDAR_TIMEMODE_DATETIME,False,trade_server_time,CALENDAR_UNIT_PERCENT,1,CALENDAR_MULTIPLIER_NONE,False,,,,1518625800,2018.02.14 16:30:00,-0.3,0.4,0.0,-0.7,Long,True,,1518627600,2018.02.14 17:00:00,1800,1.23219,0.0019869244162568768,1.0,1.0,240,1.230203075583743,1.2341769244162568,TARGET,1,2018.02.14 17:00:00,1,1.0,19.869244162568766,False,False,,,TARGET,1.0
SURROUNDING_EXPLORATORY_RELEASE,event_840030001_1518712200_44586,840030001,44586,US,USD,PPI m/m,PPI m/m,2018.01.01 00:00:00,6111,0,CALENDAR_TIMEMODE_DATETIME,False,trade_server_time,CALENDAR_UNIT_PERCENT,1,CALENDAR_MULTIPLIER_NONE,False,,,,1518712200,2018.02.15 16:30:00,0.4,-0.1,0.0,0.5,Short,True,,1518714000,2018.02.15 17:00:00,1800,1.2498,0.002279913136189668,1.0,1.0,240,1.2520799131361897,1.2475200868638103,TARGET,1,2018.02.15 17:00:00,1,1.0,22.79913136189668,False,False,,,TARGET,1.0
SURROUNDING_EXPLORATORY_RELEASE,event_840140001_1518712200_55986,840140001,55986,US,USD,Initial Jobless Claims,Initial Jobless Claims,2018.02.10 00:00:00,18854,0,CALENDAR_TIMEMODE_DATETIME,False,trade_server_time,CALENDAR_UNIT_NONE,0,CALENDAR_MULTIPLIER_THOUSANDS,False,,,,1518712200,2018.02.15 16:30:00,230,221,223,9,Long,True,,1518714000,2018.02.15 17:00:00,1800,1.2498,0.002279913136189668,1.0,1.0,240,1.2475200868638103,1.2520799131361897,STOP,1,2018.02.15 17:00:00,1,-1.0,-22.79913136189668,False,False,,,STOP,-1.0
SURROUNDING_EXPLORATORY_RELEASE,event_840140001_1519317000_55989,840140001,55989,US,USD,Initial Jobless Claims,Initial Jobless Claims,2018.02.17 00:00:00,18855,0,CALENDAR_TIMEMODE_DATETIME,False,trade_server_time,CALENDAR_UNIT_NONE,0,CALENDAR_MULTIPLIER_THOUSANDS,False,,,,1519317000,2018.02.22 16:30:00,222,230,229,-8,Short,True,,1519318800,2018.02.22 17:00:00,1800,1.23271,0.002040477334458541,1.0,1.0,240,1.2347504773344584,1.2306695226655415,STOP,1,2018.02.22 17:00:00,1,-1.0,-20.404773344585408,False,False,,,STOP,-1.0
SURROUNDING_EXPLORATORY_RELEASE,event_840140001_1519921800_56582,840140001,56582,US,USD,Initial Jobless Claims,Initial Jobless Claims,2018.02.24 00:00:00,18856,0,CALENDAR_TIMEMODE_DATETIME,False,trade_server_time,CALENDAR_UNIT_NONE,0,CALENDAR_MULTIPLIER_THOUSANDS,False,,,,1519921800,2018.03.01 16:30:00,210,222,220,-12,Short,True,,1519923600,2018.03.01 17:00:00,1800,1.2166,0.0015041727822924695,1.0,1.0,240,1.2181041727822923,1.2150958272177075,STOP,1,2018.03.01 17:00:00,1,-1.0,-15.041727822924695,False,False,,,STOP,-1.0
SURROUNDING_EXPLORATORY_RELEASE,event_840140001_1520526600_56585,840140001,56585,US,USD,Initial Jobless Claims,Initial Jobless Claims,2018.03.03 00:00:00,18857,0,CALENDAR_TIMEMODE_DATETIME,False,trade_server_time,CALENDAR_UNIT_NONE,0,CALENDAR_MULTIPLIER_THOUSANDS,False,,,,1520526600,2018.03.08 16:30:00,231,210,,21,Long,True,,1520528400,2018.03.08 17:00:00,1800,1.23504,0.0020061699775318557,1.0,1.0,240,1.2330338300224681,1.2370461699775317,STOP,1,2018.03.08 17:00:00,1,-1.0,-20.061699775318555,False,False,,,STOP,-1.0
SURROUNDING_EXPLORATORY_RELEASE,event_840020010_1521041400_54713,840020010,54713,US,USD,Retail Sales m/m,Retail Sales m/m,2018.02.01 00:00:00,3313,0,CALENDAR_TIMEMODE_DATETIME,False,trade_server_time,CALENDAR_UNIT_PERCENT,1,CALENDAR_MULTIPLIER_NONE,False,,,,1521041400,2018.03.14 15:30:00,-0.1,-0.3,-0.1,0.2,Short,True,,1521043200,2018.03.14 16:00:00,1800,1.23573,0.0016574710743240994,1.0,1.0,240,1.237387471074324,1.234072528925676,STOP,3,2018.03.14 18:00:00,3,-1.0,-16.574710743240992,False,False,,,STOP,-1.0
SURROUNDING_EXPLORATORY_RELEASE,event_840030001_1521041400_44613,840030001,44613,US,USD,PPI m/m,PPI m/m,2018.02.01 00:00:00,6112,0,CALENDAR_TIMEMODE_DATETIME,False,trade_server_time,CALENDAR_UNIT_PERCENT,1,CALENDAR_MULTIPLIER_NONE,False,,,,1521041400,2018.03.14 15:30:00,0.2,0.4,,-0.2,Long,True,,1521043200,2018.03.14 16:00:00,1800,1.23573,0.0016574710743240994,1.0,1.0,240,1.234072528925676,1.237387471074324,TARGET,3,2018.03.14 18:00:00,3,1.0,16.574710743240992,False,False,,,TARGET,1.0
SURROUNDING_EXPLORATORY_RELEASE,event_840140001_1521127800_56588,840140001,56588,US,USD,Initial Jobless Claims,Initial Jobless Claims,2018.03.10 00:00:00,18858,0,CALENDAR_TIMEMODE_DATETIME,False,trade_server_time,CALENDAR_UNIT_NONE,0,CALENDAR_MULTIPLIER_THOUSANDS,False,,,,1521127800,2018.03.15 15:30:00,226,231,230,-5,Short,True,,1521129600,2018.03.15 16:00:00,1800,1.23327,0.0013069092206402873,1.0,1.0,240,1.2345769092206405,1.2319630907793597,STOP,2,2018.03.15 17:00:00,2,-1.0,-13.069092206402873,True,False,,,TARGET,1.0
SURROUNDING_EXPLORATORY_RELEASE,event_840140001_1521732600_56591,840140001,56591,US,USD,Initial Jobless Claims,Initial Jobless Claims,2018.03.17 00:00:00,18859,0,CALENDAR_TIMEMODE_DATETIME,False,trade_server_time,CALENDAR_UNIT_NONE,0,CALENDAR_MULTIPLIER_THOUSANDS,False,,,,1521732600,2018.03.22 15:30:00,229,226,,3,Long,True,,1521734400,2018.03.22 16:00:00,1800,1.23213,0.0018651258920433654,1.0,1.0,240,1.2302648741079565,1.2339951258920434,STOP,1,2018.03.22 16:00:00,1,-1.0,-18.651258920433655,False,False,,,STOP,-1.0
SURROUNDING_EXPLORATORY_RELEASE,event_840140001_1522337400_56597,840140001,56597,US,USD,Initial Jobless Claims,Initial Jobless Claims,2018.03.24 00:00:00,18860,0,CALENDAR_TIMEMODE_DATETIME,False,trade_server_time,CALENDAR_UNIT_NONE,0,CALENDAR_MULTIPLIER_THOUSANDS,False,,,,1522337400,2018.03.29 15:30:00,215,229,227,-14,Short,True,,1522339200,2018.03.29 16:00:00,1800,1.23183,0.0016401198628401934,1.0,1.0,240,1.2334701198628402,1.2301898801371598,STOP,1,2018.03.29 16:00:00,1,-1.0,-16.401198628401932,False,False,,,STOP,-1.0
SURROUNDING_EXPLORATORY_RELEASE,event_840140001_1522942200_57232,840140001,57232,US,USD,Initial Jobless Claims,Initial Jobless Claims,2018.03.31 00:00:00,18861,0,CALENDAR_TIMEMODE_DATETIME,False,trade_server_time,CALENDAR_UNIT_NONE,0,CALENDAR_MULTIPLIER_THOUSANDS,False,,,,1522942200,2018.04.05 15:30:00,242,215,218,27,Long,True,,1522944000,2018.04.05 16:00:00,1800,1.22496,0.0013952065036365452,1.0,1.0,240,1.2235647934963636,1.2263552065036365,TARGET,1,2018.04.05 16:00:00,1,1.0,13.95206503636545,False,False,,,TARGET,1.0
SURROUNDING_EXPLORATORY_RELEASE,event_840030001_1523374200_44649,840030001,44649,US,USD,PPI m/m,PPI m/m,2018.03.01 00:00:00,6113,0,CALENDAR_TIMEMODE_DATETIME,False,trade_server_time,CALENDAR_UNIT_PERCENT,1,CALENDAR_MULTIPLIER_NONE,False,,,,1523374200,2018.04.10 15:30:00,0.3,0.2,,0.1,Short,True,,1523376000,2018.04.10 16:00:00,1800,1.23482,0.0015697570372690064,1.0,1.0,240,1.236389757037269,1.233250242962731,STOP,1,2018.04.10 16:00:00,1,-1.0,-15.697570372690063,False,False,,,STOP,-1.0
SURROUNDING_EXPLORATORY_RELEASE,event_840140001_1523547000_57235,840140001,57235,US,USD,Initial Jobless Claims,Initial Jobless Claims,2018.04.07 00:00:00,18862,0,CALENDAR_TIMEMODE_DATETIME,False,trade_server_time,CALENDAR_UNIT_NONE,0,CALENDAR_MULTIPLIER_THOUSANDS,False,,,,1523547000,2018.04.12 15:30:00,233,242,,-9,Short,True,,1523548800,2018.04.12 16:00:00,1800,1.23151,0.001442022784946152,1.0,1.0,240,1.2329520227849462,1.230067977215054,TARGET,1,2018.04.12 16:00:00,1,1.0,14.420227849461519,False,False,,,TARGET,1.0
SURROUNDING_EXPLORATORY_RELEASE,event_840020010_1523892600_54733,840020010,54733,US,USD,Retail Sales m/m,Retail Sales m/m,2018.03.01 00:00:00,3314,0,CALENDAR_TIMEMODE_DATETIME,False,trade_server_time,CALENDAR_UNIT_PERCENT,1,CALENDAR_MULTIPLIER_NONE,False,,,,1523892600,2018.04.16 15:30:00,0.6,-0.1,,0.7,Short,True,,1523894400,2018.04.16 16:00:00,1800,1.2381,0.0012168873437765706,1.0,1.0,240,1.2393168873437765,1.2368831126562234,STOP,1,2018.04.16 16:00:00,1,-1.0,-12.168873437765706,False,False,,,STOP,-1.0
SURROUNDING_EXPLORATORY_RELEASE,event_840140001_1524151800_57238,840140001,57238,US,USD,Initial Jobless Claims,Initial Jobless Claims,2018.04.14 00:00:00,18863,0,CALENDAR_TIMEMODE_DATETIME,False,trade_server_time,CALENDAR_UNIT_NONE,0,CALENDAR_MULTIPLIER_THOUSANDS,False,,,,1524151800,2018.04.19 15:30:00,232,233,,-1,Short,True,,1524153600,2018.04.19 16:00:00,1800,1.2379,0.001380786158199598,1.0,1.0,240,1.2392807861581996,1.2365192138418004,TARGET,2,2018.04.19 17:00:00,2,1.0,13.807861581995978,False,False,,,TARGET,1.0
SURROUNDING_EXPLORATORY_RELEASE,event_840140001_1525361400_57491,840140001,57491,US,USD,Initial Jobless Claims,Initial Jobless Claims,2018.04.28 00:00:00,18865,0,CALENDAR_TIMEMODE_DATETIME,False,trade_server_time,CALENDAR_UNIT_NONE,0,CALENDAR_MULTIPLIER_THOUSANDS,False,,,,1525361400,2018.05.03 15:30:00,211,209,,2,Long,True,,1525363200,2018.05.03 16:00:00,1800,1.1979,0.002044766609378132,1.0,1.0,240,1.1958552333906218,1.199944766609378,STOP,2,2018.05.03 17:00:00,2,-1.0,-20.44766609378132,False,False,,,STOP,-1.0
SURROUNDING_EXPLORATORY_RELEASE,event_840030001_1525879800_44678,840030001,44678,US,USD,PPI m/m,PPI m/m,2018.04.01 00:00:00,6114,0,CALENDAR_TIMEMODE_DATETIME,False,trade_server_time,CALENDAR_UNIT_PERCENT,1,CALENDAR_MULTIPLIER_NONE,False,,,,1525879800,2018.05.09 15:30:00,0.1,0.3,,-0.2,Long,True,,1525881600,2018.05.09 16:00:00,1800,1.18854,0.0015650596717135703,1.0,1.0,240,1.1869749403282863,1.1901050596717135,STOP,2,2018.05.09 17:00:00,2,-1.0,-15.650596717135702,False,False,,,STOP,-1.0
SURROUNDING_EXPLORATORY_RELEASE,event_840140001_1525966200_57494,840140001,57494,US,USD,Initial Jobless Claims,Initial Jobless Claims,2018.05.05 00:00:00,18866,0,CALENDAR_TIMEMODE_DATETIME,False,trade_server_time,CALENDAR_UNIT_NONE,0,CALENDAR_MULTIPLIER_THOUSANDS,False,,,,1525966200,2018.05.10 15:30:00,211,211,,0,Flat,False,FLAT_DIRECTION,,,,,,,,,,,,,,,,,,,,,,
SURROUNDING_EXPLORATORY_RELEASE,event_840020010_1526398200_54753,840020010,54753,US,USD,Retail Sales m/m,Retail Sales m/m,2018.04.01 00:00:00,3315,0,CALENDAR_TIMEMODE_DATETIME,False,trade_server_time,CALENDAR_UNIT_PERCENT,1,CALENDAR_MULTIPLIER_NONE,False,,,,1526398200,2018.05.15 15:30:00,0.3,0.6,0.8,-0.3,Long,True,,1526400000,2018.05.15 16:00:00,1800,1.18468,0.0014906569980725505,1.0,1.0,240,1.1831893430019274,1.1861706569980726,STOP,1,2018.05.15 16:00:00,1,-1.0,-14.906569980725505,False,False,,,STOP,-1.0
SURROUNDING_EXPLORATORY_RELEASE,event_840140001_1526571000_57502,840140001,57502,US,USD,Initial Jobless Claims,Initial Jobless Claims,2018.05.12 00:00:00,18867,0,CALENDAR_TIMEMODE_DATETIME,False,trade_server_time,CALENDAR_UNIT_NONE,0,CALENDAR_MULTIPLIER_THOUSANDS,False,,,,1526571000,2018.05.17 15:30:00,222,211,,11,Long,True,,1526572800,2018.05.17 16:00:00,1800,1.18051,0.002043391774158132,1.0,1.0,240,1.178466608225842,1.182553391774158,STOP,21,2018.05.18 12:00:00,21,-1.0,-20.43391774158132,False,False,,,STOP,-1.0
SURROUNDING_EXPLORATORY_RELEASE,event_840140001_1527175800_57505,840140001,57505,US,USD,Initial Jobless Claims,Initial Jobless Claims,2018.05.19 00:00:00,18868,0,CALENDAR_TIMEMODE_DATETIME,False,trade_server_time,CALENDAR_UNIT_NONE,0,CALENDAR_MULTIPLIER_THOUSANDS,False,,,,1527175800,2018.05.24 15:30:00,234,222,223,12,Long,True,,1527177600,2018.05.24 16:00:00,1800,1.17263,0.0017723842528190048,1.0,1.0,240,1.170857615747181,1.174402384252819,TARGET,2,2018.05.24 17:00:00,2,1.0,17.723842528190048,False,False,,,TARGET,1.0
SURROUNDING_EXPLORATORY_RELEASE,event_840140001_1527780600_57508,840140001,57508,US,USD,Initial Jobless Claims,Initial Jobless Claims,2018.05.26 00:00:00,18869,0,CALENDAR_TIMEMODE_DATETIME,False,trade_server_time,CALENDAR_UNIT_NONE,0,CALENDAR_MULTIPLIER_THOUSANDS,False,,,,1527780600,2018.05.31 15:30:00,221,234,,-13,Short,True,,1527782400,2018.05.31 16:00:00,1800,1.16722,0.0022288345836158838,1.0,1.0,240,1.1694488345836158,1.164991165416384,TARGET,1,2018.05.31 16:00:00,1,1.0,22.288345836158836,False,False,,,TARGET,1.0
SURROUNDING_EXPLORATORY_RELEASE,event_840140001_1528385400_59462,840140001,59462,US,USD,Initial Jobless Claims,Initial Jobless Claims,2018.06.02 00:00:00,18870,0,CALENDAR_TIMEMODE_DATETIME,False,trade_server_time,CALENDAR_UNIT_NONE,0,CALENDAR_MULTIPLIER_THOUSANDS,False,,,,1528385400,2018.06.07 15:30:00,222,221,223,1,Long,True,,1528387200,2018.06.07 16:00:00,1800,1.18333,0.0015451038059159316,1.0,1.0,240,1.181784896194084,1.184875103805916,STOP,1,2018.06.07 16:00:00,1,-1.0,-15.451038059159314,False,False,,,STOP,-1.0
SURROUNDING_EXPLORATORY_RELEASE,event_840030001_1528903800_44712,840030001,44712,US,USD,PPI m/m,PPI m/m,2018.05.01 00:00:00,6115,0,CALENDAR_TIMEMODE_DATETIME,False,trade_server_time,CALENDAR_UNIT_PERCENT,1,CALENDAR_MULTIPLIER_NONE,False,,,,1528903800,2018.06.13 15:30:00,0.5,0.1,,0.4,Short,True,,1528905600,2018.06.13 16:00:00,1800,1.17739,0.0013888285727106085,1.0,1.0,240,1.1787788285727105,1.1760011714272893,STOP,3,2018.06.13 18:00:00,3,-1.0,-13.888285727106084,False,False,,,STOP,-1.0
SURROUNDING_EXPLORATORY_RELEASE,event_840020010_1528990200_54773,840020010,54773,US,USD,Retail Sales m/m,Retail Sales m/m,2018.05.01 00:00:00,3316,0,CALENDAR_TIMEMODE_DATETIME,False,trade_server_time,CALENDAR_UNIT_PERCENT,1,CALENDAR_MULTIPLIER_NONE,False,,,,1528990200,2018.06.14 15:30:00,0.8,0.3,0.4,0.5,Short,True,,1528992000,2018.06.14 16:00:00,1800,1.1688,0.0020625838189302598,1.0,1.0,240,1.1708625838189304,1.1667374161810697,TARGET,1,2018.06.14 16:00:00,1,1.0,20.625838189302595,False,False,,,TARGET,1.0
SURROUNDING_EXPLORATORY_RELEASE,event_840140001_1528990200_59465,840140001,59465,US,USD,Initial Jobless Claims,Initial Jobless Claims,2018.06.09 00:00:00,18871,0,CALENDAR_TIMEMODE_DATETIME,False,trade_server_time,CALENDAR_UNIT_NONE,0,CALENDAR_MULTIPLIER_THOUSANDS,False,,,,1528990200,2018.06.14 15:30:00,218,222,,-4,Short,True,,1528992000,2018.06.14 16:00:00,1800,1.1688,0.0020625838189302598,1.0,1.0,240,1.1708625838189304,1.1667374161810697,TARGET,1,2018.06.14 16:00:00,1,1.0,20.625838189302595,False,False,,,TARGET,1.0
SURROUNDING_EXPLORATORY_RELEASE,event_840140001_1529595000_59468,840140001,59468,US,USD,Initial Jobless Claims,Initial Jobless Claims,2018.06.16 00:00:00,18872,0,CALENDAR_TIMEMODE_DATETIME,False,trade_server_time,CALENDAR_UNIT_NONE,0,CALENDAR_MULTIPLIER_THOUSANDS,False,,,,1529595000,2018.06.21 15:30:00,218,218,221,0,Flat,False,FLAT_DIRECTION,,,,,,,,,,,,,,,,,,,,,,
SURROUNDING_EXPLORATORY_RELEASE,event_840140001_1530804600_59718,840140001,59718,US,USD,Initial Jobless Claims,Initial Jobless Claims,2018.06.30 00:00:00,18874,0,CALENDAR_TIMEMODE_DATETIME,False,trade_server_time,CALENDAR_UNIT_NONE,0,CALENDAR_MULTIPLIER_THOUSANDS,False,,,,1530804600,2018.07.05 15:30:00,231,227,228,4,Long,True,,1530806400,2018.07.05 16:00:00,1800,1.17138,0.001473413215301656,1.0,1.0,240,1.1699065867846985,1.1728534132153017,STOP,1,2018.07.05 16:00:00,1,-1.0,-14.73413215301656,False,False,,,STOP,-1.0
SURROUNDING_EXPLORATORY_RELEASE,event_840030001_1531323000_44730,840030001,44730,US,USD,PPI m/m,PPI m/m,2018.06.01 00:00:00,6116,0,CALENDAR_TIMEMODE_DATETIME,False,trade_server_time,CALENDAR_UNIT_PERCENT,1,CALENDAR_MULTIPLIER_NONE,False,,,,1531323000,2018.07.11 15:30:00,0.3,0.5,,-0.2,Long,True,,1531324800,2018.07.11 16:00:00,1800,1.17514,0.0014163775443857937,1.0,1.0,240,1.1737236224556142,1.176556377544386,STOP,2,2018.07.11 17:00:00,2,-1.0,-14.163775443857936,False,False,,,STOP,-1.0
SURROUNDING_EXPLORATORY_RELEASE,event_840140001_1531409400_59721,840140001,59721,US,USD,Initial Jobless Claims,Initial Jobless Claims,2018.07.07 00:00:00,18875,0,CALENDAR_TIMEMODE_DATETIME,False,trade_server_time,CALENDAR_UNIT_NONE,0,CALENDAR_MULTIPLIER_THOUSANDS,False,,,,1531409400,2018.07.12 15:30:00,214,231,232,-17,Short,True,,1531411200,2018.07.12 16:00:00,1800,1.16711,0.0014570439166134398,1.0,1.0,240,1.1685670439166136,1.1656529560833866,STOP,3,2018.07.12 18:00:00,3,-1.0,-14.570439166134397,False,False,,,STOP,-1.0
SURROUNDING_EXPLORATORY_RELEASE,event_840020010_1531755000_54793,840020010,54793,US,USD,Retail Sales m/m,Retail Sales m/m,2018.06.01 00:00:00,3317,0,CALENDAR_TIMEMODE_DATETIME,False,trade_server_time,CALENDAR_UNIT_PERCENT,1,CALENDAR_MULTIPLIER_NONE,False,,,,1531755000,2018.07.16 15:30:00,0.5,0.8,1.3,-0.3,Long,True,,1531756800,2018.07.16 16:00:00,1800,1.17098,0.0012625372434460528,1.0,1.0,240,1.1697174627565539,1.172242537243446,TARGET,2,2018.07.16 17:00:00,2,1.0,12.625372434460527,False,False,,,TARGET,1.0
SURROUNDING_EXPLORATORY_RELEASE,event_840140001_1532014200_59724,840140001,59724,US,USD,Initial Jobless Claims,Initial Jobless Claims,2018.07.14 00:00:00,18876,0,CALENDAR_TIMEMODE_DATETIME,False,trade_server_time,CALENDAR_UNIT_NONE,0,CALENDAR_MULTIPLIER_THOUSANDS,False,,,,1532014200,2018.07.19 15:30:00,207,214,215,-7,Short,True,,1532016000,2018.07.19 16:00:00,1800,1.15857,0.0013953477555316758,1.0,1.0,240,1.1599653477555318,1.1571746522444684,STOP,1,2018.07.19 16:00:00,1,-1.0,-13.953477555316757,False,False,,,STOP,-1.0
SURROUNDING_EXPLORATORY_RELEASE,event_840140001_1532619000_59727,840140001,59727,US,USD,Initial Jobless Claims,Initial Jobless Claims,2018.07.21 00:00:00,18877,0,CALENDAR_TIMEMODE_DATETIME,False,trade_server_time,CALENDAR_UNIT_NONE,0,CALENDAR_MULTIPLIER_THOUSANDS,False,,,,1532619000,2018.07.26 15:30:00,217,207,208,10,Long,True,,1532620800,2018.07.26 16:00:00,1800,1.16939,0.0013427843299174819,1.0,1.0,240,1.1680472156700825,1.1707327843299173,STOP,1,2018.07.26 16:00:00,1,-1.0,-13.427843299174818,False,False,,,STOP,-1.0
SURROUNDING_EXPLORATORY_RELEASE,event_840140001_1533223800_59997,840140001,59997,US,USD,Initial Jobless Claims,Initial Jobless Claims,2018.07.28 00:00:00,18878,0,CALENDAR_TIMEMODE_DATETIME,False,trade_server_time,CALENDAR_UNIT_NONE,0,CALENDAR_MULTIPLIER_THOUSANDS,False,,,,1533223800,2018.08.02 15:30:00,218,217,,1,Long,True,,1533225600,2018.08.02 16:00:00,1800,1.16259,0.0012092869413184854,1.0,1.0,240,1.1613807130586815,1.1637992869413185,STOP,2,2018.08.02 17:00:00,2,-1.0,-12.092869413184854,False,False,,,STOP,-1.0
SURROUNDING_EXPLORATORY_RELEASE,event_840030001_1533828600_44757,840030001,44757,US,USD,PPI m/m,PPI m/m,2018.07.01 00:00:00,6117,0,CALENDAR_TIMEMODE_DATETIME,False,trade_server_time,CALENDAR_UNIT_PERCENT,1,CALENDAR_MULTIPLIER_NONE,False,,,,1533828600,2018.08.09 15:30:00,0.0,0.3,,-0.3,Long,True,,1533830400,2018.08.09 16:00:00,1800,1.15986,0.001169310569768992,1.0,1.0,240,1.158690689430231,1.1610293105697689,STOP,1,2018.08.09 16:00:00,1,-1.0,-11.69310569768992,False,False,,,STOP,-1.0
SURROUNDING_EXPLORATORY_RELEASE,event_840140001_1533828600_60000,840140001,60000,US,USD,Initial Jobless Claims,Initial Jobless Claims,2018.08.04 00:00:00,18879,0,CALENDAR_TIMEMODE_DATETIME,False,trade_server_time,CALENDAR_UNIT_NONE,0,CALENDAR_MULTIPLIER_THOUSANDS,False,,,,1533828600,2018.08.09 15:30:00,213,218,219,-5,Short,True,,1533830400,2018.08.09 16:00:00,1800,1.15986,0.001169310569768992,1.0,1.0,240,1.1610293105697689,1.158690689430231,TARGET,1,2018.08.09 16:00:00,1,1.0,11.69310569768992,False,False,,,TARGET,1.0
SURROUNDING_EXPLORATORY_RELEASE,event_840020010_1534347000_54813,840020010,54813,US,USD,Retail Sales m/m,Retail Sales m/m,2018.07.01 00:00:00,3318,0,CALENDAR_TIMEMODE_DATETIME,False,trade_server_time,CALENDAR_UNIT_PERCENT,1,CALENDAR_MULTIPLIER_NONE,False,,,,1534347000,2018.08.15 15:30:00,0.5,0.5,0.2,0.0,Flat,False,FLAT_DIRECTION,,,,,,,,,,,,,,,,,,,,,,
SURROUNDING_EXPLORATORY_RELEASE,event_840140001_1534433400_60003,840140001,60003,US,USD,Initial Jobless Claims,Initial Jobless Claims,2018.08.11 00:00:00,18880,0,CALENDAR_TIMEMODE_DATETIME,False,trade_server_time,CALENDAR_UNIT_NONE,0,CALENDAR_MULTIPLIER_THOUSANDS,False,,,,1534433400,2018.08.16 15:30:00,212,213,214,-1,Short,True,,1534435200,2018.08.16 16:00:00,1800,1.13648,0.0016769710181514686,1.0,1.0,240,1.1381569710181514,1.1348030289818485,STOP,1,2018.08.16 16:00:00,1,-1.0,-16.769710181514686,False,False,,,STOP,-1.0
SURROUNDING_EXPLORATORY_RELEASE,event_840140001_1535038200_60006,840140001,60006,US,USD,Initial Jobless Claims,Initial Jobless Claims,2018.08.18 00:00:00,18881,0,CALENDAR_TIMEMODE_DATETIME,False,trade_server_time,CALENDAR_UNIT_NONE,0,CALENDAR_MULTIPLIER_THOUSANDS,False,,,,1535038200,2018.08.23 15:30:00,210,212,,-2,Short,True,,1535040000,2018.08.23 16:00:00,1800,1.15738,0.0016904476479845955,1.0,1.0,240,1.1590704476479847,1.1556895523520154,TARGET,2,2018.08.23 17:00:00,2,1.0,16.904476479845954,False,False,,,TARGET,1.0
SURROUNDING_EXPLORATORY_RELEASE,event_840140001_1536247800_60349,840140001,60349,US,USD,Initial Jobless Claims,Initial Jobless Claims,2018.09.01 00:00:00,18883,0,CALENDAR_TIMEMODE_DATETIME,False,trade_server_time,CALENDAR_UNIT_NONE,0,CALENDAR_MULTIPLIER_THOUSANDS,False,,,,1536247800,2018.09.06 15:30:00,203,213,,-10,Short,True,,1536249600,2018.09.06 16:00:00,1800,1.1641,0.0014861762663784985,1.0,1.0,240,1.1655861762663784,1.1626138237336214,TARGET,2,2018.09.06 17:00:00,2,1.0,14.861762663784985,False,False,,,TARGET,1.0
SURROUNDING_EXPLORATORY_RELEASE,event_840030001_1536766200_44786,840030001,44786,US,USD,PPI m/m,PPI m/m,2018.08.01 00:00:00,6118,0,CALENDAR_TIMEMODE_DATETIME,False,trade_server_time,CALENDAR_UNIT_PERCENT,1,CALENDAR_MULTIPLIER_NONE,False,,,,1536766200,2018.09.12 15:30:00,-0.1,0.0,,-0.1,Long,True,,1536768000,2018.09.12 16:00:00,1800,1.15916,0.001550597423742223,1.0,1.0,240,1.1576094025762578,1.1607105974237422,TARGET,2,2018.09.12 17:00:00,2,1.0,15.50597423742223,False,False,,,TARGET,1.0
SURROUNDING_EXPLORATORY_RELEASE,event_840140001_1536852600_60352,840140001,60352,US,USD,Initial Jobless Claims,Initial Jobless Claims,2018.09.08 00:00:00,18884,0,CALENDAR_TIMEMODE_DATETIME,False,trade_server_time,CALENDAR_UNIT_NONE,0,CALENDAR_MULTIPLIER_THOUSANDS,False,,,,1536852600,2018.09.13 15:30:00,204,203,205,1,Long,True,,1536854400,2018.09.13 16:00:00,1800,1.16787,0.0012332819455915943,1.0,1.0,240,1.1666367180544084,1.1691032819455915,TARGET,1,2018.09.13 16:00:00,1,1.0,12.332819455915942,False,False,,,TARGET,1.0
SURROUNDING_EXPLORATORY_RELEASE,event_840020010_1536939000_54833,840020010,54833,US,USD,Retail Sales m/m,Retail Sales m/m,2018.08.01 00:00:00,3319,0,CALENDAR_TIMEMODE_DATETIME,False,trade_server_time,CALENDAR_UNIT_PERCENT,1,CALENDAR_MULTIPLIER_NONE,False,,,,1536939000,2018.09.14 15:30:00,0.1,0.5,0.7,-0.4,Long,True,,1536940800,2018.09.14 16:00:00,1800,1.16667,0.001263455351862458,1.0,1.0,240,1.1654065446481376,1.1679334553518625,STOP,3,2018.09.14 18:00:00,3,-1.0,-12.634553518624578,False,False,,,STOP,-1.0
SURROUNDING_EXPLORATORY_RELEASE,event_840140001_1537457400_60355,840140001,60355,US,USD,Initial Jobless Claims,Initial Jobless Claims,2018.09.15 00:00:00,18885,0,CALENDAR_TIMEMODE_DATETIME,False,trade_server_time,CALENDAR_UNIT_NONE,0,CALENDAR_MULTIPLIER_THOUSANDS,False,,,,1537457400,2018.09.20 15:30:00,201,204,,-3,Short,True,,1537459200,2018.09.20 16:00:00,1800,1.17697,0.0016544317685278196,1.0,1.0,240,1.178624431768528,1.1753155682314722,TARGET,1,2018.09.20 16:00:00,1,1.0,16.544317685278195,False,False,,,TARGET,1.0
SURROUNDING_EXPLORATORY_RELEASE,event_840140001_1538062200_60358,840140001,60358,US,USD,Initial Jobless Claims,Initial Jobless Claims,2018.09.22 00:00:00,18886,0,CALENDAR_TIMEMODE_DATETIME,False,trade_server_time,CALENDAR_UNIT_NONE,0,CALENDAR_MULTIPLIER_THOUSANDS,False,,,,1538062200,2018.09.27 15:30:00,214,201,202,13,Long,True,,1538064000,2018.09.27 16:00:00,1800,1.16744,0.0018101247836704488,1.0,1.0,240,1.1656298752163297,1.1692501247836704,TARGET,2,2018.09.27 17:00:00,2,1.0,18.101247836704488,False,False,,,TARGET,1.0
SURROUNDING_EXPLORATORY_RELEASE,event_840140001_1538667000_60724,840140001,60724,US,USD,Initial Jobless Claims,Initial Jobless Claims,2018.09.29 00:00:00,18887,0,CALENDAR_TIMEMODE_DATETIME,False,trade_server_time,CALENDAR_UNIT_NONE,0,CALENDAR_MULTIPLIER_THOUSANDS,False,,,,1538667000,2018.10.04 15:30:00,207,214,215,-7,Short,True,,1538668800,2018.10.04 16:00:00,1800,1.15079,0.0015536894082611838,1.0,1.0,240,1.1523436894082613,1.1492363105917387,STOP,1,2018.10.04 16:00:00,1,-1.0,-15.536894082611838,False,False,,,STOP,-1.0
SURROUNDING_EXPLORATORY_RELEASE,event_840030001_1539185400_44811,840030001,44811,US,USD,PPI m/m,PPI m/m,2018.09.01 00:00:00,6119,0,CALENDAR_TIMEMODE_DATETIME,False,trade_server_time,CALENDAR_UNIT_PERCENT,1,CALENDAR_MULTIPLIER_NONE,False,,,,1539185400,2018.10.10 15:30:00,0.2,-0.1,,0.3,Short,True,,1539187200,2018.10.10 16:00:00,1800,1.15021,0.0013482205271394823,1.0,1.0,240,1.1515582205271395,1.1488617794728604,STOP,1,2018.10.10 16:00:00,1,-1.0,-13.482205271394822,False,False,,,STOP,-1.0
SURROUNDING_EXPLORATORY_RELEASE,event_840140001_1539271800_60727,840140001,60727,US,USD,Initial Jobless Claims,Initial Jobless Claims,2018.10.06 00:00:00,18888,0,CALENDAR_TIMEMODE_DATETIME,False,trade_server_time,CALENDAR_UNIT_NONE,0,CALENDAR_MULTIPLIER_THOUSANDS,False,,,,1539271800,2018.10.11 15:30:00,214,207,,7,Long,True,,1539273600,2018.10.11 16:00:00,1800,1.15739,0.001493061098337935,1.0,1.0,240,1.155896938901662,1.1588830610983378,STOP,2,2018.10.11 17:00:00,2,-1.0,-14.93061098337935,False,False,,,STOP,-1.0
SURROUNDING_EXPLORATORY_RELEASE,event_840020010_1539617400_54853,840020010,54853,US,USD,Retail Sales m/m,Retail Sales m/m,2018.09.01 00:00:00,3320,0,CALENDAR_TIMEMODE_DATETIME,False,trade_server_time,CALENDAR_UNIT_PERCENT,1,CALENDAR_MULTIPLIER_NONE,False,,,,1539617400,2018.10.15 15:30:00,0.1,0.1,,0.0,Flat,False,FLAT_DIRECTION,,,,,,,,,,,,,,,,,,,,,,
SURROUNDING_EXPLORATORY_RELEASE,event_840140001_1539876600_60730,840140001,60730,US,USD,Initial Jobless Claims,Initial Jobless Claims,2018.10.13 00:00:00,18889,0,CALENDAR_TIMEMODE_DATETIME,False,trade_server_time,CALENDAR_UNIT_NONE,0,CALENDAR_MULTIPLIER_THOUSANDS,False,,,,1539876600,2018.10.18 15:30:00,210,214,215,-4,Short,True,,1539878400,2018.10.18 16:00:00,1800,1.1501,0.0012153066595029375,1.0,1.0,240,1.1513153066595028,1.148884693340497,TARGET,1,2018.10.18 16:00:00,1,1.0,12.153066595029374,False,False,,,TARGET,1.0
SURROUNDING_EXPLORATORY_RELEASE,event_840140001_1540481400_60733,840140001,60733,US,USD,Initial Jobless Claims,Initial Jobless Claims,2018.10.20 00:00:00,18890,0,CALENDAR_TIMEMODE_DATETIME,False,trade_server_time,CALENDAR_UNIT_NONE,0,CALENDAR_MULTIPLIER_THOUSANDS,False,,,,1540481400,2018.10.25 15:30:00,215,210,,5,Long,True,,1540483200,2018.10.25 16:00:00,1800,1.14296,0.0012423760728560221,1.0,1.0,240,1.141717623927144,1.144202376072856,STOP,1,2018.10.25 16:00:00,1,-1.0,-12.42376072856022,False,False,,,STOP,-1.0
SURROUNDING_EXPLORATORY_RELEASE,event_840140001_1541086200_61481,840140001,61481,US,USD,Initial Jobless Claims,Initial Jobless Claims,2018.10.27 00:00:00,18891,0,CALENDAR_TIMEMODE_DATETIME,False,trade_server_time,CALENDAR_UNIT_NONE,0,CALENDAR_MULTIPLIER_THOUSANDS,False,,,,1541086200,2018.11.01 15:30:00,214,215,216,-1,Short,True,,1541088000,2018.11.01 16:00:00,1800,1.13927,0.0015710203955007446,1.0,1.0,240,1.1408410203955008,1.1376989796044992,STOP,1,2018.11.01 16:00:00,1,-1.0,-15.710203955007445,False,False,,,STOP,-1.0
SURROUNDING_EXPLORATORY_RELEASE,event_840140001_1541694600_61484,840140001,61484,US,USD,Initial Jobless Claims,Initial Jobless Claims,2018.11.03 00:00:00,18892,0,CALENDAR_TIMEMODE_DATETIME,False,trade_server_time,CALENDAR_UNIT_NONE,0,CALENDAR_MULTIPLIER_THOUSANDS,False,,,,1541694600,2018.11.08 16:30:00,214,214,215,0,Flat,False,FLAT_DIRECTION,,,,,,,,,,,,,,,,,,,,,,
SURROUNDING_EXPLORATORY_RELEASE,event_840030001_1541781000_44840,840030001,44840,US,USD,PPI m/m,PPI m/m,2018.10.01 00:00:00,6120,0,CALENDAR_TIMEMODE_DATETIME,False,trade_server_time,CALENDAR_UNIT_PERCENT,1,CALENDAR_MULTIPLIER_NONE,False,,,,1541781000,2018.11.09 16:30:00,0.6,0.2,,0.4,Short,True,,1541782800,2018.11.09 17:00:00,1800,1.13406,0.0014718523349743853,1.0,1.0,240,1.1355318523349744,1.1325881476650257,STOP,1,2018.11.09 17:00:00,1,-1.0,-14.718523349743853,False,False,,,STOP,-1.0
SURROUNDING_EXPLORATORY_RELEASE,event_840020010_1542299400_54873,840020010,54873,US,USD,Retail Sales m/m,Retail Sales m/m,2018.10.01 00:00:00,3321,0,CALENDAR_TIMEMODE_DATETIME,False,trade_server_time,CALENDAR_UNIT_PERCENT,1,CALENDAR_MULTIPLIER_NONE,False,,,,1542299400,2018.11.15 16:30:00,0.8,0.1,-0.1,0.7,Short,True,,1542301200,2018.11.15 17:00:00,1800,1.12996,0.0021330682433403176,1.0,1.0,240,1.1320930682433403,1.1278269317566598,STOP,1,2018.11.15 17:00:00,1,-1.0,-21.330682433403176,False,False,,,STOP,-1.0
SURROUNDING_EXPLORATORY_RELEASE,event_840140001_1542299400_61487,840140001,61487,US,USD,Initial Jobless Claims,Initial Jobless Claims,2018.11.10 00:00:00,18893,0,CALENDAR_TIMEMODE_DATETIME,False,trade_server_time,CALENDAR_UNIT_NONE,0,CALENDAR_MULTIPLIER_THOUSANDS,False,,,,1542299400,2018.11.15 16:30:00,216,214,,2,Long,True,,1542301200,2018.11.15 17:00:00,1800,1.12996,0.0021330682433403176,1.0,1.0,240,1.1278269317566598,1.1320930682433403,TARGET,1,2018.11.15 17:00:00,1,1.0,21.330682433403176,False,False,,,TARGET,1.0
SURROUNDING_EXPLORATORY_RELEASE,event_840140001_1542817800_61490,840140001,61490,US,USD,Initial Jobless Claims,Initial Jobless Claims,2018.11.17 00:00:00,18894,0,CALENDAR_TIMEMODE_DATETIME,False,trade_server_time,CALENDAR_UNIT_NONE,0,CALENDAR_MULTIPLIER_THOUSANDS,False,,,,1542817800,2018.11.21 16:30:00,224,216,221,8,Long,True,,1542819600,2018.11.21 17:00:00,1800,1.13931,0.0018324538928551001,1.0,1.0,240,1.137477546107145,1.1411424538928552,TARGET,1,2018.11.21 17:00:00,1,1.0,18.324538928551,False,False,,,TARGET,1.0
SURROUNDING_EXPLORATORY_RELEASE,event_840140001_1543509000_61496,840140001,61496,US,USD,Initial Jobless Claims,Initial Jobless Claims,2018.11.24 00:00:00,18895,0,CALENDAR_TIMEMODE_DATETIME,False,trade_server_time,CALENDAR_UNIT_NONE,0,CALENDAR_MULTIPLIER_THOUSANDS,False,,,,1543509000,2018.11.29 16:30:00,234,224,,10,Long,True,,1543510800,2018.11.29 17:00:00,1800,1.13834,0.0017936480594252326,1.0,1.0,240,1.1365463519405747,1.140133648059425,STOP,1,2018.11.29 17:00:00,1,-1.0,-17.936480594252327,False,False,,,STOP,-1.0
SURROUNDING_EXPLORATORY_RELEASE,event_840140001_1544113800_66128,840140001,66128,US,USD,Initial Jobless Claims,Initial Jobless Claims,2018.12.01 00:00:00,18896,0,CALENDAR_TIMEMODE_DATETIME,False,trade_server_time,CALENDAR_UNIT_NONE,0,CALENDAR_MULTIPLIER_THOUSANDS,False,,,,1544113800,2018.12.06 16:30:00,231,234,235,-3,Short,True,,1544115600,2018.12.06 17:00:00,1800,1.13946,0.0014167527030890424,1.0,1.0,240,1.140876752703089,1.1380432472969109,STOP,1,2018.12.06 17:00:00,1,-1.0,-14.167527030890422,False,False,,,STOP,-1.0
SURROUNDING_EXPLORATORY_RELEASE,event_840030001_1544545800_44868,840030001,44868,US,USD,PPI m/m,PPI m/m,2018.11.01 00:00:00,6121,0,CALENDAR_TIMEMODE_DATETIME,False,trade_server_time,CALENDAR_UNIT_PERCENT,1,CALENDAR_MULTIPLIER_NONE,False,,,,1544545800,2018.12.11 16:30:00,0.1,0.6,,-0.5,Long,True,,1544547600,2018.12.11 17:00:00,1800,1.13353,0.0013900310025079486,1.0,1.0,240,1.132139968997492,1.1349200310025078,STOP,1,2018.12.11 17:00:00,1,-1.0,-13.900310025079486,False,False,,,STOP,-1.0
SURROUNDING_EXPLORATORY_RELEASE,event_840140001_1544718600_66131,840140001,66131,US,USD,Initial Jobless Claims,Initial Jobless Claims,2018.12.08 00:00:00,18897,0,CALENDAR_TIMEMODE_DATETIME,False,trade_server_time,CALENDAR_UNIT_NONE,0,CALENDAR_MULTIPLIER_THOUSANDS,False,,,,1544718600,2018.12.13 16:30:00,206,231,233,-25,Short,True,,1544720400,2018.12.13 17:00:00,1800,1.13431,0.0016374049414489384,1.0,1.0,240,1.1359474049414489,1.132672595058551,STOP,2,2018.12.13 18:00:00,2,-1.0,-16.374049414489384,False,False,,,STOP,-1.0
SURROUNDING_EXPLORATORY_RELEASE,event_840020010_1544805000_54893,840020010,54893,US,USD,Retail Sales m/m,Retail Sales m/m,2018.11.01 00:00:00,3322,0,CALENDAR_TIMEMODE_DATETIME,False,trade_server_time,CALENDAR_UNIT_PERCENT,1,CALENDAR_MULTIPLIER_NONE,False,,,,1544805000,2018.12.14 16:30:00,0.2,0.8,1.1,-0.6,Long,True,,1544806800,2018.12.14 17:00:00,1800,1.1283,0.0015515472527401729,1.0,1.0,240,1.12674845274726,1.1298515472527402,TARGET,1,2018.12.14 17:00:00,1,1.0,15.515472527401728,False,False,,,TARGET,1.0
SURROUNDING_EXPLORATORY_RELEASE,event_840140001_1545323400_66134,840140001,66134,US,USD,Initial Jobless Claims,Initial Jobless Claims,2018.12.15 00:00:00,18898,0,CALENDAR_TIMEMODE_DATETIME,False,trade_server_time,CALENDAR_UNIT_NONE,0,CALENDAR_MULTIPLIER_THOUSANDS,False,,,,1545323400,2018.12.20 16:30:00,214,206,,8,Long,True,,1545325200,2018.12.20 17:00:00,1800,1.14484,0.0018187133119017536,1.0,1.0,240,1.1430212866880984,1.1466587133119017,STOP,1,2018.12.20 17:00:00,1,-1.0,-18.187133119017535,False,False,,,STOP,-1.0
SURROUNDING_EXPLORATORY_RELEASE,event_840140001_1545928200_66137,840140001,66137,US,USD,Initial Jobless Claims,Initial Jobless Claims,2018.12.22 00:00:00,18899,0,CALENDAR_TIMEMODE_DATETIME,False,trade_server_time,CALENDAR_UNIT_NONE,0,CALENDAR_MULTIPLIER_THOUSANDS,False,,,,1545928200,2018.12.27 16:30:00,216,214,217,2,Long,True,,1545930000,2018.12.27 17:00:00,1800,1.14343,0.0018000831286682666,1.0,1.0,240,1.1416299168713318,1.1452300831286681,STOP,1,2018.12.27 17:00:00,1,-1.0,-18.000831286682665,False,False,,,STOP,-1.0
SURROUNDING_EXPLORATORY_RELEASE,event_840140001_1546533000_76617,840140001,76617,US,USD,Initial Jobless Claims,Initial Jobless Claims,2018.12.29 00:00:00,18900,0,CALENDAR_TIMEMODE_DATETIME,False,trade_server_time,CALENDAR_UNIT_NONE,0,CALENDAR_MULTIPLIER_THOUSANDS,False,,,,1546533000,2019.01.03 16:30:00,231,216,221,15,Long,True,,1546534800,2019.01.03 17:00:00,1800,1.13719,0.0020517102471062604,1.0,1.0,240,1.1351382897528937,1.1392417102471062,TARGET,1,2019.01.03 17:00:00,1,1.0,20.517102471062604,False,False,,,TARGET,1.0
SURROUNDING_EXPLORATORY_RELEASE,event_840140001_1547137800_76620,840140001,76620,US,USD,Initial Jobless Claims,Initial Jobless Claims,2019.01.05 00:00:00,18901,0,CALENDAR_TIMEMODE_DATETIME,False,trade_server_time,CALENDAR_UNIT_NONE,0,CALENDAR_MULTIPLIER_THOUSANDS,False,,,,1547137800,2019.01.10 16:30:00,216,231,233,-15,Short,True,,1547139600,2019.01.10 17:00:00,1800,1.15253,0.001640716008451682,1.0,1.0,240,1.1541707160084518,1.1508892839915483,TARGET,3,2019.01.10 19:00:00,3,1.0,16.407160084516818,False,False,,,TARGET,1.0
SURROUNDING_EXPLORATORY_RELEASE,event_840030001_1547569800_61579,840030001,61579,US,USD,PPI m/m,PPI m/m,2018.12.01 00:00:00,6122,0,CALENDAR_TIMEMODE_DATETIME,False,trade_server_time,CALENDAR_UNIT_PERCENT,1,CALENDAR_MULTIPLIER_NONE,False,,,,1547569800,2019.01.15 16:30:00,-0.2,0.1,,-0.3,Long,True,,1547571600,2019.01.15 17:00:00,1800,1.14537,0.0014844147542017057,1.0,1.0,240,1.1438855852457983,1.1468544147542017,STOP,1,2019.01.15 17:00:00,1,-1.0,-14.844147542017057,False,False,,,STOP,-1.0
SURROUNDING_EXPLORATORY_RELEASE,event_840140001_1547742600_76623,840140001,76623,US,USD,Initial Jobless Claims,Initial Jobless Claims,2019.01.12 00:00:00,18902,0,CALENDAR_TIMEMODE_DATETIME,False,trade_server_time,CALENDAR_UNIT_NONE,0,CALENDAR_MULTIPLIER_THOUSANDS,False,,,,1547742600,2019.01.17 16:30:00,213,216,,-3,Short,True,,1547744400,2019.01.17 17:00:00,1800,1.13867,0.0011931489084543014,1.0,1.0,240,1.1398631489084543,1.1374768510915458,TARGET,1,2019.01.17 17:00:00,1,1.0,11.931489084543013,False,False,,,TARGET,1.0
SURROUNDING_EXPLORATORY_RELEASE,event_840140001_1548347400_76626,840140001,76626,US,USD,Initial Jobless Claims,Initial Jobless Claims,2019.01.19 00:00:00,18903,0,CALENDAR_TIMEMODE_DATETIME,False,trade_server_time,CALENDAR_UNIT_NONE,0,CALENDAR_MULTIPLIER_THOUSANDS,False,,,,1548347400,2019.01.24 16:30:00,199,213,212,-14,Short,True,,1548349200,2019.01.24 17:00:00,1800,1.13774,0.0014635234042427166,1.0,1.0,240,1.1392035234042426,1.1362764765957574,TARGET,1,2019.01.24 17:00:00,1,1.0,14.635234042427165,False,False,,,TARGET,1.0
SURROUNDING_EXPLORATORY_RELEASE,event_840140001_1548952200_76629,840140001,76629,US,USD,Initial Jobless Claims,Initial Jobless Claims,2019.01.26 00:00:00,18904,0,CALENDAR_TIMEMODE_DATETIME,False,trade_server_time,CALENDAR_UNIT_NONE,0,CALENDAR_MULTIPLIER_THOUSANDS,False,,,,1548952200,2019.01.31 16:30:00,253,199,200,54,Long,True,,1548954000,2019.01.31 17:00:00,1800,1.1477,0.0013109520248568225,1.0,1.0,240,1.146389047975143,1.1490109520248568,STOP,2,2019.01.31 18:00:00,2,-1.0,-13.109520248568225,False,False,,,STOP,-1.0
SURROUNDING_EXPLORATORY_RELEASE,event_840140001_1549557000_84653,840140001,84653,US,USD,Initial Jobless Claims,Initial Jobless Claims,2019.02.02 00:00:00,18905,0,CALENDAR_TIMEMODE_DATETIME,False,trade_server_time,CALENDAR_UNIT_NONE,0,CALENDAR_MULTIPLIER_THOUSANDS,False,,,,1549557000,2019.02.07 16:30:00,234,253,,-19,Short,True,,1549558800,2019.02.07 17:00:00,1800,1.13463,0.0010130330099317026,1.0,1.0,240,1.1356430330099316,1.1336169669900684,STOP,1,2019.02.07 17:00:00,1,-1.0,-10.130330099317025,False,False,,,STOP,-1.0
SURROUNDING_EXPLORATORY_RELEASE,event_840020010_1550161800_88126,840020010,88126,US,USD,Retail Sales m/m,Retail Sales m/m,2018.12.01 00:00:00,3323,0,CALENDAR_TIMEMODE_DATETIME,False,trade_server_time,CALENDAR_UNIT_PERCENT,1,CALENDAR_MULTIPLIER_NONE,False,,,,1550161800,2019.02.14 16:30:00,-1.2,0.2,0.1,-1.4,Long,True,,1550163600,2019.02.14 17:00:00,1800,1.12957,0.001575896824779885,1.0,1.0,240,1.12799410317522,1.1311458968247798,STOP,1,2019.02.14 17:00:00,1,-1.0,-15.75896824779885,False,False,,,STOP,-1.0
SURROUNDING_EXPLORATORY_RELEASE,event_840030001_1550161800_61610,840030001,61610,US,USD,PPI m/m,PPI m/m,2019.01.01 00:00:00,6123,0,CALENDAR_TIMEMODE_DATETIME,False,trade_server_time,CALENDAR_UNIT_PERCENT,1,CALENDAR_MULTIPLIER_NONE,False,,,,1550161800,2019.02.14 16:30:00,-0.1,-0.2,-0.1,0.1,Short,True,,1550163600,2019.02.14 17:00:00,1800,1.12957,0.001575896824779885,1.0,1.0,240,1.1311458968247798,1.12799410317522,TARGET,1,2019.02.14 17:00:00,1,1.0,15.75896824779885,False,False,,,TARGET,1.0
SURROUNDING_EXPLORATORY_RELEASE,event_840140001_1550161800_84656,840140001,84656,US,USD,Initial Jobless Claims,Initial Jobless Claims,2019.02.09 00:00:00,18906,0,CALENDAR_TIMEMODE_DATETIME,False,trade_server_time,CALENDAR_UNIT_NONE,0,CALENDAR_MULTIPLIER_THOUSANDS,False,,,,1550161800,2019.02.14 16:30:00,239,234,235,5,Long,True,,1550163600,2019.02.14 17:00:00,1800,1.12957,0.001575896824779885,1.0,1.0,240,1.12799410317522,1.1311458968247798,STOP,1,2019.02.14 17:00:00,1,-1.0,-15.75896824779885,False,False,,,STOP,-1.0
SURROUNDING_EXPLORATORY_RELEASE,event_840140001_1550766600_84659,840140001,84659,US,USD,Initial Jobless Claims,Initial Jobless Claims,2019.02.16 00:00:00,18907,0,CALENDAR_TIMEMODE_DATETIME,False,trade_server_time,CALENDAR_UNIT_NONE,0,CALENDAR_MULTIPLIER_THOUSANDS,False,,,,1550766600,2019.02.21 16:30:00,216,239,,-23,Short,True,,1550768400,2019.02.21 17:00:00,1800,1.13427,0.001471581849194447,1.0,1.0,240,1.1357415818491943,1.1327984181508055,TARGET,3,2019.02.21 19:00:00,3,1.0,14.71581849194447,False,False,,,TARGET,1.0
SURROUNDING_EXPLORATORY_RELEASE,event_840140001_1551371400_84662,840140001,84662,US,USD,Initial Jobless Claims,Initial Jobless Claims,2019.02.23 00:00:00,18908,0,CALENDAR_TIMEMODE_DATETIME,False,trade_server_time,CALENDAR_UNIT_NONE,0,CALENDAR_MULTIPLIER_THOUSANDS,False,,,,1551371400,2019.02.28 16:30:00,225,216,217,9,Long,True,,1551373200,2019.02.28 17:00:00,1800,1.13831,0.001202630379628332,1.0,1.0,240,1.1371073696203715,1.1395126303796284,STOP,1,2019.02.28 17:00:00,1,-1.0,-12.026303796283319,False,False,,,STOP,-1.0
SURROUNDING_EXPLORATORY_RELEASE,event_840140001_1551976200_87920,840140001,87920,US,USD,Initial Jobless Claims,Initial Jobless Claims,2019.03.02 00:00:00,18909,0,CALENDAR_TIMEMODE_DATETIME,False,trade_server_time,CALENDAR_UNIT_NONE,0,CALENDAR_MULTIPLIER_THOUSANDS,False,,,,1551976200,2019.03.07 16:30:00,223,225,226,-2,Short,True,,1551978000,2019.03.07 17:00:00,1800,1.12326,0.0011837381341167454,1.0,1.0,240,1.1244437381341166,1.1220762618658833,TARGET,2,2019.03.07 18:00:00,2,1.0,11.837381341167454,False,False,,,TARGET,1.0
SURROUNDING_EXPLORATORY_RELEASE,event_840020010_1552318200_93712,840020010,93712,US,USD,Retail Sales m/m,Retail Sales m/m,2019.01.01 00:00:00,3324,0,CALENDAR_TIMEMODE_DATETIME,False,trade_server_time,CALENDAR_UNIT_PERCENT,1,CALENDAR_MULTIPLIER_NONE,False,,,,1552318200,2019.03.11 15:30:00,0.2,-1.2,-1.6,1.4,Short,True,,1552320000,2019.03.11 16:00:00,1800,1.12471,0.0009832625657500026,1.0,1.0,240,1.12569326256575,1.1237267374342501,TARGET,1,2019.03.11 16:00:00,1,1.0,9.832625657500024,False,False,,,TARGET,1.0
SURROUNDING_EXPLORATORY_RELEASE,event_840030001_1552491000_61637,840030001,61637,US,USD,PPI m/m,PPI m/m,2019.02.01 00:00:00,6124,0,CALENDAR_TIMEMODE_DATETIME,False,trade_server_time,CALENDAR_UNIT_PERCENT,1,CALENDAR_MULTIPLIER_NONE,False,,,,1552491000,2019.03.13 15:30:00,0.1,-0.1,,0.2,Short,True,,1552492800,2019.03.13 16:00:00,1800,1.13069,0.001042284009854546,1.0,1.0,240,1.1317322840098545,1.1296477159901455,STOP,5,2019.03.13 20:00:00,5,-1.0,-10.42284009854546,False,False,,,STOP,-1.0
SURROUNDING_EXPLORATORY_RELEASE,event_840140001_1552577400_87925,840140001,87925,US,USD,Initial Jobless Claims,Initial Jobless Claims,2019.03.09 00:00:00,18910,0,CALENDAR_TIMEMODE_DATETIME,False,trade_server_time,CALENDAR_UNIT_NONE,0,CALENDAR_MULTIPLIER_THOUSANDS,False,,,,1552577400,2019.03.14 15:30:00,229,223,,6,Long,True,,1552579200,2019.03.14 16:00:00,1800,1.12996,0.0011204804373343622,1.0,1.0,240,1.1288395195626657,1.1310804804373344,TARGET,12,2019.03.15 03:00:00,12,1.0,11.204804373343622,False,False,,,TARGET,1.0
SURROUNDING_EXPLORATORY_RELEASE,event_840140001_1553182200_87928,840140001,87928,US,USD,Initial Jobless Claims,Initial Jobless Claims,2019.03.16 00:00:00,18911,0,CALENDAR_TIMEMODE_DATETIME,False,trade_server_time,CALENDAR_UNIT_NONE,0,CALENDAR_MULTIPLIER_THOUSANDS,False,,,,1553182200,2019.03.21 15:30:00,221,229,230,-8,Short,True,,1553184000,2019.03.21 16:00:00,1800,1.13915,0.0013424034757053178,1.0,1.0,240,1.1404924034757054,1.1378075965242949,TARGET,1,2019.03.21 16:00:00,1,1.0,13.424034757053178,False,False,,,TARGET,1.0
SURROUNDING_EXPLORATORY_RELEASE,event_840140001_1553787000_87931,840140001,87931,US,USD,Initial Jobless Claims,Initial Jobless Claims,2019.03.23 00:00:00,18912,0,CALENDAR_TIMEMODE_DATETIME,False,trade_server_time,CALENDAR_UNIT_NONE,0,CALENDAR_MULTIPLIER_THOUSANDS,False,,,,1553787000,2019.03.28 15:30:00,211,221,216,-10,Short,True,,1553788800,2019.03.28 16:00:00,1800,1.1217,0.0012639697881782176,1.0,1.0,240,1.1229639697881781,1.1204360302118217,STOP,1,2019.03.28 16:00:00,1,-1.0,-12.639697881782174,False,False,,,STOP,-1.0
SURROUNDING_EXPLORATORY_RELEASE,event_840020010_1554132600_93737,840020010,93737,US,USD,Retail Sales m/m,Retail Sales m/m,2019.02.01 00:00:00,3325,0,CALENDAR_TIMEMODE_DATETIME,False,trade_server_time,CALENDAR_UNIT_PERCENT,1,CALENDAR_MULTIPLIER_NONE,False,,,,1554132600,2019.04.01 15:30:00,-0.2,0.2,0.7,-0.4,Long,True,,1554134400,2019.04.01 16:00:00,1800,1.12342,0.0009928225542210204,1.0,1.0,240,1.122427177445779,1.1244128225542211,TARGET,1,2019.04.01 16:00:00,1,1.0,9.928225542210203,False,False,,,TARGET,1.0
SURROUNDING_EXPLORATORY_RELEASE,event_840140001_1554391800_93795,840140001,93795,US,USD,Initial Jobless Claims,Initial Jobless Claims,2019.03.30 00:00:00,18913,0,CALENDAR_TIMEMODE_DATETIME,False,trade_server_time,CALENDAR_UNIT_NONE,0,CALENDAR_MULTIPLIER_THOUSANDS,False,,,,1554391800,2019.04.04 15:30:00,202,211,212,-9,Short,True,,1554393600,2019.04.04 16:00:00,1800,1.12169,0.0008861904072026565,1.0,1.0,240,1.1225761904072027,1.1208038095927975,TARGET,1,2019.04.04 16:00:00,1,1.0,8.861904072026565,False,False,,,TARGET,1.0
SURROUNDING_EXPLORATORY_RELEASE,event_840030001_1554996600_61661,840030001,61661,US,USD,PPI m/m,PPI m/m,2019.03.01 00:00:00,6125,0,CALENDAR_TIMEMODE_DATETIME,False,trade_server_time,CALENDAR_UNIT_PERCENT,1,CALENDAR_MULTIPLIER_NONE,False,,,,1554996600,2019.04.11 15:30:00,0.6,0.1,,0.5,Short,True,,1554998400,2019.04.11 16:00:00,1800,1.12595,0.0009220044245202374,1.0,1.0,240,1.1268720044245202,1.1250279955754798,STOP,1,2019.04.11 16:00:00,1,-1.0,-9.220044245202374,False,False,,,STOP,-1.0
SURROUNDING_EXPLORATORY_RELEASE,event_840140001_1554996600_93798,840140001,93798,US,USD,Initial Jobless Claims,Initial Jobless Claims,2019.04.06 00:00:00,18914,0,CALENDAR_TIMEMODE_DATETIME,False,trade_server_time,CALENDAR_UNIT_NONE,0,CALENDAR_MULTIPLIER_THOUSANDS,False,,,,1554996600,2019.04.11 15:30:00,196,202,204,-6,Short,True,,1554998400,2019.04.11 16:00:00,1800,1.12595,0.0009220044245202374,1.0,1.0,240,1.1268720044245202,1.1250279955754798,STOP,1,2019.04.11 16:00:00,1,-1.0,-9.220044245202374,False,False,,,STOP,-1.0
SURROUNDING_EXPLORATORY_RELEASE,event_840020010_1555601400_93755,840020010,93755,US,USD,Retail Sales m/m,Retail Sales m/m,2019.03.01 00:00:00,3326,0,CALENDAR_TIMEMODE_DATETIME,False,trade_server_time,CALENDAR_UNIT_PERCENT,1,CALENDAR_MULTIPLIER_NONE,False,,,,1555601400,2019.04.18 15:30:00,1.6,-0.2,,1.8,Short,True,,1555603200,2019.04.18 16:00:00,1800,1.12401,0.001010831340669078,1.0,1.0,240,1.125020831340669,1.1229991686593308,STOP,1,2019.04.18 16:00:00,1,-1.0,-10.10831340669078,False,False,,,STOP,-1.0
SURROUNDING_EXPLORATORY_RELEASE,event_840140001_1555601400_93801,840140001,93801,US,USD,Initial Jobless Claims,Initial Jobless Claims,2019.04.13 00:00:00,18915,0,CALENDAR_TIMEMODE_DATETIME,False,trade_server_time,CALENDAR_UNIT_NONE,0,CALENDAR_MULTIPLIER_THOUSANDS,False,,,,1555601400,2019.04.18 15:30:00,192,196,197,-4,Short,True,,1555603200,2019.04.18 16:00:00,1800,1.12401,0.001010831340669078,1.0,1.0,240,1.125020831340669,1.1229991686593308,STOP,1,2019.04.18 16:00:00,1,-1.0,-10.10831340669078,False,False,,,STOP,-1.0
SURROUNDING_EXPLORATORY_RELEASE,event_840140001_1556811000_96248,840140001,96248,US,USD,Initial Jobless Claims,Initial Jobless Claims,2019.04.27 00:00:00,18917,0,CALENDAR_TIMEMODE_DATETIME,False,trade_server_time,CALENDAR_UNIT_NONE,0,CALENDAR_MULTIPLIER_THOUSANDS,False,,,,1556811000,2019.05.02 15:30:00,230,230,,0,Flat,False,FLAT_DIRECTION,,,,,,,,,,,,,,,,,,,,,,
SURROUNDING_EXPLORATORY_RELEASE,event_840030001_1557415800_61683,840030001,61683,US,USD,PPI m/m,PPI m/m,2019.04.01 00:00:00,6126,0,CALENDAR_TIMEMODE_DATETIME,False,trade_server_time,CALENDAR_UNIT_PERCENT,1,CALENDAR_MULTIPLIER_NONE,False,,,,1557415800,2019.05.09 15:30:00,0.2,0.6,,-0.4,Long,True,,1557417600,2019.05.09 16:00:00,1800,1.11967,0.0009410580061093215,1.0,1.0,240,1.1187289419938906,1.1206110580061093,TARGET,1,2019.05.09 16:00:00,1,1.0,9.410580061093215,False,False,,,TARGET,1.0
SURROUNDING_EXPLORATORY_RELEASE,event_840140001_1557415800_96253,840140001,96253,US,USD,Initial Jobless Claims,Initial Jobless Claims,2019.05.04 00:00:00,18918,0,CALENDAR_TIMEMODE_DATETIME,False,trade_server_time,CALENDAR_UNIT_NONE,0,CALENDAR_MULTIPLIER_THOUSANDS,False,,,,1557415800,2019.05.09 15:30:00,228,230,,-2,Short,True,,1557417600,2019.05.09 16:00:00,1800,1.11967,0.0009410580061093215,1.0,1.0,240,1.1206110580061093,1.1187289419938906,STOP,1,2019.05.09 16:00:00,1,-1.0,-9.410580061093215,False,False,,,STOP,-1.0
SURROUNDING_EXPLORATORY_RELEASE,event_840020010_1557934200_80742,840020010,80742,US,USD,Retail Sales m/m,Retail Sales m/m,2019.04.01 00:00:00,3327,0,CALENDAR_TIMEMODE_DATETIME,False,trade_server_time,CALENDAR_UNIT_PERCENT,1,CALENDAR_MULTIPLIER_NONE,False,,,,1557934200,2019.05.15 15:30:00,-0.2,1.6,1.7,-1.8,Long,True,,1557936000,2019.05.15 16:00:00,1800,1.11833,0.0008648477655264468,1.0,1.0,240,1.1174651522344736,1.1191948477655265,TARGET,2,2019.05.15 17:00:00,2,1.0,8.648477655264468,False,False,,,TARGET,1.0
SURROUNDING_EXPLORATORY_RELEASE,event_840140001_1558020600_96256,840140001,96256,US,USD,Initial Jobless Claims,Initial Jobless Claims,2019.05.11 00:00:00,18919,0,CALENDAR_TIMEMODE_DATETIME,False,trade_server_time,CALENDAR_UNIT_NONE,0,CALENDAR_MULTIPLIER_THOUSANDS,False,,,,1558020600,2019.05.16 15:30:00,212,228,,-16,Short,True,,1558022400,2019.05.16 16:00:00,1800,1.11873,0.0008410090956118848,1.0,1.0,240,1.119571009095612,1.117888990904388,TARGET,2,2019.05.16 17:00:00,2,1.0,8.410090956118848,False,False,,,TARGET,1.0
SURROUNDING_EXPLORATORY_RELEASE,event_840140001_1558625400_96259,840140001,96259,US,USD,Initial Jobless Claims,Initial Jobless Claims,2019.05.18 00:00:00,18920,0,CALENDAR_TIMEMODE_DATETIME,False,trade_server_time,CALENDAR_UNIT_NONE,0,CALENDAR_MULTIPLIER_THOUSANDS,False,,,,1558625400,2019.05.23 15:30:00,211,212,,-1,Short,True,,1558627200,2019.05.23 16:00:00,1800,1.11352,0.0007811265427020143,1.0,1.0,240,1.114301126542702,1.112738873457298,TARGET,1,2019.05.23 16:00:00,1,1.0,7.811265427020143,False,False,,,TARGET,1.0
SURROUNDING_EXPLORATORY_RELEASE,event_840140001_1559230200_96263,840140001,96263,US,USD,Initial Jobless Claims,Initial Jobless Claims,2019.05.25 00:00:00,18921,0,CALENDAR_TIMEMODE_DATETIME,False,trade_server_time,CALENDAR_UNIT_NONE,0,CALENDAR_MULTIPLIER_THOUSANDS,False,,,,1559230200,2019.05.30 15:30:00,215,211,212,4,Long,True,,1559232000,2019.05.30 16:00:00,1800,1.1131,0.0007230066659181727,1.0,1.0,240,1.112376993334082,1.113823006665918,STOP,1,2019.05.30 16:00:00,1,-1.0,-7.230066659181727,False,False,,,STOP,-1.0
SURROUNDING_EXPLORATORY_RELEASE,event_840140001_1559835000_96749,840140001,96749,US,USD,Initial Jobless Claims,Initial Jobless Claims,2019.06.01 00:00:00,18922,0,CALENDAR_TIMEMODE_DATETIME,False,trade_server_time,CALENDAR_UNIT_NONE,0,CALENDAR_MULTIPLIER_THOUSANDS,False,,,,1559835000,2019.06.06 15:30:00,218,215,218,3,Long,True,,1559836800,2019.06.06 16:00:00,1800,1.12855,0.0014143252768692505,1.0,1.0,240,1.1271356747231307,1.1299643252768692,STOP,1,2019.06.06 16:00:00,1,-1.0,-14.143252768692504,False,False,,,STOP,-1.0
SURROUNDING_EXPLORATORY_RELEASE,event_840030001_1560267000_61710,840030001,61710,US,USD,PPI m/m,PPI m/m,2019.05.01 00:00:00,6127,0,CALENDAR_TIMEMODE_DATETIME,False,trade_server_time,CALENDAR_UNIT_PERCENT,1,CALENDAR_MULTIPLIER_NONE,False,,,,1560267000,2019.06.11 15:30:00,0.1,0.2,,-0.1,Long,True,,1560268800,2019.06.11 16:00:00,1800,1.13181,0.0010336242159455487,1.0,1.0,240,1.1307763757840545,1.1328436242159454,TARGET,4,2019.06.11 19:00:00,4,1.0,10.336242159455486,False,False,,,TARGET,1.0
SURROUNDING_EXPLORATORY_RELEASE,event_840140001_1560439800_96752,840140001,96752,US,USD,Initial Jobless Claims,Initial Jobless Claims,2019.06.08 00:00:00,18923,0,CALENDAR_TIMEMODE_DATETIME,False,trade_server_time,CALENDAR_UNIT_NONE,0,CALENDAR_MULTIPLIER_THOUSANDS,False,,,,1560439800,2019.06.13 15:30:00,222,218,219,4,Long,True,,1560441600,2019.06.13 16:00:00,1800,1.12781,0.0009063901222700965,1.0,1.0,240,1.1269036098777299,1.12871639012227,STOP,2,2019.06.13 17:00:00,2,-1.0,-9.063901222700965,False,False,,,STOP,-1.0
SURROUNDING_EXPLORATORY_RELEASE,event_840020010_1560526200_80768,840020010,80768,US,USD,Retail Sales m/m,Retail Sales m/m,2019.05.01 00:00:00,3328,0,CALENDAR_TIMEMODE_DATETIME,False,trade_server_time,CALENDAR_UNIT_PERCENT,1,CALENDAR_MULTIPLIER_NONE,False,,,,1560526200,2019.06.14 15:30:00,0.5,-0.2,0.3,0.7,Short,True,,1560528000,2019.06.14 16:00:00,1800,1.1231,0.0009392391444494636,1.0,1.0,240,1.1240392391444494,1.1221607608555506,STOP,1,2019.06.14 16:00:00,1,-1.0,-9.392391444494635,False,False,,,STOP,-1.0
SURROUNDING_EXPLORATORY_RELEASE,event_840140001_1561044600_96755,840140001,96755,US,USD,Initial Jobless Claims,Initial Jobless Claims,2019.06.15 00:00:00,18924,0,CALENDAR_TIMEMODE_DATETIME,False,trade_server_time,CALENDAR_UNIT_NONE,0,CALENDAR_MULTIPLIER_THOUSANDS,False,,,,1561044600,2019.06.20 15:30:00,216,222,,-6,Short,True,,1561046400,2019.06.20 16:00:00,1800,1.13021,0.0013464317736858577,1.0,1.0,240,1.1315564317736857,1.1288635682263142,TARGET,2,2019.06.20 17:00:00,2,1.0,13.464317736858577,False,False,,,TARGET,1.0
SURROUNDING_EXPLORATORY_RELEASE,event_840140001_1562167800_97378,840140001,97378,US,USD,Initial Jobless Claims,Initial Jobless Claims,2019.06.29 00:00:00,18926,0,CALENDAR_TIMEMODE_DATETIME,False,trade_server_time,CALENDAR_UNIT_NONE,0,CALENDAR_MULTIPLIER_THOUSANDS,False,,,,1562167800,2019.07.03 15:30:00,221,227,229,-6,Short,True,,1562169600,2019.07.03 16:00:00,1800,1.12823,0.0009992432697886217,1.0,1.0,240,1.1292292432697888,1.1272307567302113,STOP,1,2019.07.03 16:00:00,1,-1.0,-9.992432697886217,False,False,,,STOP,-1.0
SURROUNDING_EXPLORATORY_RELEASE,event_840140001_1562859000_97381,840140001,97381,US,USD,Initial Jobless Claims,Initial Jobless Claims,2019.07.06 00:00:00,18927,0,CALENDAR_TIMEMODE_DATETIME,False,trade_server_time,CALENDAR_UNIT_NONE,0,CALENDAR_MULTIPLIER_THOUSANDS,False,,,,1562859000,2019.07.11 15:30:00,209,221,222,-12,Short,True,,1562860800,2019.07.11 16:00:00,1800,1.12671,0.0008902120839392777,1.0,1.0,240,1.1276002120839395,1.1258197879160607,TARGET,1,2019.07.11 16:00:00,1,1.0,8.902120839392776,False,False,,,TARGET,1.0
SURROUNDING_EXPLORATORY_RELEASE,event_840030001_1562945400_61742,840030001,61742,US,USD,PPI m/m,PPI m/m,2019.06.01 00:00:00,6128,0,CALENDAR_TIMEMODE_DATETIME,False,trade_server_time,CALENDAR_UNIT_PERCENT,1,CALENDAR_MULTIPLIER_NONE,False,,,,1562945400,2019.07.12 15:30:00,0.1,0.1,,0.0,Flat,False,FLAT_DIRECTION,,,,,,,,,,,,,,,,,,,,,,
SURROUNDING_EXPLORATORY_RELEASE,event_840020010_1563291000_80794,840020010,80794,US,USD,Retail Sales m/m,Retail Sales m/m,2019.06.01 00:00:00,3329,0,CALENDAR_TIMEMODE_DATETIME,False,trade_server_time,CALENDAR_UNIT_PERCENT,1,CALENDAR_MULTIPLIER_NONE,False,,,,1563291000,2019.07.16 15:30:00,0.4,0.5,0.4,-0.1,Long,True,,1563292800,2019.07.16 16:00:00,1800,1.12189,0.000798016025220863,1.0,1.0,240,1.1210919839747793,1.1226880160252208,STOP,2,2019.07.16 17:00:00,2,-1.0,-7.98016025220863,False,False,,,STOP,-1.0
SURROUNDING_EXPLORATORY_RELEASE,event_840140001_1563463800_97384,840140001,97384,US,USD,Initial Jobless Claims,Initial Jobless Claims,2019.07.13 00:00:00,18928,0,CALENDAR_TIMEMODE_DATETIME,False,trade_server_time,CALENDAR_UNIT_NONE,0,CALENDAR_MULTIPLIER_THOUSANDS,False,,,,1563463800,2019.07.18 15:30:00,216,209,208,7,Long,True,,1563465600,2019.07.18 16:00:00,1800,1.12163,0.0009346027654175648,1.0,1.0,240,1.1206953972345823,1.1225646027654175,TARGET,3,2019.07.18 18:00:00,3,1.0,9.346027654175648,False,False,,,TARGET,1.0
SURROUNDING_EXPLORATORY_RELEASE,event_840140001_1564068600_97387,840140001,97387,US,USD,Initial Jobless Claims,Initial Jobless Claims,2019.07.20 00:00:00,18929,0,CALENDAR_TIMEMODE_DATETIME,False,trade_server_time,CALENDAR_UNIT_NONE,0,CALENDAR_MULTIPLIER_THOUSANDS,False,,,,1564068600,2019.07.25 15:30:00,206,216,,-10,Short,True,,1564070400,2019.07.25 16:00:00,1800,1.11541,0.0010745122526896844,1.0,1.0,240,1.1164845122526896,1.1143354877473104,STOP,1,2019.07.25 16:00:00,1,-1.0,-10.745122526896843,False,False,,,STOP,-1.0
SURROUNDING_EXPLORATORY_RELEASE,event_840140001_1564673400_101005,840140001,101005,US,USD,Initial Jobless Claims,Initial Jobless Claims,2019.07.27 00:00:00,18930,0,CALENDAR_TIMEMODE_DATETIME,False,trade_server_time,CALENDAR_UNIT_NONE,0,CALENDAR_MULTIPLIER_THOUSANDS,False,,,,1564673400,2019.08.01 15:30:00,215,206,207,9,Long,True,,1564675200,2019.08.01 16:00:00,1800,1.10293,0.0013841042233781625,1.0,1.0,240,1.1015458957766218,1.1043141042233782,TARGET,1,2019.08.01 16:00:00,1,1.0,13.841042233781623,False,False,,,TARGET,1.0
SURROUNDING_EXPLORATORY_RELEASE,event_840140001_1565278200_101008,840140001,101008,US,USD,Initial Jobless Claims,Initial Jobless Claims,2019.08.03 00:00:00,18931,0,CALENDAR_TIMEMODE_DATETIME,False,trade_server_time,CALENDAR_UNIT_NONE,0,CALENDAR_MULTIPLIER_THOUSANDS,False,,,,1565278200,2019.08.08 15:30:00,209,215,217,-6,Short,True,,1565280000,2019.08.08 16:00:00,1800,1.12038,0.0011978901000013766,1.0,1.0,240,1.1215778901000013,1.1191821098999986,STOP,1,2019.08.08 16:00:00,1,-1.0,-11.978901000013765,True,False,,,TARGET,1.0
SURROUNDING_EXPLORATORY_RELEASE,event_840030001_1565364600_61762,840030001,61762,US,USD,PPI m/m,PPI m/m,2019.07.01 00:00:00,6129,0,CALENDAR_TIMEMODE_DATETIME,False,trade_server_time,CALENDAR_UNIT_PERCENT,1,CALENDAR_MULTIPLIER_NONE,False,,,,1565364600,2019.08.09 15:30:00,0.2,0.1,,0.1,Short,True,,1565366400,2019.08.09 16:00:00,1800,1.12014,0.00114817815106261,1.0,1.0,240,1.1212881781510626,1.1189918218489372,TARGET,2,2019.08.09 17:00:00,2,1.0,11.4817815106261,False,False,,,TARGET,1.0
SURROUNDING_EXPLORATORY_RELEASE,event_840020010_1565883000_80820,840020010,80820,US,USD,Retail Sales m/m,Retail Sales m/m,2019.07.01 00:00:00,3330,0,CALENDAR_TIMEMODE_DATETIME,False,trade_server_time,CALENDAR_UNIT_PERCENT,1,CALENDAR_MULTIPLIER_NONE,False,,,,1565883000,2019.08.15 15:30:00,0.7,0.4,0.3,0.3,Short,True,,1565884800,2019.08.15 16:00:00,1800,1.11418,0.0009579646493554312,1.0,1.0,240,1.1151379646493553,1.1132220353506446,TARGET,1,2019.08.15 16:00:00,1,1.0,9.579646493554312,False,False,,,TARGET,1.0
SURROUNDING_EXPLORATORY_RELEASE,event_840140001_1565883000_101011,840140001,101011,US,USD,Initial Jobless Claims,Initial Jobless Claims,2019.08.10 00:00:00,18932,0,CALENDAR_TIMEMODE_DATETIME,False,trade_server_time,CALENDAR_UNIT_NONE,0,CALENDAR_MULTIPLIER_THOUSANDS,False,,,,1565883000,2019.08.15 15:30:00,220,209,211,11,Long,True,,1565884800,2019.08.15 16:00:00,1800,1.11418,0.0009579646493554312,1.0,1.0,240,1.1132220353506446,1.1151379646493553,STOP,1,2019.08.15 16:00:00,1,-1.0,-9.579646493554312,False,False,,,STOP,-1.0
SURROUNDING_EXPLORATORY_RELEASE,event_840140001_1566487800_101014,840140001,101014,US,USD,Initial Jobless Claims,Initial Jobless Claims,2019.08.17 00:00:00,18933,0,CALENDAR_TIMEMODE_DATETIME,False,trade_server_time,CALENDAR_UNIT_NONE,0,CALENDAR_MULTIPLIER_THOUSANDS,False,,,,1566487800,2019.08.22 15:30:00,209,220,221,-11,Short,True,,1566489600,2019.08.22 16:00:00,1800,1.10795,0.0011242905324084864,1.0,1.0,240,1.1090742905324085,1.1068257094675915,STOP,1,2019.08.22 16:00:00,1,-1.0,-11.242905324084864,False,False,,,STOP,-1.0
SURROUNDING_EXPLORATORY_RELEASE,event_840140001_1567697400_103087,840140001,103087,US,USD,Initial Jobless Claims,Initial Jobless Claims,2019.08.31 00:00:00,18935,0,CALENDAR_TIMEMODE_DATETIME,False,trade_server_time,CALENDAR_UNIT_NONE,0,CALENDAR_MULTIPLIER_THOUSANDS,False,,,,1567697400,2019.09.05 15:30:00,217,215,216,2,Long,True,,1567699200,2019.09.05 16:00:00,1800,1.10595,0.0010823370081966461,1.0,1.0,240,1.1048676629918033,1.1070323370081967,TARGET,1,2019.09.05 16:00:00,1,1.0,10.82337008196646,False,False,,,TARGET,1.0
SURROUNDING_EXPLORATORY_RELEASE,event_840030001_1568215800_61791,840030001,61791,US,USD,PPI m/m,PPI m/m,2019.08.01 00:00:00,6130,0,CALENDAR_TIMEMODE_DATETIME,False,trade_server_time,CALENDAR_UNIT_PERCENT,1,CALENDAR_MULTIPLIER_NONE,False,,,,1568215800,2019.09.11 15:30:00,0.1,0.2,,-0.1,Long,True,,1568217600,2019.09.11 16:00:00,1800,1.10004,0.0009293130867962591,1.0,1.0,240,1.0991106869132037,1.1009693130867961,STOP,2,2019.09.11 17:00:00,2,-1.0,-9.29313086796259,False,False,,,STOP,-1.0
SURROUNDING_EXPLORATORY_RELEASE,event_840140001_1568302200_103090,840140001,103090,US,USD,Initial Jobless Claims,Initial Jobless Claims,2019.09.07 00:00:00,18936,0,CALENDAR_TIMEMODE_DATETIME,False,trade_server_time,CALENDAR_UNIT_NONE,0,CALENDAR_MULTIPLIER_THOUSANDS,False,,,,1568302200,2019.09.12 15:30:00,204,217,219,-13,Short,True,,1568304000,2019.09.12 16:00:00,1800,1.09455,0.0014838812549408907,1.0,1.0,240,1.0960338812549408,1.093066118745059,STOP,1,2019.09.12 16:00:00,1,-1.0,-14.838812549408907,False,False,,,STOP,-1.0
SURROUNDING_EXPLORATORY_RELEASE,event_840020010_1568388600_80846,840020010,80846,US,USD,Retail Sales m/m,Retail Sales m/m,2019.08.01 00:00:00,3331,0,CALENDAR_TIMEMODE_DATETIME,False,trade_server_time,CALENDAR_UNIT_PERCENT,1,CALENDAR_MULTIPLIER_NONE,False,,,,1568388600,2019.09.13 15:30:00,0.4,0.7,0.8,-0.3,Long,True,,1568390400,2019.09.13 16:00:00,1800,1.10873,0.0015367493304316291,1.0,1.0,240,1.1071932506695683,1.1102667493304317,STOP,1,2019.09.13 16:00:00,1,-1.0,-15.367493304316291,False,False,,,STOP,-1.0
SURROUNDING_EXPLORATORY_RELEASE,event_840140001_1568907000_103093,840140001,103093,US,USD,Initial Jobless Claims,Initial Jobless Claims,2019.09.14 00:00:00,18937,0,CALENDAR_TIMEMODE_DATETIME,False,trade_server_time,CALENDAR_UNIT_NONE,0,CALENDAR_MULTIPLIER_THOUSANDS,False,,,,1568907000,2019.09.19 15:30:00,208,204,206,4,Long,True,,1568908800,2019.09.19 16:00:00,1800,1.10666,0.0010986430529997164,1.0,1.0,240,1.1055613569470002,1.1077586430529998,STOP,2,2019.09.19 17:00:00,2,-1.0,-10.986430529997163,False,False,,,STOP,-1.0
SURROUNDING_EXPLORATORY_RELEASE,event_840140001_1569511800_103096,840140001,103096,US,USD,Initial Jobless Claims,Initial Jobless Claims,2019.09.21 00:00:00,18938,0,CALENDAR_TIMEMODE_DATETIME,False,trade_server_time,CALENDAR_UNIT_NONE,0,CALENDAR_MULTIPLIER_THOUSANDS,False,,,,1569511800,2019.09.26 15:30:00,213,208,210,5,Long,True,,1569513600,2019.09.26 16:00:00,1800,1.09471,0.0009334162775555965,1.0,1.0,240,1.0937765837224445,1.0956434162775557,TARGET,1,2019.09.26 16:00:00,1,1.0,9.334162775555965,False,False,,,TARGET,1.0
SURROUNDING_EXPLORATORY_RELEASE,event_840140001_1570116600_105464,840140001,105464,US,USD,Initial Jobless Claims,Initial Jobless Claims,2019.09.28 00:00:00,18939,0,CALENDAR_TIMEMODE_DATETIME,False,trade_server_time,CALENDAR_UNIT_NONE,0,CALENDAR_MULTIPLIER_THOUSANDS,False,,,,1570116600,2019.10.03 15:30:00,219,213,215,6,Long,True,,1570118400,2019.10.03 16:00:00,1800,1.09616,0.0010680367812200126,1.0,1.0,240,1.09509196321878,1.09722803678122,TARGET,2,2019.10.03 17:00:00,2,1.0,10.680367812200124,False,False,,,TARGET,1.0
SURROUNDING_EXPLORATORY_RELEASE,event_840030001_1570548600_61815,840030001,61815,US,USD,PPI m/m,PPI m/m,2019.09.01 00:00:00,6131,0,CALENDAR_TIMEMODE_DATETIME,False,trade_server_time,CALENDAR_UNIT_PERCENT,1,CALENDAR_MULTIPLIER_NONE,False,,,,1570548600,2019.10.08 15:30:00,-0.3,0.1,,-0.4,Long,True,,1570550400,2019.10.08 16:00:00,1800,1.09841,0.0008177134856091506,1.0,1.0,240,1.097592286514391,1.0992277134856092,STOP,1,2019.10.08 16:00:00,1,-1.0,-8.177134856091506,False,False,,,STOP,-1.0
SURROUNDING_EXPLORATORY_RELEASE,event_840140001_1570721400_105467,840140001,105467,US,USD,Initial Jobless Claims,Initial Jobless Claims,2019.10.05 00:00:00,18940,0,CALENDAR_TIMEMODE_DATETIME,False,trade_server_time,CALENDAR_UNIT_NONE,0,CALENDAR_MULTIPLIER_THOUSANDS,False,,,,1570721400,2019.10.10 15:30:00,210,219,220,-9,Short,True,,1570723200,2019.10.10 16:00:00,1800,1.10228,0.0010163730858784642,1.0,1.0,240,1.1032963730858785,1.1012636269141214,TARGET,2,2019.10.10 17:00:00,2,1.0,10.16373085878464,False,False,,,TARGET,1.0
SURROUNDING_EXPLORATORY_RELEASE,event_840020010_1571239800_80872,840020010,80872,US,USD,Retail Sales m/m,Retail Sales m/m,2019.09.01 00:00:00,3332,0,CALENDAR_TIMEMODE_DATETIME,False,trade_server_time,CALENDAR_UNIT_PERCENT,1,CALENDAR_MULTIPLIER_NONE,False,,,,1571239800,2019.10.16 15:30:00,-0.3,0.4,0.6,-0.7,Long,True,,1571241600,2019.10.16 16:00:00,1800,1.10393,0.0012207021091392384,1.0,1.0,240,1.1027092978908608,1.1051507021091393,TARGET,1,2019.10.16 16:00:00,1,1.0,12.207021091392383,False,False,,,TARGET,1.0
SURROUNDING_EXPLORATORY_RELEASE,event_840140001_1571326200_105470,840140001,105470,US,USD,Initial Jobless Claims,Initial Jobless Claims,2019.10.12 00:00:00,18941,0,CALENDAR_TIMEMODE_DATETIME,False,trade_server_time,CALENDAR_UNIT_NONE,0,CALENDAR_MULTIPLIER_THOUSANDS,False,,,,1571326200,2019.10.17 15:30:00,214,210,,4,Long,True,,1571328000,2019.10.17 16:00:00,1800,1.11167,0.001408418336248023,1.0,1.0,240,1.110261581663752,1.1130784183362479,TARGET,4,2019.10.17 19:00:00,4,1.0,14.084183362480228,False,False,,,TARGET,1.0
SURROUNDING_EXPLORATORY_RELEASE,event_840140001_1571931000_105473,840140001,105473,US,USD,Initial Jobless Claims,Initial Jobless Claims,2019.10.19 00:00:00,18942,0,CALENDAR_TIMEMODE_DATETIME,False,trade_server_time,CALENDAR_UNIT_NONE,0,CALENDAR_MULTIPLIER_THOUSANDS,False,,,,1571931000,2019.10.24 15:30:00,212,214,218,-2,Short,True,,1571932800,2019.10.24 16:00:00,1800,1.11491,0.0009119721505800266,1.0,1.0,240,1.11582197215058,1.1139980278494201,TARGET,1,2019.10.24 16:00:00,1,1.0,9.119721505800266,False,False,,,TARGET,1.0
SURROUNDING_EXPLORATORY_RELEASE,event_840140001_1572535800_105476,840140001,105476,US,USD,Initial Jobless Claims,Initial Jobless Claims,2019.10.26 00:00:00,18943,0,CALENDAR_TIMEMODE_DATETIME,False,trade_server_time,CALENDAR_UNIT_NONE,0,CALENDAR_MULTIPLIER_THOUSANDS,False,,,,1572535800,2019.10.31 15:30:00,218,212,213,6,Long,True,,1572537600,2019.10.31 16:00:00,1800,1.1148,0.0012009562669200063,1.0,1.0,240,1.11359904373308,1.11600095626692,STOP,1,2019.10.31 16:00:00,1,-1.0,-12.009562669200061,False,False,,,STOP,-1.0
SURROUNDING_EXPLORATORY_RELEASE,event_840140001_1573144200_109303,840140001,109303,US,USD,Initial Jobless Claims,Initial Jobless Claims,2019.11.02 00:00:00,18944,0,CALENDAR_TIMEMODE_DATETIME,False,trade_server_time,CALENDAR_UNIT_NONE,0,CALENDAR_MULTIPLIER_THOUSANDS,False,,,,1573144200,2019.11.07 16:30:00,211,218,219,-7,Short,True,,1573146000,2019.11.07 17:00:00,1800,1.10632,0.000980399499969606,1.0,1.0,240,1.1073003994999695,1.1053396005000304,TARGET,1,2019.11.07 17:00:00,1,1.0,9.803994999696059,False,False,,,TARGET,1.0
SURROUNDING_EXPLORATORY_RELEASE,event_840030001_1573749000_61853,840030001,61853,US,USD,PPI m/m,PPI m/m,2019.10.01 00:00:00,6132,0,CALENDAR_TIMEMODE_DATETIME,False,trade_server_time,CALENDAR_UNIT_PERCENT,1,CALENDAR_MULTIPLIER_NONE,False,,,,1573749000,2019.11.14 16:30:00,0.4,-0.3,,0.7,Short,True,,1573750800,2019.11.14 17:00:00,1800,1.10007,0.0007849461555277606,1.0,1.0,240,1.100854946155528,1.0992850538444723,TARGET,1,2019.11.14 17:00:00,1,1.0,7.849461555277606,False,False,,,TARGET,1.0
SURROUNDING_EXPLORATORY_RELEASE,event_840140001_1573749000_109306,840140001,109306,US,USD,Initial Jobless Claims,Initial Jobless Claims,2019.11.09 00:00:00,18945,0,CALENDAR_TIMEMODE_DATETIME,False,trade_server_time,CALENDAR_UNIT_NONE,0,CALENDAR_MULTIPLIER_THOUSANDS,False,,,,1573749000,2019.11.14 16:30:00,225,211,,14,Long,True,,1573750800,2019.11.14 17:00:00,1800,1.10007,0.0007849461555277606,1.0,1.0,240,1.0992850538444723,1.100854946155528,STOP,1,2019.11.14 17:00:00,1,-1.0,-7.849461555277606,False,False,,,STOP,-1.0
SURROUNDING_EXPLORATORY_RELEASE,event_840020010_1573835400_80898,840020010,80898,US,USD,Retail Sales m/m,Retail Sales m/m,2019.10.01 00:00:00,3333,0,CALENDAR_TIMEMODE_DATETIME,False,trade_server_time,CALENDAR_UNIT_PERCENT,1,CALENDAR_MULTIPLIER_NONE,False,,,,1573835400,2019.11.15 16:30:00,0.3,-0.3,,0.6,Short,True,,1573837200,2019.11.15 17:00:00,1800,1.1047,0.0007531991159609108,1.0,1.0,240,1.1054531991159608,1.1039468008840392,STOP,4,2019.11.15 20:00:00,4,-1.0,-7.531991159609107,False,False,,,STOP,-1.0
SURROUNDING_EXPLORATORY_RELEASE,event_840140001_1574353800_109309,840140001,109309,US,USD,Initial Jobless Claims,Initial Jobless Claims,2019.11.16 00:00:00,18946,0,CALENDAR_TIMEMODE_DATETIME,False,trade_server_time,CALENDAR_UNIT_NONE,0,CALENDAR_MULTIPLIER_THOUSANDS,False,,,,1574353800,2019.11.21 16:30:00,227,225,227,2,Long,True,,1574355600,2019.11.21 17:00:00,1800,1.10801,0.0007837402389227835,1.0,1.0,240,1.1072262597610771,1.1087937402389227,STOP,1,2019.11.21 17:00:00,1,-1.0,-7.837402389227834,False,False,,,STOP,-1.0
SURROUNDING_EXPLORATORY_RELEASE,event_840140001_1574872200_109312,840140001,109312,US,USD,Initial Jobless Claims,Initial Jobless Claims,2019.11.23 00:00:00,18947,0,CALENDAR_TIMEMODE_DATETIME,False,trade_server_time,CALENDAR_UNIT_NONE,0,CALENDAR_MULTIPLIER_THOUSANDS,False,,,,1574872200,2019.11.27 16:30:00,213,227,228,-14,Short,True,,1574874000,2019.11.27 17:00:00,1800,1.09954,0.0006535035272384612,1.0,1.0,240,1.1001935035272383,1.0988864964727616,STOP,1,2019.11.27 17:00:00,1,-1.0,-6.5350352723846115,False,False,,,STOP,-1.0
SURROUNDING_EXPLORATORY_RELEASE,event_840140001_1575563400_111394,840140001,111394,US,USD,Initial Jobless Claims,Initial Jobless Claims,2019.11.30 00:00:00,18948,0,CALENDAR_TIMEMODE_DATETIME,False,trade_server_time,CALENDAR_UNIT_NONE,0,CALENDAR_MULTIPLIER_THOUSANDS,False,,,,1575563400,2019.12.05 16:30:00,203,213,,-10,Short,True,,1575565200,2019.12.05 17:00:00,1800,1.10996,0.0007912199518337385,1.0,1.0,240,1.110751219951834,1.1091687800481662,TARGET,1,2019.12.05 17:00:00,1,1.0,7.912199518337384,False,False,,,TARGET,1.0
SURROUNDING_EXPLORATORY_RELEASE,event_840030001_1576168200_61880,840030001,61880,US,USD,PPI m/m,PPI m/m,2019.11.01 00:00:00,6133,0,CALENDAR_TIMEMODE_DATETIME,False,trade_server_time,CALENDAR_UNIT_PERCENT,1,CALENDAR_MULTIPLIER_NONE,False,,,,1576168200,2019.12.12 16:30:00,0.0,0.4,,-0.4,Long,True,,1576170000,2019.12.12 17:00:00,1800,1.11245,0.0009283299984998657,1.0,1.0,240,1.1115216700015,1.1133783299984998,STOP,1,2019.12.12 17:00:00,1,-1.0,-9.283299984998656,True,False,,,TARGET,1.0
SURROUNDING_EXPLORATORY_RELEASE,event_840140001_1576168200_111397,840140001,111397,US,USD,Initial Jobless Claims,Initial Jobless Claims,2019.12.07 00:00:00,18949,0,CALENDAR_TIMEMODE_DATETIME,False,trade_server_time,CALENDAR_UNIT_NONE,0,CALENDAR_MULTIPLIER_THOUSANDS,False,,,,1576168200,2019.12.12 16:30:00,252,203,,49,Long,True,,1576170000,2019.12.12 17:00:00,1800,1.11245,0.0009283299984998657,1.0,1.0,240,1.1115216700015,1.1133783299984998,STOP,1,2019.12.12 17:00:00,1,-1.0,-9.283299984998656,True,False,,,TARGET,1.0
SURROUNDING_EXPLORATORY_RELEASE,event_840020010_1576254600_80924,840020010,80924,US,USD,Retail Sales m/m,Retail Sales m/m,2019.11.01 00:00:00,3334,0,CALENDAR_TIMEMODE_DATETIME,False,trade_server_time,CALENDAR_UNIT_PERCENT,1,CALENDAR_MULTIPLIER_NONE,False,,,,1576254600,2019.12.13 16:30:00,0.2,0.3,0.4,-0.1,Long,True,,1576256400,2019.12.13 17:00:00,1800,1.11521,0.001258673810208766,1.0,1.0,240,1.1139513261897913,1.1164686738102088,STOP,1,2019.12.13 17:00:00,1,-1.0,-12.58673810208766,True,False,,,TARGET,1.0
SURROUNDING_EXPLORATORY_RELEASE,event_840140001_1576773000_111400,840140001,111400,US,USD,Initial Jobless Claims,Initial Jobless Claims,2019.12.14 00:00:00,18950,0,CALENDAR_TIMEMODE_DATETIME,False,trade_server_time,CALENDAR_UNIT_NONE,0,CALENDAR_MULTIPLIER_THOUSANDS,False,,,,1576773000,2019.12.19 16:30:00,234,252,,-18,Short,True,,1576774800,2019.12.19 17:00:00,1800,1.11218,0.0009551181585419395,1.0,1.0,240,1.1131351181585418,1.111224881841458,TARGET,1,2019.12.19 17:00:00,1,1.0,9.551181585419394,False,False,,,TARGET,1.0
SURROUNDING_EXPLORATORY_RELEASE,event_840140001_1577377800_111403,840140001,111403,US,USD,Initial Jobless Claims,Initial Jobless Claims,2019.12.21 00:00:00,18951,0,CALENDAR_TIMEMODE_DATETIME,False,trade_server_time,CALENDAR_UNIT_NONE,0,CALENDAR_MULTIPLIER_THOUSANDS,False,,,,1577377800,2019.12.26 16:30:00,222,234,235,-12,Short,True,,1577379600,2019.12.26 17:00:00,1800,1.10906,0.0005723010010960579,1.0,1.0,240,1.109632301001096,1.1084876989989039,STOP,1,2019.12.26 17:00:00,1,-1.0,-5.723010010960579,False,False,,,STOP,-1.0
SURROUNDING_EXPLORATORY_RELEASE,event_840140001_1577982600_116225,840140001,116225,US,USD,Initial Jobless Claims,Initial Jobless Claims,2019.12.28 00:00:00,18952,0,CALENDAR_TIMEMODE_DATETIME,False,trade_server_time,CALENDAR_UNIT_NONE,0,CALENDAR_MULTIPLIER_THOUSANDS,False,,,,1577982600,2020.01.02 16:30:00,222,222,224,0,Flat,False,FLAT_DIRECTION,,,,,,,,,,,,,,,,,,,,,,
SURROUNDING_EXPLORATORY_RELEASE,event_840140001_1578587400_116228,840140001,116228,US,USD,Initial Jobless Claims,Initial Jobless Claims,2020.01.04 00:00:00,18953,0,CALENDAR_TIMEMODE_DATETIME,False,trade_server_time,CALENDAR_UNIT_NONE,0,CALENDAR_MULTIPLIER_THOUSANDS,False,,,,1578587400,2020.01.09 16:30:00,214,222,223,-8,Short,True,,1578589200,2020.01.09 17:00:00,1800,1.11079,0.0010184247881794633,1.0,1.0,240,1.1118084247881794,1.1097715752118205,TARGET,1,2020.01.09 17:00:00,1,1.0,10.184247881794633,False,False,,,TARGET,1.0
SURROUNDING_EXPLORATORY_RELEASE,event_840030001_1579105800_109914,840030001,109914,US,USD,PPI m/m,PPI m/m,2019.12.01 00:00:00,6134,0,CALENDAR_TIMEMODE_DATETIME,False,trade_server_time,CALENDAR_UNIT_PERCENT,1,CALENDAR_MULTIPLIER_NONE,False,,,,1579105800,2020.01.15 16:30:00,0.1,0.0,,0.1,Short,True,,1579107600,2020.01.15 17:00:00,1800,1.11519,0.0008138773447204402,1.0,1.0,240,1.1160038773447203,1.1143761226552795,TARGET,1,2020.01.15 17:00:00,1,1.0,8.138773447204402,False,False,,,TARGET,1.0
SURROUNDING_EXPLORATORY_RELEASE,event_840020010_1579192200_110464,840020010,110464,US,USD,Retail Sales m/m,Retail Sales m/m,2019.12.01 00:00:00,3335,0,CALENDAR_TIMEMODE_DATETIME,False,trade_server_time,CALENDAR_UNIT_PERCENT,1,CALENDAR_MULTIPLIER_NONE,False,,,,1579192200,2020.01.16 16:30:00,0.3,0.2,0.3,0.1,Short,True,,1579194000,2020.01.16 17:00:00,1800,1.11411,0.0008614569302116726,1.0,1.0,240,1.1149714569302116,1.1132485430697883,TARGET,1,2020.01.16 17:00:00,1,1.0,8.614569302116726,False,False,,,TARGET,1.0
SURROUNDING_EXPLORATORY_RELEASE,event_840140001_1579192200_116231,840140001,116231,US,USD,Initial Jobless Claims,Initial Jobless Claims,2020.01.11 00:00:00,18954,0,CALENDAR_TIMEMODE_DATETIME,False,trade_server_time,CALENDAR_UNIT_NONE,0,CALENDAR_MULTIPLIER_THOUSANDS,False,,,,1579192200,2020.01.16 16:30:00,204,214,,-10,Short,True,,1579194000,2020.01.16 17:00:00,1800,1.11411,0.0008614569302116726,1.0,1.0,240,1.1149714569302116,1.1132485430697883,TARGET,1,2020.01.16 17:00:00,1,1.0,8.614569302116726,False,False,,,TARGET,1.0
SURROUNDING_EXPLORATORY_RELEASE,event_840140001_1579797000_116234,840140001,116234,US,USD,Initial Jobless Claims,Initial Jobless Claims,2020.01.18 00:00:00,18955,0,CALENDAR_TIMEMODE_DATETIME,False,trade_server_time,CALENDAR_UNIT_NONE,0,CALENDAR_MULTIPLIER_THOUSANDS,False,,,,1579797000,2020.01.23 16:30:00,211,204,205,7,Long,True,,1579798800,2020.01.23 17:00:00,1800,1.10689,0.0008831454916444995,1.0,1.0,240,1.1060068545083555,1.1077731454916444,STOP,1,2020.01.23 17:00:00,1,-1.0,-8.831454916444995,False,False,,,STOP,-1.0
SURROUNDING_EXPLORATORY_RELEASE,event_840140001_1581006600_118951,840140001,118951,US,USD,Initial Jobless Claims,Initial Jobless Claims,2020.02.01 00:00:00,18957,0,CALENDAR_TIMEMODE_DATETIME,False,trade_server_time,CALENDAR_UNIT_NONE,0,CALENDAR_MULTIPLIER_THOUSANDS,False,,,,1581006600,2020.02.06 16:30:00,202,216,217,-14,Short,True,,1581008400,2020.02.06 17:00:00,1800,1.09879,0.0007206302124018241,1.0,1.0,240,1.0995106302124018,1.098069369787598,TARGET,1,2020.02.06 17:00:00,1,1.0,7.206302124018241,False,False,,,TARGET,1.0
SURROUNDING_EXPLORATORY_RELEASE,event_840140001_1581611400_118954,840140001,118954,US,USD,Initial Jobless Claims,Initial Jobless Claims,2020.02.08 00:00:00,18958,0,CALENDAR_TIMEMODE_DATETIME,False,trade_server_time,CALENDAR_UNIT_NONE,0,CALENDAR_MULTIPLIER_THOUSANDS,False,,,,1581611400,2020.02.13 16:30:00,205,202,203,3,Long,True,,1581613200,2020.02.13 17:00:00,1800,1.08549,0.0009517809645740024,1.0,1.0,240,1.084538219035426,1.086441780964574,STOP,1,2020.02.13 17:00:00,1,-1.0,-9.517809645740023,False,False,,,STOP,-1.0
SURROUNDING_EXPLORATORY_RELEASE,event_840020010_1581697800_110496,840020010,110496,US,USD,Retail Sales m/m,Retail Sales m/m,2020.01.01 00:00:00,3336,0,CALENDAR_TIMEMODE_DATETIME,False,trade_server_time,CALENDAR_UNIT_PERCENT,1,CALENDAR_MULTIPLIER_NONE,False,,,,1581697800,2020.02.14 16:30:00,0.3,0.3,0.2,0.0,Flat,False,FLAT_DIRECTION,,,,,,,,,,,,,,,,,,,,,,
SURROUNDING_EXPLORATORY_RELEASE,event_840030001_1582129800_109956,840030001,109956,US,USD,PPI m/m,PPI m/m,2020.01.01 00:00:00,6135,0,CALENDAR_TIMEMODE_DATETIME,False,trade_server_time,CALENDAR_UNIT_PERCENT,1,CALENDAR_MULTIPLIER_NONE,False,,,,1582129800,2020.02.19 16:30:00,0.5,0.1,0.2,0.4,Short,True,,1582131600,2020.02.19 17:00:00,1800,1.07866,0.000890858985902418,1.0,1.0,240,1.0795508589859024,1.0777691410140975,STOP,2,2020.02.19 18:00:00,2,-1.0,-8.908589859024179,False,False,,,STOP,-1.0
SURROUNDING_EXPLORATORY_RELEASE,event_840140001_1582216200_118957,840140001,118957,US,USD,Initial Jobless Claims,Initial Jobless Claims,2020.02.15 00:00:00,18959,0,CALENDAR_TIMEMODE_DATETIME,False,trade_server_time,CALENDAR_UNIT_NONE,0,CALENDAR_MULTIPLIER_THOUSANDS,False,,,,1582216200,2020.02.20 16:30:00,210,205,206,5,Long,True,,1582218000,2020.02.20 17:00:00,1800,1.08165,0.0010385887081676235,1.0,1.0,240,1.0806114112918324,1.0826885887081676,STOP,1,2020.02.20 17:00:00,1,-1.0,-10.385887081676234,False,False,,,STOP,-1.0
SURROUNDING_EXPLORATORY_RELEASE,event_840140001_1582821000_118960,840140001,118960,US,USD,Initial Jobless Claims,Initial Jobless Claims,2020.02.22 00:00:00,18960,0,CALENDAR_TIMEMODE_DATETIME,False,trade_server_time,CALENDAR_UNIT_NONE,0,CALENDAR_MULTIPLIER_THOUSANDS,False,,,,1582821000,2020.02.27 16:30:00,219,210,211,9,Long,True,,1582822800,2020.02.27 17:00:00,1800,1.09762,0.001552399157541394,1.0,1.0,240,1.0960676008424586,1.0991723991575415,TARGET,1,2020.02.27 17:00:00,1,1.0,15.523991575413941,False,False,,,TARGET,1.0
SURROUNDING_EXPLORATORY_RELEASE,event_840140001_1583425800_126400,840140001,126400,US,USD,Initial Jobless Claims,Initial Jobless Claims,2020.02.29 00:00:00,18961,0,CALENDAR_TIMEMODE_DATETIME,False,trade_server_time,CALENDAR_UNIT_NONE,0,CALENDAR_MULTIPLIER_THOUSANDS,False,,,,1583425800,2020.03.05 16:30:00,216,219,,-3,Short,True,,1583427600,2020.03.05 17:00:00,1800,1.11905,0.001714122543141605,1.0,1.0,240,1.1207641225431417,1.1173358774568585,TARGET,1,2020.03.05 17:00:00,1,1.0,17.14122543141605,False,False,,,TARGET,1.0
SURROUNDING_EXPLORATORY_RELEASE,event_840030001_1584027000_109983,840030001,109983,US,USD,PPI m/m,PPI m/m,2020.02.01 00:00:00,6136,0,CALENDAR_TIMEMODE_DATETIME,False,trade_server_time,CALENDAR_UNIT_PERCENT,1,CALENDAR_MULTIPLIER_NONE,False,,,,1584027000,2020.03.12 15:30:00,-0.6,0.5,,-1.1,Long,True,,1584028800,2020.03.12 16:00:00,1800,1.12386,0.0032360832640755954,1.0,1.0,240,1.1206239167359244,1.1270960832640757,STOP,1,2020.03.12 16:00:00,1,-1.0,-32.36083264075595,False,False,,,STOP,-1.0
SURROUNDING_EXPLORATORY_RELEASE,event_840140001_1584027000_126403,840140001,126403,US,USD,Initial Jobless Claims,Initial Jobless Claims,2020.03.07 00:00:00,18962,0,CALENDAR_TIMEMODE_DATETIME,False,trade_server_time,CALENDAR_UNIT_NONE,0,CALENDAR_MULTIPLIER_THOUSANDS,False,,,,1584027000,2020.03.12 15:30:00,211,216,215,-5,Short,True,,1584028800,2020.03.12 16:00:00,1800,1.12386,0.0032360832640755954,1.0,1.0,240,1.1270960832640757,1.1206239167359244,TARGET,1,2020.03.12 16:00:00,1,1.0,32.36083264075595,False,False,,,TARGET,1.0
SURROUNDING_EXPLORATORY_RELEASE,event_840020010_1584459000_110530,840020010,110530,US,USD,Retail Sales m/m,Retail Sales m/m,2020.02.01 00:00:00,3337,0,CALENDAR_TIMEMODE_DATETIME,False,trade_server_time,CALENDAR_UNIT_PERCENT,1,CALENDAR_MULTIPLIER_NONE,False,,,,1584459000,2020.03.17 15:30:00,-0.5,0.3,0.6,-0.8,Long,True,,1584460800,2020.03.17 16:00:00,1800,1.09943,0.0032608421891148305,1.0,1.0,240,1.096169157810885,1.1026908421891148,STOP,1,2020.03.17 16:00:00,1,-1.0,-32.6084218911483,False,False,,,STOP,-1.0
SURROUNDING_EXPLORATORY_RELEASE,event_840140001_1584631800_126406,840140001,126406,US,USD,Initial Jobless Claims,Initial Jobless Claims,2020.03.14 00:00:00,18963,0,CALENDAR_TIMEMODE_DATETIME,False,trade_server_time,CALENDAR_UNIT_NONE,0,CALENDAR_MULTIPLIER_THOUSANDS,False,,,,1584631800,2020.03.19 15:30:00,281,211,,70,Long,True,,1584633600,2020.03.19 16:00:00,1800,1.08029,0.005056888724611539,1.0,1.0,240,1.0752331112753883,1.0853468887246116,STOP,2,2020.03.19 17:00:00,2,-1.0,-50.56888724611539,False,False,,,STOP,-1.0
SURROUNDING_EXPLORATORY_RELEASE,event_840140001_1585841400_129822,840140001,129822,US,USD,Initial Jobless Claims,Initial Jobless Claims,2020.03.28 00:00:00,18965,0,CALENDAR_TIMEMODE_DATETIME,False,trade_server_time,CALENDAR_UNIT_NONE,0,CALENDAR_MULTIPLIER_THOUSANDS,False,,,,1585841400,2020.04.02 15:30:00,6648,3283,3307,3365,Long,True,,1585843200,2020.04.02 16:00:00,1800,1.08788,0.002067225010261619,1.0,1.0,240,1.0858127749897384,1.0899472250102615,STOP,1,2020.04.02 16:00:00,1,-1.0,-20.67225010261619,False,False,,,STOP,-1.0
SURROUNDING_EXPLORATORY_RELEASE,event_840030001_1586446200_110002,840030001,110002,US,USD,PPI m/m,PPI m/m,2020.03.01 00:00:00,6137,0,CALENDAR_TIMEMODE_DATETIME,False,trade_server_time,CALENDAR_UNIT_PERCENT,1,CALENDAR_MULTIPLIER_NONE,False,,,,1586446200,2020.04.09 15:30:00,-0.2,-0.6,,0.4,Short,True,,1586448000,2020.04.09 16:00:00,1800,1.09038,0.001703451784159445,1.0,1.0,240,1.0920834517841593,1.0886765482158405,STOP,1,2020.04.09 16:00:00,1,-1.0,-17.03451784159445,False,False,,,STOP,-1.0
SURROUNDING_EXPLORATORY_RELEASE,event_840140001_1586446200_129825,840140001,129825,US,USD,Initial Jobless Claims,Initial Jobless Claims,2020.04.04 00:00:00,18966,0,CALENDAR_TIMEMODE_DATETIME,False,trade_server_time,CALENDAR_UNIT_NONE,0,CALENDAR_MULTIPLIER_THOUSANDS,False,,,,1586446200,2020.04.09 15:30:00,6606,6648,6867,-42,Short,True,,1586448000,2020.04.09 16:00:00,1800,1.09038,0.001703451784159445,1.0,1.0,240,1.0920834517841593,1.0886765482158405,STOP,1,2020.04.09 16:00:00,1,-1.0,-17.03451784159445,False,False,,,STOP,-1.0
SURROUNDING_EXPLORATORY_RELEASE,event_840020010_1586964600_110562,840020010,110562,US,USD,Retail Sales m/m,Retail Sales m/m,2020.03.01 00:00:00,3338,0,CALENDAR_TIMEMODE_DATETIME,False,trade_server_time,CALENDAR_UNIT_PERCENT,1,CALENDAR_MULTIPLIER_NONE,False,,,,1586964600,2020.04.15 15:30:00,-8.7,-0.5,-0.4,-8.2,Long,True,,1586966400,2020.04.15 16:00:00,1800,1.08601,0.0015316901847724905,1.0,1.0,240,1.0844783098152275,1.0875416901847723,TARGET,1,2020.04.15 16:00:00,1,1.0,15.316901847724905,False,False,,,TARGET,1.0
SURROUNDING_EXPLORATORY_RELEASE,event_840140001_1587051000_129828,840140001,129828,US,USD,Initial Jobless Claims,Initial Jobless Claims,2020.04.11 00:00:00,18967,0,CALENDAR_TIMEMODE_DATETIME,False,trade_server_time,CALENDAR_UNIT_NONE,0,CALENDAR_MULTIPLIER_THOUSANDS,False,,,,1587051000,2020.04.16 15:30:00,5245,6606,6615,-1361,Short,True,,1587052800,2020.04.16 16:00:00,1800,1.08889,0.0019621328843302316,1.0,1.0,240,1.0908521328843301,1.0869278671156697,TARGET,2,2020.04.16 17:00:00,2,1.0,19.621328843302315,False,False,,,TARGET,1.0
SURROUNDING_EXPLORATORY_RELEASE,event_840140001_1587655800_129831,840140001,129831,US,USD,Initial Jobless Claims,Initial Jobless Claims,2020.04.18 00:00:00,18968,0,CALENDAR_TIMEMODE_DATETIME,False,trade_server_time,CALENDAR_UNIT_NONE,0,CALENDAR_MULTIPLIER_THOUSANDS,False,,,,1587655800,2020.04.23 15:30:00,4427,5245,5237,-818,Short,True,,1587657600,2020.04.23 16:00:00,1800,1.0788,0.001708601044447983,1.0,1.0,240,1.080508601044448,1.077091398955552,STOP,2,2020.04.23 17:00:00,2,-1.0,-17.08601044447983,False,False,,,STOP,-1.0
SURROUNDING_EXPLORATORY_RELEASE,event_840140001_1588260600_129834,840140001,129834,US,USD,Initial Jobless Claims,Initial Jobless Claims,2020.04.25 00:00:00,18969,0,CALENDAR_TIMEMODE_DATETIME,False,trade_server_time,CALENDAR_UNIT_NONE,0,CALENDAR_MULTIPLIER_THOUSANDS,False,,,,1588260600,2020.04.30 15:30:00,3839,4427,4442,-588,Short,True,,1588262400,2020.04.30 16:00:00,1800,1.08756,0.0016530631823073057,1.0,1.0,240,1.0892130631823074,1.0859069368176928,TARGET,1,2020.04.30 16:00:00,1,1.0,16.53063182307306,False,False,,,TARGET,1.0
SURROUNDING_EXPLORATORY_RELEASE,event_840140001_1588865400_130597,840140001,130597,US,USD,Initial Jobless Claims,Initial Jobless Claims,2020.05.02 00:00:00,18970,0,CALENDAR_TIMEMODE_DATETIME,False,trade_server_time,CALENDAR_UNIT_NONE,0,CALENDAR_MULTIPLIER_THOUSANDS,False,,,,1588865400,2020.05.07 15:30:00,3169,3839,3846,-670,Short,True,,1588867200,2020.05.07 16:00:00,1800,1.07939,0.0013758701875737475,1.0,1.0,240,1.0807658701875738,1.0780141298124264,TARGET,1,2020.05.07 16:00:00,1,1.0,13.758701875737474,False,False,,,TARGET,1.0
SURROUNDING_EXPLORATORY_RELEASE,event_840030001_1589383800_110048,840030001,110048,US,USD,PPI m/m,PPI m/m,2020.04.01 00:00:00,6138,0,CALENDAR_TIMEMODE_DATETIME,False,trade_server_time,CALENDAR_UNIT_PERCENT,1,CALENDAR_MULTIPLIER_NONE,False,,,,1589383800,2020.05.13 15:30:00,-1.3,-0.2,,-1.1,Long,True,,1589385600,2020.05.13 16:00:00,1800,1.08787,0.0012724406664386915,1.0,1.0,240,1.0865975593335613,1.0891424406664385,STOP,1,2020.05.13 16:00:00,1,-1.0,-12.724406664386914,True,False,,,TARGET,1.0
SURROUNDING_EXPLORATORY_RELEASE,event_840140001_1589470200_130600,840140001,130600,US,USD,Initial Jobless Claims,Initial Jobless Claims,2020.05.09 00:00:00,18971,0,CALENDAR_TIMEMODE_DATETIME,False,trade_server_time,CALENDAR_UNIT_NONE,0,CALENDAR_MULTIPLIER_THOUSANDS,False,,,,1589470200,2020.05.14 15:30:00,2981,3169,3176,-188,Short,True,,1589472000,2020.05.14 16:00:00,1800,1.07884,0.0012756412485876445,1.0,1.0,240,1.0801156412485877,1.0775643587514123,STOP,2,2020.05.14 17:00:00,2,-1.0,-12.756412485876444,False,False,,,STOP,-1.0
SURROUNDING_EXPLORATORY_RELEASE,event_840020010_1589556600_110594,840020010,110594,US,USD,Retail Sales m/m,Retail Sales m/m,2020.04.01 00:00:00,3339,0,CALENDAR_TIMEMODE_DATETIME,False,trade_server_time,CALENDAR_UNIT_PERCENT,1,CALENDAR_MULTIPLIER_NONE,False,,,,1589556600,2020.05.15 15:30:00,-16.4,-8.7,-8.3,-7.7,Long,True,,1589558400,2020.05.15 16:00:00,1800,1.08293,0.0012163296713832525,1.0,1.0,240,1.0817136703286168,1.0841463296713831,TARGET,1,2020.05.15 16:00:00,1,1.0,12.163296713832525,False,False,,,TARGET,1.0
SURROUNDING_EXPLORATORY_RELEASE,event_840140001_1590075000_130604,840140001,130604,US,USD,Initial Jobless Claims,Initial Jobless Claims,2020.05.16 00:00:00,18972,0,CALENDAR_TIMEMODE_DATETIME,False,trade_server_time,CALENDAR_UNIT_NONE,0,CALENDAR_MULTIPLIER_THOUSANDS,False,,,,1590075000,2020.05.21 15:30:00,2438,2981,2687,-543,Short,True,,1590076800,2020.05.21 16:00:00,1800,1.09949,0.0013711510166589931,1.0,1.0,240,1.100861151016659,1.0981188489833411,TARGET,1,2020.05.21 16:00:00,1,1.0,13.71151016658993,False,False,,,TARGET,1.0
SURROUNDING_EXPLORATORY_RELEASE,event_840140001_1590679800_130611,840140001,130611,US,USD,Initial Jobless Claims,Initial Jobless Claims,2020.05.23 00:00:00,18973,0,CALENDAR_TIMEMODE_DATETIME,False,trade_server_time,CALENDAR_UNIT_NONE,0,CALENDAR_MULTIPLIER_THOUSANDS,False,,,,1590679800,2020.05.28 15:30:00,2123,2438,2446,-315,Short,True,,1590681600,2020.05.28 16:00:00,1800,1.10212,0.0017670307564207897,1.0,1.0,240,1.1038870307564208,1.1003529692435792,STOP,1,2020.05.28 16:00:00,1,-1.0,-17.670307564207896,False,False,,,STOP,-1.0
SURROUNDING_EXPLORATORY_RELEASE,event_840140001_1591284600_131346,840140001,131346,US,USD,Initial Jobless Claims,Initial Jobless Claims,2020.05.30 00:00:00,18974,0,CALENDAR_TIMEMODE_DATETIME,False,trade_server_time,CALENDAR_UNIT_NONE,0,CALENDAR_MULTIPLIER_THOUSANDS,False,,,,1591284600,2020.06.04 15:30:00,1877,2123,2126,-246,Short,True,,1591286400,2020.06.04 16:00:00,1800,1.1237,0.0018154758623492285,1.0,1.0,240,1.1255154758623491,1.1218845241376507,STOP,1,2020.06.04 16:00:00,1,-1.0,-18.154758623492285,False,False,,,STOP,-1.0
SURROUNDING_EXPLORATORY_RELEASE,event_840030001_1591889400_110081,840030001,110081,US,USD,PPI m/m,PPI m/m,2020.05.01 00:00:00,6139,0,CALENDAR_TIMEMODE_DATETIME,False,trade_server_time,CALENDAR_UNIT_PERCENT,1,CALENDAR_MULTIPLIER_NONE,False,,,,1591889400,2020.06.11 15:30:00,0.4,-1.3,,1.7,Short,True,,1591891200,2020.06.11 16:00:00,1800,1.13562,0.002257145264612743,1.0,1.0,240,1.1378771452646128,1.1333628547353873,STOP,2,2020.06.11 17:00:00,2,-1.0,-22.57145264612743,False,False,,,STOP,-1.0
SURROUNDING_EXPLORATORY_RELEASE,event_840140001_1591889400_131349,840140001,131349,US,USD,Initial Jobless Claims,Initial Jobless Claims,2020.06.06 00:00:00,18975,0,CALENDAR_TIMEMODE_DATETIME,False,trade_server_time,CALENDAR_UNIT_NONE,0,CALENDAR_MULTIPLIER_THOUSANDS,False,,,,1591889400,2020.06.11 15:30:00,1542,1877,1897,-335,Short,True,,1591891200,2020.06.11 16:00:00,1800,1.13562,0.002257145264612743,1.0,1.0,240,1.1378771452646128,1.1333628547353873,STOP,2,2020.06.11 17:00:00,2,-1.0,-22.57145264612743,False,False,,,STOP,-1.0
SURROUNDING_EXPLORATORY_RELEASE,event_840020010_1592321400_110626,840020010,110626,US,USD,Retail Sales m/m,Retail Sales m/m,2020.05.01 00:00:00,3340,0,CALENDAR_TIMEMODE_DATETIME,False,trade_server_time,CALENDAR_UNIT_PERCENT,1,CALENDAR_MULTIPLIER_NONE,False,,,,1592321400,2020.06.16 15:30:00,17.7,-16.4,-14.7,34.1,Short,True,,1592323200,2020.06.16 16:00:00,1800,1.13014,0.001976381075502322,1.0,1.0,240,1.1321163810755022,1.1281636189244977,TARGET,1,2020.06.16 16:00:00,1,1.0,19.76381075502322,False,False,,,TARGET,1.0
SURROUNDING_EXPLORATORY_RELEASE,event_840140001_1592494200_131352,840140001,131352,US,USD,Initial Jobless Claims,Initial Jobless Claims,2020.06.13 00:00:00,18976,0,CALENDAR_TIMEMODE_DATETIME,False,trade_server_time,CALENDAR_UNIT_NONE,0,CALENDAR_MULTIPLIER_THOUSANDS,False,,,,1592494200,2020.06.18 15:30:00,1508,1542,1566,-34,Short,True,,1592496000,2020.06.18 16:00:00,1800,1.1227,0.0017307206086531047,1.0,1.0,240,1.1244307206086532,1.1209692793913468,TARGET,2,2020.06.18 17:00:00,2,1.0,17.307206086531046,False,False,,,TARGET,1.0
SURROUNDING_EXPLORATORY_RELEASE,event_840140001_1593703800_134401,840140001,134401,US,USD,Initial Jobless Claims,Initial Jobless Claims,2020.06.27 00:00:00,18978,0,CALENDAR_TIMEMODE_DATETIME,False,trade_server_time,CALENDAR_UNIT_NONE,0,CALENDAR_MULTIPLIER_THOUSANDS,False,,,,1593703800,2020.07.02 15:30:00,1427,1480,1482,-53,Short,True,,1593705600,2020.07.02 16:00:00,1800,1.12633,0.0013205165274564892,1.0,1.0,240,1.1276505165274566,1.1250094834725435,STOP,1,2020.07.02 16:00:00,1,-1.0,-13.20516527456489,True,False,,,TARGET,1.0
SURROUNDING_EXPLORATORY_RELEASE,event_840140001_1594308600_134404,840140001,134404,US,USD,Initial Jobless Claims,Initial Jobless Claims,2020.07.04 00:00:00,18979,0,CALENDAR_TIMEMODE_DATETIME,False,trade_server_time,CALENDAR_UNIT_NONE,0,CALENDAR_MULTIPLIER_THOUSANDS,False,,,,1594308600,2020.07.09 15:30:00,1314,1427,1413,-113,Short,True,,1594310400,2020.07.09 16:00:00,1800,1.13433,0.0015379962976334904,1.0,1.0,240,1.1358679962976335,1.1327920037023667,TARGET,1,2020.07.09 16:00:00,1,1.0,15.379962976334904,False,False,,,TARGET,1.0
SURROUNDING_EXPLORATORY_RELEASE,event_840030001_1594395000_110101,840030001,110101,US,USD,PPI m/m,PPI m/m,2020.06.01 00:00:00,6140,0,CALENDAR_TIMEMODE_DATETIME,False,trade_server_time,CALENDAR_UNIT_PERCENT,1,CALENDAR_MULTIPLIER_NONE,False,,,,1594395000,2020.07.10 15:30:00,-0.2,0.4,,-0.6,Long,True,,1594396800,2020.07.10 16:00:00,1800,1.12927,0.0012657997552083598,1.0,1.0,240,1.1280042002447916,1.1305357997552083,TARGET,1,2020.07.10 16:00:00,1,1.0,12.657997552083597,False,False,,,TARGET,1.0
SURROUNDING_EXPLORATORY_RELEASE,event_840020010_1594913400_110660,840020010,110660,US,USD,Retail Sales m/m,Retail Sales m/m,2020.06.01 00:00:00,3341,0,CALENDAR_TIMEMODE_DATETIME,False,trade_server_time,CALENDAR_UNIT_PERCENT,1,CALENDAR_MULTIPLIER_NONE,False,,,,1594913400,2020.07.16 15:30:00,7.5,17.7,18.2,-10.2,Long,True,,1594915200,2020.07.16 16:00:00,1800,1.14104,0.0013834355862834614,1.0,1.0,240,1.1396565644137167,1.1424234355862835,TARGET,1,2020.07.16 16:00:00,1,1.0,13.834355862834613,False,False,,,TARGET,1.0
SURROUNDING_EXPLORATORY_RELEASE,event_840140001_1594913400_134407,840140001,134407,US,USD,Initial Jobless Claims,Initial Jobless Claims,2020.07.11 00:00:00,18980,0,CALENDAR_TIMEMODE_DATETIME,False,trade_server_time,CALENDAR_UNIT_NONE,0,CALENDAR_MULTIPLIER_THOUSANDS,False,,,,1594913400,2020.07.16 15:30:00,1300,1314,1310,-14,Short,True,,1594915200,2020.07.16 16:00:00,1800,1.14104,0.0013834355862834614,1.0,1.0,240,1.1424234355862835,1.1396565644137167,STOP,1,2020.07.16 16:00:00,1,-1.0,-13.834355862834613,False,False,,,STOP,-1.0
SURROUNDING_EXPLORATORY_RELEASE,event_840140001_1595518200_134410,840140001,134410,US,USD,Initial Jobless Claims,Initial Jobless Claims,2020.07.18 00:00:00,18981,0,CALENDAR_TIMEMODE_DATETIME,False,trade_server_time,CALENDAR_UNIT_NONE,0,CALENDAR_MULTIPLIER_THOUSANDS,False,,,,1595518200,2020.07.23 15:30:00,1416,1300,1307,116,Long,True,,1595520000,2020.07.23 16:00:00,1800,1.15422,0.0014569988272652194,1.0,1.0,240,1.1527630011727348,1.1556769988272653,TARGET,1,2020.07.23 16:00:00,1,1.0,14.569988272652193,False,False,,,TARGET,1.0
SURROUNDING_EXPLORATORY_RELEASE,event_840140001_1596123000_134413,840140001,134413,US,USD,Initial Jobless Claims,Initial Jobless Claims,2020.07.25 00:00:00,18982,0,CALENDAR_TIMEMODE_DATETIME,False,trade_server_time,CALENDAR_UNIT_NONE,0,CALENDAR_MULTIPLIER_THOUSANDS,False,,,,1596123000,2020.07.30 15:30:00,1434,1416,1422,18,Long,True,,1596124800,2020.07.30 16:00:00,1800,1.17766,0.0017250328262628305,1.0,1.0,240,1.1759349671737371,1.1793850328262627,TARGET,1,2020.07.30 16:00:00,1,1.0,17.250328262628305,False,False,,,TARGET,1.0
SURROUNDING_EXPLORATORY_RELEASE,event_840140001_1596727800_135344,840140001,135344,US,USD,Initial Jobless Claims,Initial Jobless Claims,2020.08.01 00:00:00,18983,0,CALENDAR_TIMEMODE_DATETIME,False,trade_server_time,CALENDAR_UNIT_NONE,0,CALENDAR_MULTIPLIER_THOUSANDS,False,,,,1596727800,2020.08.06 15:30:00,1186,1434,1435,-248,Short,True,,1596729600,2020.08.06 16:00:00,1800,1.18487,0.002007806265353144,1.0,1.0,240,1.1868778062653533,1.1828621937346468,TARGET,2,2020.08.06 17:00:00,2,1.0,20.07806265353144,False,False,,,TARGET,1.0
SURROUNDING_EXPLORATORY_RELEASE,event_840030001_1597159800_110134,840030001,110134,US,USD,PPI m/m,PPI m/m,2020.07.01 00:00:00,6141,0,CALENDAR_TIMEMODE_DATETIME,False,trade_server_time,CALENDAR_UNIT_PERCENT,1,CALENDAR_MULTIPLIER_NONE,False,,,,1597159800,2020.08.11 15:30:00,0.6,-0.2,,0.8,Short,True,,1597161600,2020.08.11 16:00:00,1800,1.17971,0.001687982712013508,1.0,1.0,240,1.1813979827120136,1.1780220172879865,TARGET,1,2020.08.11 16:00:00,1,1.0,16.87982712013508,False,False,,,TARGET,1.0
SURROUNDING_EXPLORATORY_RELEASE,event_840140001_1597332600_135347,840140001,135347,US,USD,Initial Jobless Claims,Initial Jobless Claims,2020.08.08 00:00:00,18984,0,CALENDAR_TIMEMODE_DATETIME,False,trade_server_time,CALENDAR_UNIT_NONE,0,CALENDAR_MULTIPLIER_THOUSANDS,False,,,,1597332600,2020.08.13 15:30:00,963,1186,1191,-223,Short,True,,1597334400,2020.08.13 16:00:00,1800,1.18487,0.0016199714980626725,1.0,1.0,240,1.1864899714980628,1.1832500285019374,TARGET,1,2020.08.13 16:00:00,1,1.0,16.199714980626723,False,False,,,TARGET,1.0
SURROUNDING_EXPLORATORY_RELEASE,event_840020010_1597419000_110692,840020010,110692,US,USD,Retail Sales m/m,Retail Sales m/m,2020.07.01 00:00:00,3342,0,CALENDAR_TIMEMODE_DATETIME,False,trade_server_time,CALENDAR_UNIT_PERCENT,1,CALENDAR_MULTIPLIER_NONE,False,,,,1597419000,2020.08.14 15:30:00,1.2,7.5,8.4,-6.3,Long,True,,1597420800,2020.08.14 16:00:00,1800,1.18182,0.0016205016479443992,1.0,1.0,240,1.1801994983520556,1.1834405016479446,TARGET,1,2020.08.14 16:00:00,1,1.0,16.20501647944399,False,False,,,TARGET,1.0
SURROUNDING_EXPLORATORY_RELEASE,event_840140001_1597937400_135350,840140001,135350,US,USD,Initial Jobless Claims,Initial Jobless Claims,2020.08.15 00:00:00,18985,0,CALENDAR_TIMEMODE_DATETIME,False,trade_server_time,CALENDAR_UNIT_NONE,0,CALENDAR_MULTIPLIER_THOUSANDS,False,,,,1597937400,2020.08.20 15:30:00,1106,963,971,143,Long,True,,1597939200,2020.08.20 16:00:00,1800,1.18304,0.0019116691631529867,1.0,1.0,240,1.1811283308368472,1.184951669163153,STOP,1,2020.08.20 16:00:00,1,-1.0,-19.116691631529868,False,False,,,STOP,-1.0
SURROUNDING_EXPLORATORY_RELEASE,event_840140001_1599147000_136293,840140001,136293,US,USD,Initial Jobless Claims,Initial Jobless Claims,2020.08.29 00:00:00,18987,0,CALENDAR_TIMEMODE_DATETIME,False,trade_server_time,CALENDAR_UNIT_NONE,0,CALENDAR_MULTIPLIER_THOUSANDS,False,,,,1599147000,2020.09.03 15:30:00,881,1006,1011,-125,Short,True,,1599148800,2020.09.03 16:00:00,1800,1.1832,0.0017328509550958774,1.0,1.0,240,1.1849328509550958,1.1814671490449042,TARGET,3,2020.09.03 18:00:00,3,1.0,17.328509550958774,False,False,,,TARGET,1.0
SURROUNDING_EXPLORATORY_RELEASE,event_840030001_1599751800_110171,840030001,110171,US,USD,PPI m/m,PPI m/m,2020.08.01 00:00:00,6142,0,CALENDAR_TIMEMODE_DATETIME,False,trade_server_time,CALENDAR_UNIT_PERCENT,1,CALENDAR_MULTIPLIER_NONE,False,,,,1599751800,2020.09.10 15:30:00,0.3,0.6,,-0.3,Long,True,,1599753600,2020.09.10 16:00:00,1800,1.18874,0.0013322078877570332,1.0,1.0,240,1.1874077921122428,1.190072207887757,TARGET,1,2020.09.10 16:00:00,1,1.0,13.322078877570332,False,False,,,TARGET,1.0
SURROUNDING_EXPLORATORY_RELEASE,event_840140001_1599751800_136294,840140001,136294,US,USD,Initial Jobless Claims,Initial Jobless Claims,2020.09.05 00:00:00,18988,0,CALENDAR_TIMEMODE_DATETIME,False,trade_server_time,CALENDAR_UNIT_NONE,0,CALENDAR_MULTIPLIER_THOUSANDS,False,,,,1599751800,2020.09.10 15:30:00,884,881,884,3,Long,True,,1599753600,2020.09.10 16:00:00,1800,1.18874,0.0013322078877570332,1.0,1.0,240,1.1874077921122428,1.190072207887757,TARGET,1,2020.09.10 16:00:00,1,1.0,13.322078877570332,False,False,,,TARGET,1.0
SURROUNDING_EXPLORATORY_RELEASE,event_840020010_1600270200_110724,840020010,110724,US,USD,Retail Sales m/m,Retail Sales m/m,2020.08.01 00:00:00,3343,0,CALENDAR_TIMEMODE_DATETIME,False,trade_server_time,CALENDAR_UNIT_PERCENT,1,CALENDAR_MULTIPLIER_NONE,False,,,,1600270200,2020.09.16 15:30:00,0.6,1.2,0.9,-0.6,Long,True,,1600272000,2020.09.16 16:00:00,1800,1.18577,0.0011706105765833118,1.0,1.0,240,1.1845993894234166,1.1869406105765834,STOP,1,2020.09.16 16:00:00,1,-1.0,-11.706105765833117,False,False,,,STOP,-1.0
SURROUNDING_EXPLORATORY_RELEASE,event_840140001_1600356600_136295,840140001,136295,US,USD,Initial Jobless Claims,Initial Jobless Claims,2020.09.12 00:00:00,18989,0,CALENDAR_TIMEMODE_DATETIME,False,trade_server_time,CALENDAR_UNIT_NONE,0,CALENDAR_MULTIPLIER_THOUSANDS,False,,,,1600356600,2020.09.17 15:30:00,860,884,893,-24,Short,True,,1600358400,2020.09.17 16:00:00,1800,1.18081,0.001971115357843044,1.0,1.0,240,1.182781115357843,1.178838884642157,STOP,5,2020.09.17 20:00:00,5,-1.0,-19.71115357843044,False,False,,,STOP,-1.0
SURROUNDING_EXPLORATORY_RELEASE,event_840140001_1600961400_136296,840140001,136296,US,USD,Initial Jobless Claims,Initial Jobless Claims,2020.09.19 00:00:00,18990,0,CALENDAR_TIMEMODE_DATETIME,False,trade_server_time,CALENDAR_UNIT_NONE,0,CALENDAR_MULTIPLIER_THOUSANDS,False,,,,1600961400,2020.09.24 15:30:00,870,860,866,10,Long,True,,1600963200,2020.09.24 16:00:00,1800,1.16393,0.0015605505019575569,1.0,1.0,240,1.1623694494980423,1.1654905505019575,TARGET,2,2020.09.24 17:00:00,2,1.0,15.605505019575569,False,False,,,TARGET,1.0
SURROUNDING_EXPLORATORY_RELEASE,event_840140001_1601566200_137153,840140001,137153,US,USD,Initial Jobless Claims,Initial Jobless Claims,2020.09.26 00:00:00,18991,0,CALENDAR_TIMEMODE_DATETIME,False,trade_server_time,CALENDAR_UNIT_NONE,0,CALENDAR_MULTIPLIER_THOUSANDS,False,,,,1601566200,2020.10.01 15:30:00,837,870,873,-33,Short,True,,1601568000,2020.10.01 16:00:00,1800,1.17546,0.0017487175155662862,1.0,1.0,240,1.1772087175155663,1.1737112824844336,TARGET,1,2020.10.01 16:00:00,1,1.0,17.48717515566286,False,False,,,TARGET,1.0
SURROUNDING_EXPLORATORY_RELEASE,event_840140001_1602171000_137154,840140001,137154,US,USD,Initial Jobless Claims,Initial Jobless Claims,2020.10.03 00:00:00,18992,0,CALENDAR_TIMEMODE_DATETIME,False,trade_server_time,CALENDAR_UNIT_NONE,0,CALENDAR_MULTIPLIER_THOUSANDS,False,,,,1602171000,2020.10.08 15:30:00,840,837,849,3,Long,True,,1602172800,2020.10.08 16:00:00,1800,1.17549,0.001074430002611246,1.0,1.0,240,1.1744155699973886,1.1765644300026112,STOP,1,2020.10.08 16:00:00,1,-1.0,-10.744300026112459,False,False,,,STOP,-1.0
SURROUNDING_EXPLORATORY_RELEASE,event_840030001_1602689400_110213,840030001,110213,US,USD,PPI m/m,PPI m/m,2020.09.01 00:00:00,6143,0,CALENDAR_TIMEMODE_DATETIME,False,trade_server_time,CALENDAR_UNIT_PERCENT,1,CALENDAR_MULTIPLIER_NONE,False,,,,1602689400,2020.10.14 15:30:00,0.4,0.3,,0.1,Short,True,,1602691200,2020.10.14 16:00:00,1800,1.17609,0.0011641650860701157,1.0,1.0,240,1.1772541650860702,1.17492583491393,TARGET,4,2020.10.14 19:00:00,4,1.0,11.641650860701157,False,False,,,TARGET,1.0
SURROUNDING_EXPLORATORY_RELEASE,event_840140001_1602775800_137155,840140001,137155,US,USD,Initial Jobless Claims,Initial Jobless Claims,2020.10.10 00:00:00,18993,0,CALENDAR_TIMEMODE_DATETIME,False,trade_server_time,CALENDAR_UNIT_NONE,0,CALENDAR_MULTIPLIER_THOUSANDS,False,,,,1602775800,2020.10.15 15:30:00,898,840,845,58,Long,True,,1602777600,2020.10.15 16:00:00,1800,1.16991,0.0012678671300436395,1.0,1.0,240,1.1686421328699563,1.1711778671300437,TARGET,12,2020.10.16 03:00:00,12,1.0,12.678671300436394,False,False,,,TARGET,1.0
SURROUNDING_EXPLORATORY_RELEASE,event_840020010_1602862200_110756,840020010,110756,US,USD,Retail Sales m/m,Retail Sales m/m,2020.09.01 00:00:00,3344,0,CALENDAR_TIMEMODE_DATETIME,False,trade_server_time,CALENDAR_UNIT_PERCENT,1,CALENDAR_MULTIPLIER_NONE,False,,,,1602862200,2020.10.16 15:30:00,1.9,0.6,,1.3,Short,True,,1602864000,2020.10.16 16:00:00,1800,1.17325,0.0012371218591081831,1.0,1.0,240,1.1744871218591082,1.1720128781408916,TARGET,2,2020.10.16 17:00:00,2,1.0,12.371218591081831,False,False,,,TARGET,1.0
SURROUNDING_EXPLORATORY_RELEASE,event_840140001_1603380600_137168,840140001,137168,US,USD,Initial Jobless Claims,Initial Jobless Claims,2020.10.17 00:00:00,18994,0,CALENDAR_TIMEMODE_DATETIME,False,trade_server_time,CALENDAR_UNIT_NONE,0,CALENDAR_MULTIPLIER_THOUSANDS,False,,,,1603380600,2020.10.22 15:30:00,787,898,842,-111,Short,True,,1603382400,2020.10.22 16:00:00,1800,1.18259,0.0012641142631241687,1.0,1.0,240,1.1838541142631243,1.1813258857368758,TARGET,11,2020.10.23 02:00:00,11,1.0,12.641142631241687,False,False,,,TARGET,1.0
SURROUNDING_EXPLORATORY_RELEASE,event_840140001_1604593800_138326,840140001,138326,US,USD,Initial Jobless Claims,Initial Jobless Claims,2020.10.31 00:00:00,18996,0,CALENDAR_TIMEMODE_DATETIME,False,trade_server_time,CALENDAR_UNIT_NONE,0,CALENDAR_MULTIPLIER_THOUSANDS,False,,,,1604593800,2020.11.05 16:30:00,751,751,758,0,Flat,False,FLAT_DIRECTION,,,,,,,,,,,,,,,,,,,,,,
SURROUNDING_EXPLORATORY_RELEASE,event_840140001_1605198600_138327,840140001,138327,US,USD,Initial Jobless Claims,Initial Jobless Claims,2020.11.07 00:00:00,18997,0,CALENDAR_TIMEMODE_DATETIME,False,trade_server_time,CALENDAR_UNIT_NONE,0,CALENDAR_MULTIPLIER_THOUSANDS,False,,,,1605198600,2020.11.12 16:30:00,709,751,757,-42,Short,True,,1605200400,2020.11.12 17:00:00,1800,1.17965,0.0014805940580558707,1.0,1.0,240,1.1811305940580559,1.1781694059419443,STOP,1,2020.11.12 17:00:00,1,-1.0,-14.805940580558707,False,False,,,STOP,-1.0
SURROUNDING_EXPLORATORY_RELEASE,event_840030001_1605285000_110249,840030001,110249,US,USD,PPI m/m,PPI m/m,2020.10.01 00:00:00,6144,0,CALENDAR_TIMEMODE_DATETIME,False,trade_server_time,CALENDAR_UNIT_PERCENT,1,CALENDAR_MULTIPLIER_NONE,False,,,,1605285000,2020.11.13 16:30:00,0.3,0.4,,-0.1,Long,True,,1605286800,2020.11.13 17:00:00,1800,1.18162,0.0012364360184672501,1.0,1.0,240,1.1803835639815325,1.1828564360184672,TARGET,1,2020.11.13 17:00:00,1,1.0,12.3643601846725,False,False,,,TARGET,1.0
SURROUNDING_EXPLORATORY_RELEASE,event_840020010_1605630600_110788,840020010,110788,US,USD,Retail Sales m/m,Retail Sales m/m,2020.10.01 00:00:00,3345,0,CALENDAR_TIMEMODE_DATETIME,False,trade_server_time,CALENDAR_UNIT_PERCENT,1,CALENDAR_MULTIPLIER_NONE,False,,,,1605630600,2020.11.17 16:30:00,0.3,1.9,1.6,-1.6,Long,True,,1605632400,2020.11.17 17:00:00,1800,1.18713,0.0012057318311479472,1.0,1.0,240,1.185924268168852,1.188335731831148,STOP,1,2020.11.17 17:00:00,1,-1.0,-12.05731831147947,False,False,,,STOP,-1.0
SURROUNDING_EXPLORATORY_RELEASE,event_840140001_1605803400_138328,840140001,138328,US,USD,Initial Jobless Claims,Initial Jobless Claims,2020.11.14 00:00:00,18998,0,CALENDAR_TIMEMODE_DATETIME,False,trade_server_time,CALENDAR_UNIT_NONE,0,CALENDAR_MULTIPLIER_THOUSANDS,False,,,,1605803400,2020.11.19 16:30:00,742,709,711,33,Long,True,,1605805200,2020.11.19 17:00:00,1800,1.1831,0.0011487431132277042,1.0,1.0,240,1.1819512568867723,1.1842487431132278,TARGET,1,2020.11.19 17:00:00,1,1.0,11.487431132277042,False,False,,,TARGET,1.0
SURROUNDING_EXPLORATORY_RELEASE,event_840140001_1606321800_138329,840140001,138329,US,USD,Initial Jobless Claims,Initial Jobless Claims,2020.11.21 00:00:00,18999,0,CALENDAR_TIMEMODE_DATETIME,False,trade_server_time,CALENDAR_UNIT_NONE,0,CALENDAR_MULTIPLIER_THOUSANDS,False,,,,1606321800,2020.11.25 16:30:00,778,742,748,36,Long,True,,1606323600,2020.11.25 17:00:00,1800,1.19071,0.0014878996192993106,1.0,1.0,240,1.1892221003807006,1.1921978996192992,TARGET,1,2020.11.25 17:00:00,1,1.0,14.878996192993105,False,False,,,TARGET,1.0
SURROUNDING_EXPLORATORY_RELEASE,event_840140001_1607013000_141350,840140001,141350,US,USD,Initial Jobless Claims,Initial Jobless Claims,2020.11.28 00:00:00,19000,0,CALENDAR_TIMEMODE_DATETIME,False,trade_server_time,CALENDAR_UNIT_NONE,0,CALENDAR_MULTIPLIER_THOUSANDS,False,,,,1607013000,2020.12.03 16:30:00,712,778,787,-66,Short,True,,1607014800,2020.12.03 17:00:00,1800,1.21594,0.001551616035584539,1.0,1.0,240,1.2174916160355846,1.2143883839644154,TARGET,3,2020.12.03 19:00:00,3,1.0,15.51616035584539,False,False,,,TARGET,1.0
SURROUNDING_EXPLORATORY_RELEASE,event_840140001_1607617800_141351,840140001,141351,US,USD,Initial Jobless Claims,Initial Jobless Claims,2020.12.05 00:00:00,19001,0,CALENDAR_TIMEMODE_DATETIME,False,trade_server_time,CALENDAR_UNIT_NONE,0,CALENDAR_MULTIPLIER_THOUSANDS,False,,,,1607617800,2020.12.10 16:30:00,853,712,716,141,Long,True,,1607619600,2020.12.10 17:00:00,1800,1.21518,0.0015445845159099722,1.0,1.0,240,1.21363541548409,1.2167245845159098,STOP,1,2020.12.10 17:00:00,1,-1.0,-15.44584515909972,False,False,,,STOP,-1.0
SURROUNDING_EXPLORATORY_RELEASE,event_840030001_1607704200_110282,840030001,110282,US,USD,PPI m/m,PPI m/m,2020.11.01 00:00:00,6145,0,CALENDAR_TIMEMODE_DATETIME,False,trade_server_time,CALENDAR_UNIT_PERCENT,1,CALENDAR_MULTIPLIER_NONE,False,,,,1607704200,2020.12.11 16:30:00,0.1,0.3,,-0.2,Long,True,,1607706000,2020.12.11 17:00:00,1800,1.21164,0.0015611262788995657,1.0,1.0,240,1.2100788737211006,1.2132011262788995,TARGET_GAP,8,2020.12.14 00:00:00,8,1.0,15.611262788995656,False,True,1.21359,1.2490981840203514,TARGET_GAP,1.0
SURROUNDING_EXPLORATORY_RELEASE,event_840020010_1608136200_110820,840020010,110820,US,USD,Retail Sales m/m,Retail Sales m/m,2020.11.01 00:00:00,3346,0,CALENDAR_TIMEMODE_DATETIME,False,trade_server_time,CALENDAR_UNIT_PERCENT,1,CALENDAR_MULTIPLIER_NONE,False,,,,1608136200,2020.12.16 16:30:00,-1.1,0.3,-0.1,-1.4,Long,True,,1608138000,2020.12.16 17:00:00,1800,1.21956,0.0014515032003090407,1.0,1.0,240,1.218108496799691,1.221011503200309,STOP,2,2020.12.16 18:00:00,2,-1.0,-14.515032003090406,False,False,,,STOP,-1.0
SURROUNDING_EXPLORATORY_RELEASE,event_840140001_1608222600_141352,840140001,141352,US,USD,Initial Jobless Claims,Initial Jobless Claims,2020.12.12 00:00:00,19002,0,CALENDAR_TIMEMODE_DATETIME,False,trade_server_time,CALENDAR_UNIT_NONE,0,CALENDAR_MULTIPLIER_THOUSANDS,False,,,,1608222600,2020.12.17 16:30:00,885,853,862,32,Long,True,,1608224400,2020.12.17 17:00:00,1800,1.22504,0.0014649923595493556,1.0,1.0,240,1.2235750076404506,1.2265049923595492,TARGET,3,2020.12.17 19:00:00,3,1.0,14.649923595493556,False,False,,,TARGET,1.0
SURROUNDING_EXPLORATORY_RELEASE,event_840140001_1608741000_145560,840140001,145560,US,USD,Initial Jobless Claims,Initial Jobless Claims,2020.12.19 00:00:00,19003,0,CALENDAR_TIMEMODE_DATETIME,False,trade_server_time,CALENDAR_UNIT_NONE,0,CALENDAR_MULTIPLIER_THOUSANDS,False,,,,1608741000,2020.12.23 16:30:00,803,885,892,-82,Short,True,,1608742800,2020.12.23 17:00:00,1800,1.22068,0.0017495581137750551,1.0,1.0,240,1.222429558113775,1.218930441886225,TARGET,1,2020.12.23 17:00:00,1,1.0,17.495581137750552,False,False,,,TARGET,1.0
SURROUNDING_EXPLORATORY_RELEASE,event_840140001_1609432200_141354,840140001,141354,US,USD,Initial Jobless Claims,Initial Jobless Claims,2020.12.26 00:00:00,19004,0,CALENDAR_TIMEMODE_DATETIME,False,trade_server_time,CALENDAR_UNIT_NONE,0,CALENDAR_MULTIPLIER_THOUSANDS,False,,,,1609432200,2020.12.31 16:30:00,787,803,806,-16,Short,True,,1609434000,2020.12.31 17:00:00,1800,1.2269,0.001556652981998391,1.0,1.0,240,1.2284566529819985,1.2253433470180017,TARGET,1,2020.12.31 17:00:00,1,1.0,15.56652981998391,False,False,,,TARGET,1.0
SURROUNDING_EXPLORATORY_RELEASE,event_840140001_1610037000_146064,840140001,146064,US,USD,Initial Jobless Claims,Initial Jobless Claims,2021.01.02 00:00:00,19005,0,CALENDAR_TIMEMODE_DATETIME,False,trade_server_time,CALENDAR_UNIT_NONE,0,CALENDAR_MULTIPLIER_THOUSANDS,False,,,,1610037000,2021.01.07 16:30:00,787,787,790,0,Flat,False,FLAT_DIRECTION,,,,,,,,,,,,,,,,,,,,,,
SURROUNDING_EXPLORATORY_RELEASE,event_840140001_1610641800_146065,840140001,146065,US,USD,Initial Jobless Claims,Initial Jobless Claims,2021.01.09 00:00:00,19006,0,CALENDAR_TIMEMODE_DATETIME,False,trade_server_time,CALENDAR_UNIT_NONE,0,CALENDAR_MULTIPLIER_THOUSANDS,False,,,,1610641800,2021.01.14 16:30:00,965,787,784,178,Long,True,,1610643600,2021.01.14 17:00:00,1800,1.21167,0.0015997083734716768,1.0,1.0,240,1.2100702916265282,1.2132697083734718,TARGET,1,2021.01.14 17:00:00,1,1.0,15.997083734716767,False,False,,,TARGET,1.0
SURROUNDING_EXPLORATORY_RELEASE,event_840020010_1610728200_139228,840020010,139228,US,USD,Retail Sales m/m,Retail Sales m/m,2020.12.01 00:00:00,3347,0,CALENDAR_TIMEMODE_DATETIME,False,trade_server_time,CALENDAR_UNIT_PERCENT,1,CALENDAR_MULTIPLIER_NONE,False,,,,1610728200,2021.01.15 16:30:00,-0.7,-1.1,-1.4,0.4,Short,True,,1610730000,2021.01.15 17:00:00,1800,1.20964,0.0014194350078399437,1.0,1.0,240,1.21105943500784,1.20822056499216,TARGET,1,2021.01.15 17:00:00,1,1.0,14.194350078399436,False,False,,,TARGET,1.0
SURROUNDING_EXPLORATORY_RELEASE,event_840030001_1610728200_140111,840030001,140111,US,USD,PPI m/m,PPI m/m,2020.12.01 00:00:00,6146,0,CALENDAR_TIMEMODE_DATETIME,False,trade_server_time,CALENDAR_UNIT_PERCENT,1,CALENDAR_MULTIPLIER_NONE,False,,,,1610728200,2021.01.15 16:30:00,0.3,0.1,,0.2,Short,True,,1610730000,2021.01.15 17:00:00,1800,1.20964,0.0014194350078399437,1.0,1.0,240,1.21105943500784,1.20822056499216,TARGET,1,2021.01.15 17:00:00,1,1.0,14.194350078399436,False,False,,,TARGET,1.0
SURROUNDING_EXPLORATORY_RELEASE,event_840140001_1611246600_146066,840140001,146066,US,USD,Initial Jobless Claims,Initial Jobless Claims,2021.01.16 00:00:00,19007,0,CALENDAR_TIMEMODE_DATETIME,False,trade_server_time,CALENDAR_UNIT_NONE,0,CALENDAR_MULTIPLIER_THOUSANDS,False,,,,1611246600,2021.01.21 16:30:00,900,965,926,-65,Short,True,,1611248400,2021.01.21 17:00:00,1800,1.21496,0.0014409644227618794,1.0,1.0,240,1.216400964422762,1.213519035577238,STOP,1,2021.01.21 17:00:00,1,-1.0,-14.409644227618793,False,False,,,STOP,-1.0
SURROUNDING_EXPLORATORY_RELEASE,event_840140001_1611851400_146067,840140001,146067,US,USD,Initial Jobless Claims,Initial Jobless Claims,2021.01.23 00:00:00,19008,0,CALENDAR_TIMEMODE_DATETIME,False,trade_server_time,CALENDAR_UNIT_NONE,0,CALENDAR_MULTIPLIER_THOUSANDS,False,,,,1611851400,2021.01.28 16:30:00,847,900,914,-53,Short,True,,1611853200,2021.01.28 17:00:00,1800,1.21293,0.0018234131670835788,1.0,1.0,240,1.2147534131670836,1.2111065868329165,TARGET,10,2021.01.29 02:00:00,10,1.0,18.234131670835787,False,False,,,TARGET,1.0
SURROUNDING_EXPLORATORY_RELEASE,event_840140001_1612456200_147238,840140001,147238,US,USD,Initial Jobless Claims,Initial Jobless Claims,2021.01.30 00:00:00,19009,0,CALENDAR_TIMEMODE_DATETIME,False,trade_server_time,CALENDAR_UNIT_NONE,0,CALENDAR_MULTIPLIER_THOUSANDS,False,,,,1612456200,2021.02.04 16:30:00,779,847,812,-68,Short,True,,1612458000,2021.02.04 17:00:00,1800,1.19804,0.0011745793474564374,1.0,1.0,240,1.1992145793474565,1.1968654206525435,TARGET,1,2021.02.04 17:00:00,1,1.0,11.745793474564373,False,False,,,TARGET,1.0
SURROUNDING_EXPLORATORY_RELEASE,event_840140001_1613061000_147239,840140001,147239,US,USD,Initial Jobless Claims,Initial Jobless Claims,2021.02.06 00:00:00,19010,0,CALENDAR_TIMEMODE_DATETIME,False,trade_server_time,CALENDAR_UNIT_NONE,0,CALENDAR_MULTIPLIER_THOUSANDS,False,,,,1613061000,2021.02.11 16:30:00,793,779,812,14,Long,True,,1613062800,2021.02.11 17:00:00,1800,1.21345,0.0008986878950194442,1.0,1.0,240,1.2125513121049805,1.2143486878950194,STOP,2,2021.02.11 18:00:00,2,-1.0,-8.986878950194441,False,False,,,STOP,-1.0
SURROUNDING_EXPLORATORY_RELEASE,event_840020010_1613579400_139229,840020010,139229,US,USD,Retail Sales m/m,Retail Sales m/m,2021.01.01 00:00:00,3348,0,CALENDAR_TIMEMODE_DATETIME,False,trade_server_time,CALENDAR_UNIT_PERCENT,1,CALENDAR_MULTIPLIER_NONE,False,,,,1613579400,2021.02.17 16:30:00,5.3,-0.7,-1.0,6.0,Short,True,,1613581200,2021.02.17 17:00:00,1800,1.20391,0.0013435573717046252,1.0,1.0,240,1.2052535573717047,1.2025664426282954,TARGET,1,2021.02.17 17:00:00,1,1.0,13.435573717046251,False,False,,,TARGET,1.0
SURROUNDING_EXPLORATORY_RELEASE,event_840030001_1613579400_140112,840030001,140112,US,USD,PPI m/m,PPI m/m,2021.01.01 00:00:00,6147,0,CALENDAR_TIMEMODE_DATETIME,False,trade_server_time,CALENDAR_UNIT_PERCENT,1,CALENDAR_MULTIPLIER_NONE,False,,,,1613579400,2021.02.17 16:30:00,1.3,0.3,,1.0,Short,True,,1613581200,2021.02.17 17:00:00,1800,1.20391,0.0013435573717046252,1.0,1.0,240,1.2052535573717047,1.2025664426282954,TARGET,1,2021.02.17 17:00:00,1,1.0,13.435573717046251,False,False,,,TARGET,1.0
SURROUNDING_EXPLORATORY_RELEASE,event_840140001_1613665800_147240,840140001,147240,US,USD,Initial Jobless Claims,Initial Jobless Claims,2021.02.13 00:00:00,19011,0,CALENDAR_TIMEMODE_DATETIME,False,trade_server_time,CALENDAR_UNIT_NONE,0,CALENDAR_MULTIPLIER_THOUSANDS,False,,,,1613665800,2021.02.18 16:30:00,861,793,848,68,Long,True,,1613667600,2021.02.18 17:00:00,1800,1.20701,0.001218977465686072,1.0,1.0,240,1.2057910225343138,1.208228977465686,TARGET,1,2021.02.18 17:00:00,1,1.0,12.189774656860719,False,False,,,TARGET,1.0
SURROUNDING_EXPLORATORY_RELEASE,event_840140001_1614270600_147241,840140001,147241,US,USD,Initial Jobless Claims,Initial Jobless Claims,2021.02.20 00:00:00,19012,0,CALENDAR_TIMEMODE_DATETIME,False,trade_server_time,CALENDAR_UNIT_NONE,0,CALENDAR_MULTIPLIER_THOUSANDS,False,,,,1614270600,2021.02.25 16:30:00,730,861,841,-131,Short,True,,1614272400,2021.02.25 17:00:00,1800,1.22408,0.0014191368905863773,1.0,1.0,240,1.2254991368905865,1.2226608631094136,TARGET,1,2021.02.25 17:00:00,1,1.0,14.191368905863772,False,False,,,TARGET,1.0
SURROUNDING_EXPLORATORY_RELEASE,event_840140001_1614875400_149180,840140001,149180,US,USD,Initial Jobless Claims,Initial Jobless Claims,2021.02.27 00:00:00,19013,0,CALENDAR_TIMEMODE_DATETIME,False,trade_server_time,CALENDAR_UNIT_NONE,0,CALENDAR_MULTIPLIER_THOUSANDS,False,,,,1614875400,2021.03.04 16:30:00,745,730,736,15,Long,True,,1614877200,2021.03.04 17:00:00,1800,1.20375,0.0013330275445712985,1.0,1.0,240,1.2024169724554288,1.2050830275445714,STOP,1,2021.03.04 17:00:00,1,-1.0,-13.330275445712985,False,False,,,STOP,-1.0
SURROUNDING_EXPLORATORY_RELEASE,event_840140001_1615480200_149181,840140001,149181,US,USD,Initial Jobless Claims,Initial Jobless Claims,2021.03.06 00:00:00,19014,0,CALENDAR_TIMEMODE_DATETIME,False,trade_server_time,CALENDAR_UNIT_NONE,0,CALENDAR_MULTIPLIER_THOUSANDS,False,,,,1615480200,2021.03.11 16:30:00,712,745,754,-33,Short,True,,1615482000,2021.03.11 17:00:00,1800,1.19364,0.0014258956117168154,1.0,1.0,240,1.1950658956117168,1.1922141043882832,STOP,1,2021.03.11 17:00:00,1,-1.0,-14.258956117168154,False,False,,,STOP,-1.0
SURROUNDING_EXPLORATORY_RELEASE,event_840030001_1615566600_140113,840030001,140113,US,USD,PPI m/m,PPI m/m,2021.02.01 00:00:00,6148,0,CALENDAR_TIMEMODE_DATETIME,False,trade_server_time,CALENDAR_UNIT_PERCENT,1,CALENDAR_MULTIPLIER_NONE,False,,,,1615566600,2021.03.12 16:30:00,0.5,1.3,,-0.8,Long,True,,1615568400,2021.03.12 17:00:00,1800,1.19309,0.0014522874996134084,1.0,1.0,240,1.1916377125003865,1.1945422874996134,STOP,1,2021.03.12 17:00:00,1,-1.0,-14.522874996134084,False,False,,,STOP,-1.0
SURROUNDING_EXPLORATORY_RELEASE,event_840020010_1615908600_139230,840020010,139230,US,USD,Retail Sales m/m,Retail Sales m/m,2021.02.01 00:00:00,3349,0,CALENDAR_TIMEMODE_DATETIME,False,trade_server_time,CALENDAR_UNIT_PERCENT,1,CALENDAR_MULTIPLIER_NONE,False,,,,1615908600,2021.03.16 15:30:00,-3.0,5.3,7.6,-8.3,Long,True,,1615910400,2021.03.16 16:00:00,1800,1.1902,0.0012570318064165237,1.0,1.0,240,1.1889429681935835,1.1914570318064164,STOP,2,2021.03.16 17:00:00,2,-1.0,-12.570318064165235,False,False,,,STOP,-1.0
SURROUNDING_EXPLORATORY_RELEASE,event_840140001_1616081400_149182,840140001,149182,US,USD,Initial Jobless Claims,Initial Jobless Claims,2021.03.13 00:00:00,19015,0,CALENDAR_TIMEMODE_DATETIME,False,trade_server_time,CALENDAR_UNIT_NONE,0,CALENDAR_MULTIPLIER_THOUSANDS,False,,,,1616081400,2021.03.18 15:30:00,770,712,725,58,Long,True,,1616083200,2021.03.18 16:00:00,1800,1.19162,0.0016163486988818383,1.0,1.0,240,1.190003651301118,1.1932363486988817,TARGET,3,2021.03.18 18:00:00,3,1.0,16.163486988818384,False,False,,,TARGET,1.0
SURROUNDING_EXPLORATORY_RELEASE,event_840140001_1617291000_149955,840140001,149955,US,USD,Initial Jobless Claims,Initial Jobless Claims,2021.03.27 00:00:00,19017,0,CALENDAR_TIMEMODE_DATETIME,False,trade_server_time,CALENDAR_UNIT_NONE,0,CALENDAR_MULTIPLIER_THOUSANDS,False,,,,1617291000,2021.04.01 15:30:00,719,684,658,35,Long,True,,1617292800,2021.04.01 16:00:00,1800,1.17449,0.0012954058475634057,1.0,1.0,240,1.1731945941524367,1.1757854058475634,TARGET,1,2021.04.01 16:00:00,1,1.0,12.954058475634056,False,False,,,TARGET,1.0
SURROUNDING_EXPLORATORY_RELEASE,event_840140001_1617895800_149975,840140001,149975,US,USD,Initial Jobless Claims,Initial Jobless Claims,2021.04.03 00:00:00,19018,0,CALENDAR_TIMEMODE_DATETIME,False,trade_server_time,CALENDAR_UNIT_NONE,0,CALENDAR_MULTIPLIER_THOUSANDS,False,,,,1617895800,2021.04.08 15:30:00,744,719,728,25,Long,True,,1617897600,2021.04.08 16:00:00,1800,1.18923,0.0011378501273536115,1.0,1.0,240,1.1880921498726464,1.1903678501273536,TARGET,1,2021.04.08 16:00:00,1,1.0,11.378501273536115,False,False,,,TARGET,1.0
SURROUNDING_EXPLORATORY_RELEASE,event_840030001_1617982200_140114,840030001,140114,US,USD,PPI m/m,PPI m/m,2021.03.01 00:00:00,6149,0,CALENDAR_TIMEMODE_DATETIME,False,trade_server_time,CALENDAR_UNIT_PERCENT,1,CALENDAR_MULTIPLIER_NONE,False,,,,1617982200,2021.04.09 15:30:00,1.0,0.5,,0.5,Short,True,,1617984000,2021.04.09 16:00:00,1800,1.18757,0.0011181633179835305,1.0,1.0,240,1.1886881633179835,1.1864518366820165,STOP,1,2021.04.09 16:00:00,1,-1.0,-11.181633179835304,False,False,,,STOP,-1.0
SURROUNDING_EXPLORATORY_RELEASE,event_840020010_1618500600_139231,840020010,139231,US,USD,Retail Sales m/m,Retail Sales m/m,2021.03.01 00:00:00,3350,0,CALENDAR_TIMEMODE_DATETIME,False,trade_server_time,CALENDAR_UNIT_PERCENT,1,CALENDAR_MULTIPLIER_NONE,False,,,,1618500600,2021.04.15 15:30:00,9.8,-3.0,-2.7,12.8,Short,True,,1618502400,2021.04.15 16:00:00,1800,1.19579,0.0010230619407685822,1.0,1.0,240,1.1968130619407684,1.1947669380592314,STOP,1,2021.04.15 16:00:00,1,-1.0,-10.230619407685822,False,False,,,STOP,-1.0
SURROUNDING_EXPLORATORY_RELEASE,event_840140001_1618500600_150000,840140001,150000,US,USD,Initial Jobless Claims,Initial Jobless Claims,2021.04.10 00:00:00,19019,0,CALENDAR_TIMEMODE_DATETIME,False,trade_server_time,CALENDAR_UNIT_NONE,0,CALENDAR_MULTIPLIER_THOUSANDS,False,,,,1618500600,2021.04.15 15:30:00,576,744,769,-168,Short,True,,1618502400,2021.04.15 16:00:00,1800,1.19579,0.0010230619407685822,1.0,1.0,240,1.1968130619407684,1.1947669380592314,STOP,1,2021.04.15 16:00:00,1,-1.0,-10.230619407685822,False,False,,,STOP,-1.0
SURROUNDING_EXPLORATORY_RELEASE,event_840140001_1619105400_150001,840140001,150001,US,USD,Initial Jobless Claims,Initial Jobless Claims,2021.04.17 00:00:00,19020,0,CALENDAR_TIMEMODE_DATETIME,False,trade_server_time,CALENDAR_UNIT_NONE,0,CALENDAR_MULTIPLIER_THOUSANDS,False,,,,1619105400,2021.04.22 15:30:00,547,576,586,-29,Short,True,,1619107200,2021.04.22 16:00:00,1800,1.2064,0.0011532707299301687,1.0,1.0,240,1.2075532707299301,1.2052467292700697,TARGET,1,2021.04.22 16:00:00,1,1.0,11.532707299301686,False,False,,,TARGET,1.0
SURROUNDING_EXPLORATORY_RELEASE,event_840140001_1619710200_150002,840140001,150002,US,USD,Initial Jobless Claims,Initial Jobless Claims,2021.04.24 00:00:00,19021,0,CALENDAR_TIMEMODE_DATETIME,False,trade_server_time,CALENDAR_UNIT_NONE,0,CALENDAR_MULTIPLIER_THOUSANDS,False,,,,1619710200,2021.04.29 15:30:00,553,547,566,6,Long,True,,1619712000,2021.04.29 16:00:00,1800,1.21221,0.0012596698584743484,1.0,1.0,240,1.2109503301415256,1.2134696698584744,STOP,1,2021.04.29 16:00:00,1,-1.0,-12.596698584743484,False,False,,,STOP,-1.0
SURROUNDING_EXPLORATORY_RELEASE,event_840140001_1620315000_150792,840140001,150792,US,USD,Initial Jobless Claims,Initial Jobless Claims,2021.05.01 00:00:00,19022,0,CALENDAR_TIMEMODE_DATETIME,False,trade_server_time,CALENDAR_UNIT_NONE,0,CALENDAR_MULTIPLIER_THOUSANDS,False,,,,1620315000,2021.05.06 15:30:00,498,553,590,-55,Short,True,,1620316800,2021.05.06 16:00:00,1800,1.20568,0.0011678197382638572,1.0,1.0,240,1.206847819738264,1.2045121802617362,STOP,1,2021.05.06 16:00:00,1,-1.0,-11.678197382638572,False,False,,,STOP,-1.0
SURROUNDING_EXPLORATORY_RELEASE,event_840030001_1620919800_140115,840030001,140115,US,USD,PPI m/m,PPI m/m,2021.04.01 00:00:00,6150,0,CALENDAR_TIMEMODE_DATETIME,False,trade_server_time,CALENDAR_UNIT_PERCENT,1,CALENDAR_MULTIPLIER_NONE,False,,,,1620919800,2021.05.13 15:30:00,0.6,1.0,,-0.4,Long,True,,1620921600,2021.05.13 16:00:00,1800,1.20813,0.0015753738511297777,1.0,1.0,240,1.2065546261488702,1.2097053738511296,TARGET,1,2021.05.13 16:00:00,1,1.0,15.753738511297776,False,False,,,TARGET,1.0
SURROUNDING_EXPLORATORY_RELEASE,event_840140001_1620919800_150793,840140001,150793,US,USD,Initial Jobless Claims,Initial Jobless Claims,2021.05.08 00:00:00,19023,0,CALENDAR_TIMEMODE_DATETIME,False,trade_server_time,CALENDAR_UNIT_NONE,0,CALENDAR_MULTIPLIER_THOUSANDS,False,,,,1620919800,2021.05.13 15:30:00,473,498,507,-25,Short,True,,1620921600,2021.05.13 16:00:00,1800,1.20813,0.0015753738511297777,1.0,1.0,240,1.2097053738511296,1.2065546261488702,STOP,1,2021.05.13 16:00:00,1,-1.0,-15.753738511297776,False,False,,,STOP,-1.0
SURROUNDING_EXPLORATORY_RELEASE,event_840020010_1621006200_139232,840020010,139232,US,USD,Retail Sales m/m,Retail Sales m/m,2021.04.01 00:00:00,3351,0,CALENDAR_TIMEMODE_DATETIME,False,trade_server_time,CALENDAR_UNIT_PERCENT,1,CALENDAR_MULTIPLIER_NONE,False,,,,1621006200,2021.05.14 15:30:00,0.0,9.8,10.7,-9.8,Long,True,,1621008000,2021.05.14 16:00:00,1800,1.21294,0.0013518871888082164,1.0,1.0,240,1.2115881128111916,1.2142918871888082,TARGET,1,2021.05.14 16:00:00,1,1.0,13.518871888082163,False,False,,,TARGET,1.0
SURROUNDING_EXPLORATORY_RELEASE,event_840140001_1621524600_150794,840140001,150794,US,USD,Initial Jobless Claims,Initial Jobless Claims,2021.05.15 00:00:00,19024,0,CALENDAR_TIMEMODE_DATETIME,False,trade_server_time,CALENDAR_UNIT_NONE,0,CALENDAR_MULTIPLIER_THOUSANDS,False,,,,1621524600,2021.05.20 15:30:00,444,473,478,-29,Short,True,,1621526400,2021.05.20 16:00:00,1800,1.21997,0.0013103679705669796,1.0,1.0,240,1.221280367970567,1.218659632029433,STOP,1,2021.05.20 16:00:00,1,-1.0,-13.103679705669796,False,False,,,STOP,-1.0
SURROUNDING_EXPLORATORY_RELEASE,event_840140001_1622734200_151557,840140001,151557,US,USD,Initial Jobless Claims,Initial Jobless Claims,2021.05.29 00:00:00,19026,0,CALENDAR_TIMEMODE_DATETIME,False,trade_server_time,CALENDAR_UNIT_NONE,0,CALENDAR_MULTIPLIER_THOUSANDS,False,,,,1622734200,2021.06.03 15:30:00,385,406,405,-21,Short,True,,1622736000,2021.06.03 16:00:00,1800,1.21581,0.0010021582223615421,1.0,1.0,240,1.2168121582223617,1.2148078417776385,TARGET,1,2021.06.03 16:00:00,1,1.0,10.02158222361542,False,False,,,TARGET,1.0
SURROUNDING_EXPLORATORY_RELEASE,event_840140001_1623339000_151558,840140001,151558,US,USD,Initial Jobless Claims,Initial Jobless Claims,2021.06.05 00:00:00,19027,0,CALENDAR_TIMEMODE_DATETIME,False,trade_server_time,CALENDAR_UNIT_NONE,0,CALENDAR_MULTIPLIER_THOUSANDS,False,,,,1623339000,2021.06.10 15:30:00,376,385,,-9,Short,True,,1623340800,2021.06.10 16:00:00,1800,1.21867,0.0009907867008498274,1.0,1.0,240,1.2196607867008498,1.21767921329915,TARGET,1,2021.06.10 16:00:00,1,1.0,9.907867008498274,False,False,,,TARGET,1.0
SURROUNDING_EXPLORATORY_RELEASE,event_840020010_1623771000_139233,840020010,139233,US,USD,Retail Sales m/m,Retail Sales m/m,2021.05.01 00:00:00,3352,0,CALENDAR_TIMEMODE_DATETIME,False,trade_server_time,CALENDAR_UNIT_PERCENT,1,CALENDAR_MULTIPLIER_NONE,False,,,,1623771000,2021.06.15 15:30:00,-1.3,0.0,0.9,-1.3,Long,True,,1623772800,2021.06.15 16:00:00,1800,1.21097,0.0009591273275415517,1.0,1.0,240,1.2100108726724585,1.2119291273275417,TARGET,1,2021.06.15 16:00:00,1,1.0,9.591273275415515,False,False,,,TARGET,1.0
SURROUNDING_EXPLORATORY_RELEASE,event_840030001_1623771000_140116,840030001,140116,US,USD,PPI m/m,PPI m/m,2021.05.01 00:00:00,6151,0,CALENDAR_TIMEMODE_DATETIME,False,trade_server_time,CALENDAR_UNIT_PERCENT,1,CALENDAR_MULTIPLIER_NONE,False,,,,1623771000,2021.06.15 15:30:00,0.8,0.6,,0.2,Short,True,,1623772800,2021.06.15 16:00:00,1800,1.21097,0.0009591273275415517,1.0,1.0,240,1.2119291273275417,1.2100108726724585,STOP,1,2021.06.15 16:00:00,1,-1.0,-9.591273275415515,False,False,,,STOP,-1.0
SURROUNDING_EXPLORATORY_RELEASE,event_840140001_1623943800_151559,840140001,151559,US,USD,Initial Jobless Claims,Initial Jobless Claims,2021.06.12 00:00:00,19028,0,CALENDAR_TIMEMODE_DATETIME,False,trade_server_time,CALENDAR_UNIT_NONE,0,CALENDAR_MULTIPLIER_THOUSANDS,False,,,,1623943800,2021.06.17 15:30:00,412,376,375,36,Long,True,,1623945600,2021.06.17 16:00:00,1800,1.19291,0.0017466500492597415,1.0,1.0,240,1.1911633499507401,1.1946566500492597,TARGET,1,2021.06.17 16:00:00,1,1.0,17.466500492597415,False,False,,,TARGET,1.0
SURROUNDING_EXPLORATORY_RELEASE,event_840140001_1624548600_151560,840140001,151560,US,USD,Initial Jobless Claims,Initial Jobless Claims,2021.06.19 00:00:00,19029,0,CALENDAR_TIMEMODE_DATETIME,False,trade_server_time,CALENDAR_UNIT_NONE,0,CALENDAR_MULTIPLIER_THOUSANDS,False,,,,1624548600,2021.06.24 15:30:00,411,412,418,-1,Short,True,,1624550400,2021.06.24 16:00:00,1800,1.19527,0.0011534234963646046,1.0,1.0,240,1.1964234234963647,1.1941165765036355,TARGET,1,2021.06.24 16:00:00,1,1.0,11.534234963646044,False,False,,,TARGET,1.0
SURROUNDING_EXPLORATORY_RELEASE,event_840140001_1625153400_152260,840140001,152260,US,USD,Initial Jobless Claims,Initial Jobless Claims,2021.06.26 00:00:00,19030,0,CALENDAR_TIMEMODE_DATETIME,False,trade_server_time,CALENDAR_UNIT_NONE,0,CALENDAR_MULTIPLIER_THOUSANDS,False,,,,1625153400,2021.07.01 15:30:00,364,411,415,-47,Short,True,,1625155200,2021.07.01 16:00:00,1800,1.18766,0.0011583932746556493,1.0,1.0,240,1.1888183932746557,1.1865016067253442,TARGET,1,2021.07.01 16:00:00,1,1.0,11.583932746556492,False,False,,,TARGET,1.0
SURROUNDING_EXPLORATORY_RELEASE,event_840140001_1625758200_152261,840140001,152261,US,USD,Initial Jobless Claims,Initial Jobless Claims,2021.07.03 00:00:00,19031,0,CALENDAR_TIMEMODE_DATETIME,False,trade_server_time,CALENDAR_UNIT_NONE,0,CALENDAR_MULTIPLIER_THOUSANDS,False,,,,1625758200,2021.07.08 15:30:00,373,364,371,9,Long,True,,1625760000,2021.07.08 16:00:00,1800,1.18507,0.0012472505074598741,1.0,1.0,240,1.1838227494925402,1.18631725050746,TARGET,1,2021.07.08 16:00:00,1,1.0,12.472505074598741,False,False,,,TARGET,1.0
SURROUNDING_EXPLORATORY_RELEASE,event_840030001_1626276600_140117,840030001,140117,US,USD,PPI m/m,PPI m/m,2021.06.01 00:00:00,6152,0,CALENDAR_TIMEMODE_DATETIME,False,trade_server_time,CALENDAR_UNIT_PERCENT,1,CALENDAR_MULTIPLIER_NONE,False,,,,1626276600,2021.07.14 15:30:00,1.0,0.8,,0.2,Short,True,,1626278400,2021.07.14 16:00:00,1800,1.18211,0.001114650757382892,1.0,1.0,240,1.183224650757383,1.180995349242617,STOP,4,2021.07.14 19:00:00,4,-1.0,-11.14650757382892,False,False,,,STOP,-1.0
SURROUNDING_EXPLORATORY_RELEASE,event_840140001_1626363000_152262,840140001,152262,US,USD,Initial Jobless Claims,Initial Jobless Claims,2021.07.10 00:00:00,19032,0,CALENDAR_TIMEMODE_DATETIME,False,trade_server_time,CALENDAR_UNIT_NONE,0,CALENDAR_MULTIPLIER_THOUSANDS,False,,,,1626363000,2021.07.15 15:30:00,360,373,386,-13,Short,True,,1626364800,2021.07.15 16:00:00,1800,1.18054,0.0011791109740788793,1.0,1.0,240,1.1817191109740788,1.179360889025921,STOP,1,2021.07.15 16:00:00,1,-1.0,-11.791109740788793,False,False,,,STOP,-1.0
SURROUNDING_EXPLORATORY_RELEASE,event_840020010_1626449400_139234,840020010,139234,US,USD,Retail Sales m/m,Retail Sales m/m,2021.06.01 00:00:00,3353,0,CALENDAR_TIMEMODE_DATETIME,False,trade_server_time,CALENDAR_UNIT_PERCENT,1,CALENDAR_MULTIPLIER_NONE,False,,,,1626449400,2021.07.16 15:30:00,0.6,-1.3,-1.7,1.9,Short,True,,1626451200,2021.07.16 16:00:00,1800,1.18007,0.0010621791572915837,1.0,1.0,240,1.1811321791572915,1.1790078208427084,STOP,1,2021.07.16 16:00:00,1,-1.0,-10.621791572915837,False,False,,,STOP,-1.0
SURROUNDING_EXPLORATORY_RELEASE,event_840140001_1626967800_152263,840140001,152263,US,USD,Initial Jobless Claims,Initial Jobless Claims,2021.07.17 00:00:00,19033,0,CALENDAR_TIMEMODE_DATETIME,False,trade_server_time,CALENDAR_UNIT_NONE,0,CALENDAR_MULTIPLIER_THOUSANDS,False,,,,1626967800,2021.07.22 15:30:00,419,360,368,59,Long,True,,1626969600,2021.07.22 16:00:00,1800,1.17987,0.0011213329274497893,1.0,1.0,240,1.1787486670725502,1.1809913329274497,TARGET,1,2021.07.22 16:00:00,1,1.0,11.213329274497893,False,False,,,TARGET,1.0
SURROUNDING_EXPLORATORY_RELEASE,event_840140001_1627572600_152264,840140001,152264,US,USD,Initial Jobless Claims,Initial Jobless Claims,2021.07.24 00:00:00,19034,0,CALENDAR_TIMEMODE_DATETIME,False,trade_server_time,CALENDAR_UNIT_NONE,0,CALENDAR_MULTIPLIER_THOUSANDS,False,,,,1627572600,2021.07.29 15:30:00,400,419,424,-19,Short,True,,1627574400,2021.07.29 16:00:00,1800,1.18848,0.0011376848549727152,1.0,1.0,240,1.1896176848549727,1.1873423151450273,STOP,19,2021.07.30 10:00:00,19,-1.0,-11.376848549727152,False,False,,,STOP,-1.0
SURROUNDING_EXPLORATORY_RELEASE,event_840140001_1628177400_153105,840140001,153105,US,USD,Initial Jobless Claims,Initial Jobless Claims,2021.07.31 00:00:00,19035,0,CALENDAR_TIMEMODE_DATETIME,False,trade_server_time,CALENDAR_UNIT_NONE,0,CALENDAR_MULTIPLIER_THOUSANDS,False,,,,1628177400,2021.08.05 15:30:00,385,400,399,-15,Short,True,,1628179200,2021.08.05 16:00:00,1800,1.18352,0.0010867654039188968,1.0,1.0,240,1.1846067654039187,1.182433234596081,STOP,1,2021.08.05 16:00:00,1,-1.0,-10.867654039188967,False,False,,,STOP,-1.0
SURROUNDING_EXPLORATORY_RELEASE,event_840030001_1628782200_140119,840030001,140119,US,USD,PPI m/m,PPI m/m,2021.07.01 00:00:00,6153,0,CALENDAR_TIMEMODE_DATETIME,False,trade_server_time,CALENDAR_UNIT_PERCENT,1,CALENDAR_MULTIPLIER_NONE,False,,,,1628782200,2021.08.12 15:30:00,1.0,1.0,,0.0,Flat,False,FLAT_DIRECTION,,,,,,,,,,,,,,,,,,,,,,
SURROUNDING_EXPLORATORY_RELEASE,event_840140001_1628782200_153106,840140001,153106,US,USD,Initial Jobless Claims,Initial Jobless Claims,2021.08.07 00:00:00,19036,0,CALENDAR_TIMEMODE_DATETIME,False,trade_server_time,CALENDAR_UNIT_NONE,0,CALENDAR_MULTIPLIER_THOUSANDS,False,,,,1628782200,2021.08.12 15:30:00,375,385,387,-10,Short,True,,1628784000,2021.08.12 16:00:00,1800,1.1738,0.0008200211257639863,1.0,1.0,240,1.174620021125764,1.1729799788742359,TARGET,1,2021.08.12 16:00:00,1,1.0,8.200211257639863,False,False,,,TARGET,1.0
SURROUNDING_EXPLORATORY_RELEASE,event_840020010_1629214200_139235,840020010,139235,US,USD,Retail Sales m/m,Retail Sales m/m,2021.07.01 00:00:00,3354,0,CALENDAR_TIMEMODE_DATETIME,False,trade_server_time,CALENDAR_UNIT_PERCENT,1,CALENDAR_MULTIPLIER_NONE,False,,,,1629214200,2021.08.17 15:30:00,-1.1,0.6,0.7,-1.7,Long,True,,1629216000,2021.08.17 16:00:00,1800,1.17435,0.0008744342135611983,1.0,1.0,240,1.1734755657864389,1.1752244342135612,STOP,1,2021.08.17 16:00:00,1,-1.0,-8.744342135611983,False,False,,,STOP,-1.0
SURROUNDING_EXPLORATORY_RELEASE,event_840140001_1629387000_153107,840140001,153107,US,USD,Initial Jobless Claims,Initial Jobless Claims,2021.08.14 00:00:00,19037,0,CALENDAR_TIMEMODE_DATETIME,False,trade_server_time,CALENDAR_UNIT_NONE,0,CALENDAR_MULTIPLIER_THOUSANDS,False,,,,1629387000,2021.08.19 15:30:00,348,375,377,-27,Short,True,,1629388800,2021.08.19 16:00:00,1800,1.16983,0.0011740926829430438,1.0,1.0,240,1.171004092682943,1.1686559073170568,TARGET,2,2021.08.19 17:00:00,2,1.0,11.740926829430437,False,False,,,TARGET,1.0
SURROUNDING_EXPLORATORY_RELEASE,event_840140001_1630596600_153848,840140001,153848,US,USD,Initial Jobless Claims,Initial Jobless Claims,2021.08.28 00:00:00,19039,0,CALENDAR_TIMEMODE_DATETIME,False,trade_server_time,CALENDAR_UNIT_NONE,0,CALENDAR_MULTIPLIER_THOUSANDS,False,,,,1630596600,2021.09.02 15:30:00,340,353,354,-13,Short,True,,1630598400,2021.09.02 16:00:00,1800,1.18469,0.0008081179255645986,1.0,1.0,240,1.1854981179255646,1.1838818820744355,STOP,1,2021.09.02 16:00:00,1,-1.0,-8.081179255645985,False,False,,,STOP,-1.0
SURROUNDING_EXPLORATORY_RELEASE,event_840140001_1631201400_153849,840140001,153849,US,USD,Initial Jobless Claims,Initial Jobless Claims,2021.09.04 00:00:00,19040,0,CALENDAR_TIMEMODE_DATETIME,False,trade_server_time,CALENDAR_UNIT_NONE,0,CALENDAR_MULTIPLIER_THOUSANDS,False,,,,1631201400,2021.09.09 15:30:00,310,340,345,-30,Short,True,,1631203200,2021.09.09 16:00:00,1800,1.18231,0.0009049161752436769,1.0,1.0,240,1.1832149161752437,1.1814050838247563,STOP,1,2021.09.09 16:00:00,1,-1.0,-9.049161752436769,True,False,,,TARGET,1.0
SURROUNDING_EXPLORATORY_RELEASE,event_840030001_1631287800_140120,840030001,140120,US,USD,PPI m/m,PPI m/m,2021.08.01 00:00:00,6154,0,CALENDAR_TIMEMODE_DATETIME,False,trade_server_time,CALENDAR_UNIT_PERCENT,1,CALENDAR_MULTIPLIER_NONE,False,,,,1631287800,2021.09.10 15:30:00,0.7,1.0,,-0.3,Long,True,,1631289600,2021.09.10 16:00:00,1800,1.18266,0.0009080838247633666,1.0,1.0,240,1.1817519161752368,1.1835680838247633,TARGET,2,2021.09.10 17:00:00,2,1.0,9.080838247633666,False,False,,,TARGET,1.0
SURROUNDING_EXPLORATORY_RELEASE,event_840020010_1631806200_139236,840020010,139236,US,USD,Retail Sales m/m,Retail Sales m/m,2021.08.01 00:00:00,3355,0,CALENDAR_TIMEMODE_DATETIME,False,trade_server_time,CALENDAR_UNIT_PERCENT,1,CALENDAR_MULTIPLIER_NONE,False,,,,1631806200,2021.09.16 15:30:00,0.7,-1.1,,1.8,Short,True,,1631808000,2021.09.16 16:00:00,1800,1.17548,0.0009348398313229572,1.0,1.0,240,1.176414839831323,1.1745451601686772,STOP,2,2021.09.16 17:00:00,2,-1.0,-9.348398313229572,False,False,,,STOP,-1.0
SURROUNDING_EXPLORATORY_RELEASE,event_840140001_1631806200_153850,840140001,153850,US,USD,Initial Jobless Claims,Initial Jobless Claims,2021.09.11 00:00:00,19041,0,CALENDAR_TIMEMODE_DATETIME,False,trade_server_time,CALENDAR_UNIT_NONE,0,CALENDAR_MULTIPLIER_THOUSANDS,False,,,,1631806200,2021.09.16 15:30:00,332,310,312,22,Long,True,,1631808000,2021.09.16 16:00:00,1800,1.17548,0.0009348398313229572,1.0,1.0,240,1.1745451601686772,1.176414839831323,TARGET,2,2021.09.16 17:00:00,2,1.0,9.348398313229572,False,False,,,TARGET,1.0
SURROUNDING_EXPLORATORY_RELEASE,event_840140001_1632411000_153851,840140001,153851,US,USD,Initial Jobless Claims,Initial Jobless Claims,2021.09.18 00:00:00,19042,0,CALENDAR_TIMEMODE_DATETIME,False,trade_server_time,CALENDAR_UNIT_NONE,0,CALENDAR_MULTIPLIER_THOUSANDS,False,,,,1632411000,2021.09.23 15:30:00,351,332,335,19,Long,True,,1632412800,2021.09.23 16:00:00,1800,1.17288,0.0012085599568850175,1.0,1.0,240,1.171671440043115,1.1740885599568849,TARGET,2,2021.09.23 17:00:00,2,1.0,12.085599568850174,False,False,,,TARGET,1.0
SURROUNDING_EXPLORATORY_RELEASE,event_840140001_1633015800_153852,840140001,153852,US,USD,Initial Jobless Claims,Initial Jobless Claims,2021.09.25 00:00:00,19043,0,CALENDAR_TIMEMODE_DATETIME,False,trade_server_time,CALENDAR_UNIT_NONE,0,CALENDAR_MULTIPLIER_THOUSANDS,False,,,,1633015800,2021.09.30 15:30:00,362,351,,11,Long,True,,1633017600,2021.09.30 16:00:00,1800,1.15904,0.0011828177345106611,1.0,1.0,240,1.1578571822654895,1.1602228177345106,STOP,1,2021.09.30 16:00:00,1,-1.0,-11.82817734510661,False,False,,,STOP,-1.0
SURROUNDING_EXPLORATORY_RELEASE,event_840140001_1633620600_154699,840140001,154699,US,USD,Initial Jobless Claims,Initial Jobless Claims,2021.10.02 00:00:00,19044,0,CALENDAR_TIMEMODE_DATETIME,False,trade_server_time,CALENDAR_UNIT_NONE,0,CALENDAR_MULTIPLIER_THOUSANDS,False,,,,1633620600,2021.10.07 15:30:00,326,362,364,-36,Short,True,,1633622400,2021.10.07 16:00:00,1800,1.15557,0.0008759948191261602,1.0,1.0,240,1.1564459948191261,1.1546940051808738,STOP,2,2021.10.07 17:00:00,2,-1.0,-8.759948191261602,False,False,,,STOP,-1.0
SURROUNDING_EXPLORATORY_RELEASE,event_840030001_1634225400_140121,840030001,140121,US,USD,PPI m/m,PPI m/m,2021.09.01 00:00:00,6155,0,CALENDAR_TIMEMODE_DATETIME,False,trade_server_time,CALENDAR_UNIT_PERCENT,1,CALENDAR_MULTIPLIER_NONE,False,,,,1634225400,2021.10.14 15:30:00,0.5,0.7,,-0.2,Long,True,,1634227200,2021.10.14 16:00:00,1800,1.16062,0.0010081893817445533,1.0,1.0,240,1.1596118106182554,1.1616281893817446,STOP,1,2021.10.14 16:00:00,1,-1.0,-10.081893817445533,False,False,,,STOP,-1.0
SURROUNDING_EXPLORATORY_RELEASE,event_840140001_1634225400_154700,840140001,154700,US,USD,Initial Jobless Claims,Initial Jobless Claims,2021.10.09 00:00:00,19045,0,CALENDAR_TIMEMODE_DATETIME,False,trade_server_time,CALENDAR_UNIT_NONE,0,CALENDAR_MULTIPLIER_THOUSANDS,False,,,,1634225400,2021.10.14 15:30:00,293,326,329,-33,Short,True,,1634227200,2021.10.14 16:00:00,1800,1.16062,0.0010081893817445533,1.0,1.0,240,1.1616281893817446,1.1596118106182554,TARGET,1,2021.10.14 16:00:00,1,1.0,10.081893817445533,False,False,,,TARGET,1.0
SURROUNDING_EXPLORATORY_RELEASE,event_840020010_1634311800_139237,840020010,139237,US,USD,Retail Sales m/m,Retail Sales m/m,2021.09.01 00:00:00,3356,0,CALENDAR_TIMEMODE_DATETIME,False,trade_server_time,CALENDAR_UNIT_PERCENT,1,CALENDAR_MULTIPLIER_NONE,False,,,,1634311800,2021.10.15 15:30:00,0.7,0.7,,0.0,Flat,False,FLAT_DIRECTION,,,,,,,,,,,,,,,,,,,,,,
SURROUNDING_EXPLORATORY_RELEASE,event_840140001_1634830200_154701,840140001,154701,US,USD,Initial Jobless Claims,Initial Jobless Claims,2021.10.16 00:00:00,19046,0,CALENDAR_TIMEMODE_DATETIME,False,trade_server_time,CALENDAR_UNIT_NONE,0,CALENDAR_MULTIPLIER_THOUSANDS,False,,,,1634830200,2021.10.21 15:30:00,290,293,296,-3,Short,True,,1634832000,2021.10.21 16:00:00,1800,1.1643,0.0008465906106825653,1.0,1.0,240,1.1651465906106824,1.1634534093893174,TARGET,4,2021.10.21 19:00:00,4,1.0,8.465906106825653,False,False,,,TARGET,1.0
SURROUNDING_EXPLORATORY_RELEASE,event_840140001_1635435000_154702,840140001,154702,US,USD,Initial Jobless Claims,Initial Jobless Claims,2021.10.23 00:00:00,19047,0,CALENDAR_TIMEMODE_DATETIME,False,trade_server_time,CALENDAR_UNIT_NONE,0,CALENDAR_MULTIPLIER_THOUSANDS,False,,,,1635435000,2021.10.28 15:30:00,281,290,291,-9,Short,True,,1635436800,2021.10.28 16:00:00,1800,1.16298,0.0012648096298987703,1.0,1.0,240,1.1642448096298987,1.161715190370101,STOP,1,2021.10.28 16:00:00,1,-1.0,-12.648096298987703,False,False,,,STOP,-1.0
SURROUNDING_EXPLORATORY_RELEASE,event_840140001_1636039800_155575,840140001,155575,US,USD,Initial Jobless Claims,Initial Jobless Claims,2021.10.30 00:00:00,19048,0,CALENDAR_TIMEMODE_DATETIME,False,trade_server_time,CALENDAR_UNIT_NONE,0,CALENDAR_MULTIPLIER_THOUSANDS,False,,,,1636039800,2021.11.04 15:30:00,269,281,283,-12,Short,True,,1636041600,2021.11.04 16:00:00,1800,1.15531,0.0011397517332421513,1.0,1.0,240,1.1564497517332422,1.154170248266758,TARGET,1,2021.11.04 16:00:00,1,1.0,11.397517332421513,False,False,,,TARGET,1.0
SURROUNDING_EXPLORATORY_RELEASE,event_840030001_1636475400_140122,840030001,140122,US,USD,PPI m/m,PPI m/m,2021.10.01 00:00:00,6156,0,CALENDAR_TIMEMODE_DATETIME,False,trade_server_time,CALENDAR_UNIT_PERCENT,1,CALENDAR_MULTIPLIER_NONE,False,,,,1636475400,2021.11.09 16:30:00,0.6,0.5,,0.1,Short,True,,1636477200,2021.11.09 17:00:00,1800,1.16001,0.0012083136239240584,1.0,1.0,240,1.161218313623924,1.158801686376076,TARGET,1,2021.11.09 17:00:00,1,1.0,12.083136239240583,False,False,,,TARGET,1.0
SURROUNDING_EXPLORATORY_RELEASE,event_840140001_1636561800_155576,840140001,155576,US,USD,Initial Jobless Claims,Initial Jobless Claims,2021.11.06 00:00:00,19049,0,CALENDAR_TIMEMODE_DATETIME,False,trade_server_time,CALENDAR_UNIT_NONE,0,CALENDAR_MULTIPLIER_THOUSANDS,False,,,,1636561800,2021.11.10 16:30:00,267,269,271,-2,Short,True,,1636563600,2021.11.10 17:00:00,1800,1.15609,0.0013328404077239768,1.0,1.0,240,1.157422840407724,1.154757159592276,TARGET,1,2021.11.10 17:00:00,1,1.0,13.328404077239767,False,False,,,TARGET,1.0
SURROUNDING_EXPLORATORY_RELEASE,event_840020010_1637080200_139238,840020010,139238,US,USD,Retail Sales m/m,Retail Sales m/m,2021.10.01 00:00:00,3357,0,CALENDAR_TIMEMODE_DATETIME,False,trade_server_time,CALENDAR_UNIT_PERCENT,1,CALENDAR_MULTIPLIER_NONE,False,,,,1637080200,2021.11.16 16:30:00,1.7,0.7,,1.0,Short,True,,1637082000,2021.11.16 17:00:00,1800,1.13437,0.0012209478519501344,1.0,1.0,240,1.1355909478519501,1.13314905214805,TARGET,2,2021.11.16 18:00:00,2,1.0,12.209478519501342,False,False,,,TARGET,1.0
SURROUNDING_EXPLORATORY_RELEASE,event_840140001_1637253000_155577,840140001,155577,US,USD,Initial Jobless Claims,Initial Jobless Claims,2021.11.13 00:00:00,19050,0,CALENDAR_TIMEMODE_DATETIME,False,trade_server_time,CALENDAR_UNIT_NONE,0,CALENDAR_MULTIPLIER_THOUSANDS,False,,,,1637253000,2021.11.18 16:30:00,268,267,269,1,Long,True,,1637254800,2021.11.18 17:00:00,1800,1.13414,0.0012685989201340554,1.0,1.0,240,1.132871401079866,1.135408598920134,TARGET,1,2021.11.18 17:00:00,1,1.0,12.685989201340554,False,False,,,TARGET,1.0
SURROUNDING_EXPLORATORY_RELEASE,event_840140001_1637771400_155578,840140001,155578,US,USD,Initial Jobless Claims,Initial Jobless Claims,2021.11.20 00:00:00,19051,0,CALENDAR_TIMEMODE_DATETIME,False,trade_server_time,CALENDAR_UNIT_NONE,0,CALENDAR_MULTIPLIER_THOUSANDS,False,,,,1637771400,2021.11.24 16:30:00,199,268,270,-69,Short,True,,1637773200,2021.11.24 17:00:00,1800,1.12037,0.0013959565936747331,1.0,1.0,240,1.1217659565936748,1.1189740434063253,TARGET,2,2021.11.24 18:00:00,2,1.0,13.95956593674733,False,False,,,TARGET,1.0
SURROUNDING_EXPLORATORY_RELEASE,event_840140001_1638462600_157301,840140001,157301,US,USD,Initial Jobless Claims,Initial Jobless Claims,2021.11.27 00:00:00,19052,0,CALENDAR_TIMEMODE_DATETIME,False,trade_server_time,CALENDAR_UNIT_NONE,0,CALENDAR_MULTIPLIER_THOUSANDS,False,,,,1638462600,2021.12.02 16:30:00,222,199,194,23,Long,True,,1638464400,2021.12.02 17:00:00,1800,1.13376,0.0013807484489054588,1.0,1.0,240,1.1323792515510946,1.1351407484489056,STOP,1,2021.12.02 17:00:00,1,-1.0,-13.807484489054588,False,False,,,STOP,-1.0
SURROUNDING_EXPLORATORY_RELEASE,event_840140001_1639067400_157302,840140001,157302,US,USD,Initial Jobless Claims,Initial Jobless Claims,2021.12.04 00:00:00,19053,0,CALENDAR_TIMEMODE_DATETIME,False,trade_server_time,CALENDAR_UNIT_NONE,0,CALENDAR_MULTIPLIER_THOUSANDS,False,,,,1639067400,2021.12.09 16:30:00,184,222,227,-38,Short,True,,1639069200,2021.12.09 17:00:00,1800,1.13021,0.0010635898014814157,1.0,1.0,240,1.1312735898014814,1.1291464101985185,TARGET,1,2021.12.09 17:00:00,1,1.0,10.635898014814156,False,False,,,TARGET,1.0
SURROUNDING_EXPLORATORY_RELEASE,event_840030001_1639499400_140123,840030001,140123,US,USD,PPI m/m,PPI m/m,2021.11.01 00:00:00,6157,0,CALENDAR_TIMEMODE_DATETIME,False,trade_server_time,CALENDAR_UNIT_PERCENT,1,CALENDAR_MULTIPLIER_NONE,False,,,,1639499400,2021.12.14 16:30:00,0.8,0.6,,0.2,Short,True,,1639501200,2021.12.14 17:00:00,1800,1.13005,0.0011680001706713783,1.0,1.0,240,1.1312180001706713,1.1288819998293287,TARGET,1,2021.12.14 17:00:00,1,1.0,11.680001706713782,False,False,,,TARGET,1.0
SURROUNDING_EXPLORATORY_RELEASE,event_840020010_1639585800_139239,840020010,139239,US,USD,Retail Sales m/m,Retail Sales m/m,2021.11.01 00:00:00,3358,0,CALENDAR_TIMEMODE_DATETIME,False,trade_server_time,CALENDAR_UNIT_PERCENT,1,CALENDAR_MULTIPLIER_NONE,False,,,,1639585800,2021.12.15 16:30:00,0.3,1.7,1.8,-1.4,Long,True,,1639587600,2021.12.15 17:00:00,1800,1.12585,0.0010740305479534776,1.0,1.0,240,1.1247759694520465,1.1269240305479535,STOP,5,2021.12.15 21:00:00,5,-1.0,-10.740305479534776,True,False,,,TARGET,1.0
SURROUNDING_EXPLORATORY_RELEASE,event_840140001_1639672200_157303,840140001,157303,US,USD,Initial Jobless Claims,Initial Jobless Claims,2021.12.11 00:00:00,19054,0,CALENDAR_TIMEMODE_DATETIME,False,trade_server_time,CALENDAR_UNIT_NONE,0,CALENDAR_MULTIPLIER_THOUSANDS,False,,,,1639672200,2021.12.16 16:30:00,206,184,188,22,Long,True,,1639674000,2021.12.16 17:00:00,1800,1.13269,0.001670407147209216,1.0,1.0,240,1.1310195928527909,1.134360407147209,STOP,1,2021.12.16 17:00:00,1,-1.0,-16.70407147209216,False,False,,,STOP,-1.0
SURROUNDING_EXPLORATORY_RELEASE,event_840140001_1640277000_157304,840140001,157304,US,USD,Initial Jobless Claims,Initial Jobless Claims,2021.12.18 00:00:00,19055,0,CALENDAR_TIMEMODE_DATETIME,False,trade_server_time,CALENDAR_UNIT_NONE,0,CALENDAR_MULTIPLIER_THOUSANDS,False,,,,1640277000,2021.12.23 16:30:00,205,206,205,-1,Short,True,,1640278800,2021.12.23 17:00:00,1800,1.13086,0.001138735402975795,1.0,1.0,240,1.1319987354029757,1.1297212645970243,STOP,1,2021.12.23 17:00:00,1,-1.0,-11.38735402975795,False,False,,,STOP,-1.0
SURROUNDING_EXPLORATORY_RELEASE,event_840140001_1640881800_157305,840140001,157305,US,USD,Initial Jobless Claims,Initial Jobless Claims,2021.12.25 00:00:00,19056,0,CALENDAR_TIMEMODE_DATETIME,False,trade_server_time,CALENDAR_UNIT_NONE,0,CALENDAR_MULTIPLIER_THOUSANDS,False,,,,1640881800,2021.12.30 16:30:00,198,205,206,-7,Short,True,,1640883600,2021.12.30 17:00:00,1800,1.13337,0.0014468967820852863,1.0,1.0,240,1.1348168967820853,1.1319231032179147,TARGET,1,2021.12.30 17:00:00,1,1.0,14.468967820852862,False,False,,,TARGET,1.0
SURROUNDING_EXPLORATORY_RELEASE,event_840140001_1641486600_161361,840140001,161361,US,USD,Initial Jobless Claims,Initial Jobless Claims,2022.01.01 00:00:00,19057,0,CALENDAR_TIMEMODE_DATETIME,False,trade_server_time,CALENDAR_UNIT_NONE,0,CALENDAR_MULTIPLIER_THOUSANDS,False,,,,1641486600,2022.01.06 16:30:00,207,198,200,9,Long,True,,1641488400,2022.01.06 17:00:00,1800,1.13257,0.0014028596335544995,1.0,1.0,240,1.1311671403664456,1.1339728596335545,STOP,1,2022.01.06 17:00:00,1,-1.0,-14.028596335544993,False,False,,,STOP,-1.0
SURROUNDING_EXPLORATORY_RELEASE,event_840030001_1642091400_156391,840030001,156391,US,USD,PPI m/m,PPI m/m,2021.12.01 00:00:00,6158,0,CALENDAR_TIMEMODE_DATETIME,False,trade_server_time,CALENDAR_UNIT_PERCENT,1,CALENDAR_MULTIPLIER_NONE,False,,,,1642091400,2022.01.13 16:30:00,0.2,0.8,1.0,-0.6,Long,True,,1642093200,2022.01.13 17:00:00,1800,1.14733,0.0012789419766851607,1.0,1.0,240,1.1460510580233148,1.1486089419766852,STOP,1,2022.01.13 17:00:00,1,-1.0,-12.789419766851607,False,False,,,STOP,-1.0
SURROUNDING_EXPLORATORY_RELEASE,event_840140001_1642091400_161362,840140001,161362,US,USD,Initial Jobless Claims,Initial Jobless Claims,2022.01.08 00:00:00,19058,0,CALENDAR_TIMEMODE_DATETIME,False,trade_server_time,CALENDAR_UNIT_NONE,0,CALENDAR_MULTIPLIER_THOUSANDS,False,,,,1642091400,2022.01.13 16:30:00,230,207,,23,Long,True,,1642093200,2022.01.13 17:00:00,1800,1.14733,0.0012789419766851607,1.0,1.0,240,1.1460510580233148,1.1486089419766852,STOP,1,2022.01.13 17:00:00,1,-1.0,-12.789419766851607,False,False,,,STOP,-1.0
SURROUNDING_EXPLORATORY_RELEASE,event_840020010_1642177800_156004,840020010,156004,US,USD,Retail Sales m/m,Retail Sales m/m,2021.12.01 00:00:00,3359,0,CALENDAR_TIMEMODE_DATETIME,False,trade_server_time,CALENDAR_UNIT_PERCENT,1,CALENDAR_MULTIPLIER_NONE,False,,,,1642177800,2022.01.14 16:30:00,-1.9,0.3,,-2.2,Long,True,,1642179600,2022.01.14 17:00:00,1800,1.14413,0.00116306808698283,1.0,1.0,240,1.1429669319130173,1.1452930680869828,STOP,1,2022.01.14 17:00:00,1,-1.0,-11.6306808698283,False,False,,,STOP,-1.0
SURROUNDING_EXPLORATORY_RELEASE,event_840140001_1642696200_161363,840140001,161363,US,USD,Initial Jobless Claims,Initial Jobless Claims,2022.01.15 00:00:00,19059,0,CALENDAR_TIMEMODE_DATETIME,False,trade_server_time,CALENDAR_UNIT_NONE,0,CALENDAR_MULTIPLIER_THOUSANDS,False,,,,1642696200,2022.01.20 16:30:00,286,230,231,56,Long,True,,1642698000,2022.01.20 17:00:00,1800,1.13445,0.0011680580127704722,1.0,1.0,240,1.1332819419872295,1.1356180580127704,STOP,1,2022.01.20 17:00:00,1,-1.0,-11.680580127704722,False,False,,,STOP,-1.0
SURROUNDING_EXPLORATORY_RELEASE,event_840140001_1643905800_162953,840140001,162953,US,USD,Initial Jobless Claims,Initial Jobless Claims,2022.01.29 00:00:00,19061,0,CALENDAR_TIMEMODE_DATETIME,False,trade_server_time,CALENDAR_UNIT_NONE,0,CALENDAR_MULTIPLIER_THOUSANDS,False,,,,1643905800,2022.02.03 16:30:00,238,260,261,-22,Short,True,,1643907600,2022.02.03 17:00:00,1800,1.13903,0.0017096270023238378,1.0,1.0,240,1.1407396270023238,1.1373203729976762,STOP,1,2022.02.03 17:00:00,1,-1.0,-17.096270023238375,False,False,,,STOP,-1.0
SURROUNDING_EXPLORATORY_RELEASE,event_840140001_1644510600_162954,840140001,162954,US,USD,Initial Jobless Claims,Initial Jobless Claims,2022.02.05 00:00:00,19062,0,CALENDAR_TIMEMODE_DATETIME,False,trade_server_time,CALENDAR_UNIT_NONE,0,CALENDAR_MULTIPLIER_THOUSANDS,False,,,,1644510600,2022.02.10 16:30:00,223,238,239,-15,Short,True,,1644512400,2022.02.10 17:00:00,1800,1.1407,0.0013484413567139157,1.0,1.0,240,1.142048441356714,1.139351558643286,STOP,1,2022.02.10 17:00:00,1,-1.0,-13.484413567139157,False,False,,,STOP,-1.0
SURROUNDING_EXPLORATORY_RELEASE,event_840030001_1644942600_156392,840030001,156392,US,USD,PPI m/m,PPI m/m,2022.01.01 00:00:00,6159,0,CALENDAR_TIMEMODE_DATETIME,False,trade_server_time,CALENDAR_UNIT_PERCENT,1,CALENDAR_MULTIPLIER_NONE,False,,,,1644942600,2022.02.15 16:30:00,1.0,0.2,0.4,0.8,Short,True,,1644944400,2022.02.15 17:00:00,1800,1.13215,0.0015230804185876687,1.0,1.0,240,1.1336730804185877,1.1306269195814123,STOP,1,2022.02.15 17:00:00,1,-1.0,-15.230804185876686,False,False,,,STOP,-1.0
SURROUNDING_EXPLORATORY_RELEASE,event_840020010_1645029000_156005,840020010,156005,US,USD,Retail Sales m/m,Retail Sales m/m,2022.01.01 00:00:00,3360,0,CALENDAR_TIMEMODE_DATETIME,False,trade_server_time,CALENDAR_UNIT_PERCENT,1,CALENDAR_MULTIPLIER_NONE,False,,,,1645029000,2022.02.16 16:30:00,3.8,-1.9,-2.5,5.7,Short,True,,1645030800,2022.02.16 17:00:00,1800,1.13647,0.00138424424008624,1.0,1.0,240,1.1378542442400863,1.1350857557599139,STOP,2,2022.02.16 18:00:00,2,-1.0,-13.8424424008624,False,False,,,STOP,-1.0
SURROUNDING_EXPLORATORY_RELEASE,event_840140001_1645115400_162955,840140001,162955,US,USD,Initial Jobless Claims,Initial Jobless Claims,2022.02.12 00:00:00,19063,0,CALENDAR_TIMEMODE_DATETIME,False,trade_server_time,CALENDAR_UNIT_NONE,0,CALENDAR_MULTIPLIER_THOUSANDS,False,,,,1645115400,2022.02.17 16:30:00,248,223,225,25,Long,True,,1645117200,2022.02.17 17:00:00,1800,1.13588,0.0019628077751206786,1.0,1.0,240,1.1339171922248794,1.1378428077751206,TARGET,1,2022.02.17 17:00:00,1,1.0,19.628077751206785,False,False,,,TARGET,1.0
SURROUNDING_EXPLORATORY_RELEASE,event_840140001_1645720200_162956,840140001,162956,US,USD,Initial Jobless Claims,Initial Jobless Claims,2022.02.19 00:00:00,19064,0,CALENDAR_TIMEMODE_DATETIME,False,trade_server_time,CALENDAR_UNIT_NONE,0,CALENDAR_MULTIPLIER_THOUSANDS,False,,,,1645720200,2022.02.24 16:30:00,232,248,249,-16,Short,True,,1645722000,2022.02.24 17:00:00,1800,1.11466,0.0023829634552734696,1.0,1.0,240,1.1170429634552734,1.1122770365447265,TARGET,1,2022.02.24 17:00:00,1,1.0,23.829634552734696,False,False,,,TARGET,1.0
SURROUNDING_EXPLORATORY_RELEASE,event_840140001_1646325000_164623,840140001,164623,US,USD,Initial Jobless Claims,Initial Jobless Claims,2022.02.26 00:00:00,19065,0,CALENDAR_TIMEMODE_DATETIME,False,trade_server_time,CALENDAR_UNIT_NONE,0,CALENDAR_MULTIPLIER_THOUSANDS,False,,,,1646325000,2022.03.03 16:30:00,215,232,233,-17,Short,True,,1646326800,2022.03.03 17:00:00,1800,1.10791,0.0018193989403417256,1.0,1.0,240,1.1097293989403416,1.1060906010596583,TARGET,1,2022.03.03 17:00:00,1,1.0,18.193989403417255,False,False,,,TARGET,1.0
SURROUNDING_EXPLORATORY_RELEASE,event_840140001_1646929800_164624,840140001,164624,US,USD,Initial Jobless Claims,Initial Jobless Claims,2022.03.05 00:00:00,19066,0,CALENDAR_TIMEMODE_DATETIME,False,trade_server_time,CALENDAR_UNIT_NONE,0,CALENDAR_MULTIPLIER_THOUSANDS,False,,,,1646929800,2022.03.10 16:30:00,227,215,216,12,Long,True,,1646931600,2022.03.10 17:00:00,1800,1.1016,0.002990175851266155,1.0,1.0,240,1.0986098241487336,1.1045901758512662,STOP,1,2022.03.10 17:00:00,1,-1.0,-29.901758512661548,False,False,,,STOP,-1.0
SURROUNDING_EXPLORATORY_RELEASE,event_840030001_1647358200_156393,840030001,156393,US,USD,PPI m/m,PPI m/m,2022.02.01 00:00:00,6160,0,CALENDAR_TIMEMODE_DATETIME,False,trade_server_time,CALENDAR_UNIT_PERCENT,1,CALENDAR_MULTIPLIER_NONE,False,,,,1647358200,2022.03.15 15:30:00,0.8,1.0,1.2,-0.2,Long,True,,1647360000,2022.03.15 16:00:00,1800,1.09969,0.001988692559425766,1.0,1.0,240,1.0977013074405744,1.1016786925594257,STOP,1,2022.03.15 16:00:00,1,-1.0,-19.886925594257658,False,False,,,STOP,-1.0
SURROUNDING_EXPLORATORY_RELEASE,event_840020010_1647444600_156006,840020010,156006,US,USD,Retail Sales m/m,Retail Sales m/m,2022.02.01 00:00:00,3361,0,CALENDAR_TIMEMODE_DATETIME,False,trade_server_time,CALENDAR_UNIT_PERCENT,1,CALENDAR_MULTIPLIER_NONE,False,,,,1647444600,2022.03.16 15:30:00,0.3,3.8,4.9,-3.5,Long,True,,1647446400,2022.03.16 16:00:00,1800,1.09998,0.0020611025591897357,1.0,1.0,240,1.0979188974408103,1.1020411025591896,TARGET,1,2022.03.16 16:00:00,1,1.0,20.611025591897356,False,False,,,TARGET,1.0
SURROUNDING_EXPLORATORY_RELEASE,event_840140001_1647531000_164625,840140001,164625,US,USD,Initial Jobless Claims,Initial Jobless Claims,2022.03.12 00:00:00,19067,0,CALENDAR_TIMEMODE_DATETIME,False,trade_server_time,CALENDAR_UNIT_NONE,0,CALENDAR_MULTIPLIER_THOUSANDS,False,,,,1647531000,2022.03.17 15:30:00,214,227,229,-13,Short,True,,1647532800,2022.03.17 16:00:00,1800,1.10697,0.0020629028065512534,1.0,1.0,240,1.1090329028065513,1.1049070971934487,STOP,1,2022.03.17 16:00:00,1,-1.0,-20.629028065512532,False,False,,,STOP,-1.0
SURROUNDING_EXPLORATORY_RELEASE,event_840140001_1648135800_164626,840140001,164626,US,USD,Initial Jobless Claims,Initial Jobless Claims,2022.03.19 00:00:00,19068,0,CALENDAR_TIMEMODE_DATETIME,False,trade_server_time,CALENDAR_UNIT_NONE,0,CALENDAR_MULTIPLIER_THOUSANDS,False,,,,1648135800,2022.03.24 15:30:00,187,214,215,-27,Short,True,,1648137600,2022.03.24 16:00:00,1800,1.09732,0.00152544308254534,1.0,1.0,240,1.0988454430825454,1.0957945569174548,STOP,1,2022.03.24 16:00:00,1,-1.0,-15.2544308254534,False,False,,,STOP,-1.0
SURROUNDING_EXPLORATORY_RELEASE,event_840140001_1648740600_164627,840140001,164627,US,USD,Initial Jobless Claims,Initial Jobless Claims,2022.03.26 00:00:00,19069,0,CALENDAR_TIMEMODE_DATETIME,False,trade_server_time,CALENDAR_UNIT_NONE,0,CALENDAR_MULTIPLIER_THOUSANDS,False,,,,1648740600,2022.03.31 15:30:00,202,187,188,15,Long,True,,1648742400,2022.03.31 16:00:00,1800,1.1102,0.0018299800254702539,1.0,1.0,240,1.1083700199745299,1.1120299800254703,STOP,1,2022.03.31 16:00:00,1,-1.0,-18.29980025470254,False,False,,,STOP,-1.0
SURROUNDING_EXPLORATORY_RELEASE,event_840140001_1649345400_165539,840140001,165539,US,USD,Initial Jobless Claims,Initial Jobless Claims,2022.04.02 00:00:00,19070,0,CALENDAR_TIMEMODE_DATETIME,False,trade_server_time,CALENDAR_UNIT_NONE,0,CALENDAR_MULTIPLIER_THOUSANDS,False,,,,1649345400,2022.04.07 15:30:00,166,202,171,-36,Short,True,,1649347200,2022.04.07 16:00:00,1800,1.09132,0.0016975912985573026,1.0,1.0,240,1.0930175912985574,1.0896224087014428,STOP,1,2022.04.07 16:00:00,1,-1.0,-16.975912985573025,False,False,,,STOP,-1.0
SURROUNDING_EXPLORATORY_RELEASE,event_840030001_1649863800_156394,840030001,156394,US,USD,PPI m/m,PPI m/m,2022.03.01 00:00:00,6161,0,CALENDAR_TIMEMODE_DATETIME,False,trade_server_time,CALENDAR_UNIT_PERCENT,1,CALENDAR_MULTIPLIER_NONE,False,,,,1649863800,2022.04.13 15:30:00,1.4,0.8,0.9,0.6,Short,True,,1649865600,2022.04.13 16:00:00,1800,1.08178,0.0014925404828234708,1.0,1.0,240,1.0832725404828234,1.0802874595171765,STOP,2,2022.04.13 17:00:00,2,-1.0,-14.925404828234706,False,False,,,STOP,-1.0
SURROUNDING_EXPLORATORY_RELEASE,event_840020010_1649950200_156007,840020010,156007,US,USD,Retail Sales m/m,Retail Sales m/m,2022.03.01 00:00:00,3362,0,CALENDAR_TIMEMODE_DATETIME,False,trade_server_time,CALENDAR_UNIT_PERCENT,1,CALENDAR_MULTIPLIER_NONE,False,,,,1649950200,2022.04.14 15:30:00,0.5,0.3,0.8,0.2,Short,True,,1649952000,2022.04.14 16:00:00,1800,1.08471,0.001659293442857487,1.0,1.0,240,1.0863692934428575,1.0830507065571426,TARGET,1,2022.04.14 16:00:00,1,1.0,16.59293442857487,False,False,,,TARGET,1.0
SURROUNDING_EXPLORATORY_RELEASE,event_840140001_1649950200_165540,840140001,165540,US,USD,Initial Jobless Claims,Initial Jobless Claims,2022.04.09 00:00:00,19071,0,CALENDAR_TIMEMODE_DATETIME,False,trade_server_time,CALENDAR_UNIT_NONE,0,CALENDAR_MULTIPLIER_THOUSANDS,False,,,,1649950200,2022.04.14 15:30:00,185,166,167,19,Long,True,,1649952000,2022.04.14 16:00:00,1800,1.08471,0.001659293442857487,1.0,1.0,240,1.0830507065571426,1.0863692934428575,STOP,1,2022.04.14 16:00:00,1,-1.0,-16.59293442857487,False,False,,,STOP,-1.0
SURROUNDING_EXPLORATORY_RELEASE,event_840140001_1650555000_165541,840140001,165541,US,USD,Initial Jobless Claims,Initial Jobless Claims,2022.04.16 00:00:00,19072,0,CALENDAR_TIMEMODE_DATETIME,False,trade_server_time,CALENDAR_UNIT_NONE,0,CALENDAR_MULTIPLIER_THOUSANDS,False,,,,1650555000,2022.04.21 15:30:00,184,185,186,-1,Short,True,,1650556800,2022.04.21 16:00:00,1800,1.08907,0.001973829429682418,1.0,1.0,240,1.0910438294296825,1.0870961705703175,TARGET,1,2022.04.21 16:00:00,1,1.0,19.73829429682418,False,False,,,TARGET,1.0
SURROUNDING_EXPLORATORY_RELEASE,event_840140001_1651159800_165542,840140001,165542,US,USD,Initial Jobless Claims,Initial Jobless Claims,2022.04.23 00:00:00,19073,0,CALENDAR_TIMEMODE_DATETIME,False,trade_server_time,CALENDAR_UNIT_NONE,0,CALENDAR_MULTIPLIER_THOUSANDS,False,,,,1651159800,2022.04.28 15:30:00,180,184,185,-4,Short,True,,1651161600,2022.04.28 16:00:00,1800,1.04856,0.0024986125097606576,1.0,1.0,240,1.0510586125097605,1.0460613874902394,STOP,1,2022.04.28 16:00:00,1,-1.0,-24.986125097606575,False,False,,,STOP,-1.0
SURROUNDING_EXPLORATORY_RELEASE,event_840140001_1651764600_166653,840140001,166653,US,USD,Initial Jobless Claims,Initial Jobless Claims,2022.04.30 00:00:00,19074,0,CALENDAR_TIMEMODE_DATETIME,False,trade_server_time,CALENDAR_UNIT_NONE,0,CALENDAR_MULTIPLIER_THOUSANDS,False,,,,1651764600,2022.05.05 15:30:00,200,180,181,20,Long,True,,1651766400,2022.05.05 16:00:00,1800,1.05532,0.0023309430126966157,1.0,1.0,240,1.0529890569873035,1.0576509430126966,STOP,2,2022.05.05 17:00:00,2,-1.0,-23.309430126966156,False,False,,,STOP,-1.0
SURROUNDING_EXPLORATORY_RELEASE,event_840030001_1652369400_156395,840030001,156395,US,USD,PPI m/m,PPI m/m,2022.04.01 00:00:00,6162,0,CALENDAR_TIMEMODE_DATETIME,False,trade_server_time,CALENDAR_UNIT_PERCENT,1,CALENDAR_MULTIPLIER_NONE,False,,,,1652369400,2022.05.12 15:30:00,0.5,1.4,1.6,-0.9,Long,True,,1652371200,2022.05.12 16:00:00,1800,1.04144,0.0022678286020757785,1.0,1.0,240,1.039172171397924,1.0437078286020758,STOP,2,2022.05.12 17:00:00,2,-1.0,-22.678286020757785,False,False,,,STOP,-1.0
SURROUNDING_EXPLORATORY_RELEASE,event_840140001_1652369400_166654,840140001,166654,US,USD,Initial Jobless Claims,Initial Jobless Claims,2022.05.07 00:00:00,19075,0,CALENDAR_TIMEMODE_DATETIME,False,trade_server_time,CALENDAR_UNIT_NONE,0,CALENDAR_MULTIPLIER_THOUSANDS,False,,,,1652369400,2022.05.12 15:30:00,203,200,202,3,Long,True,,1652371200,2022.05.12 16:00:00,1800,1.04144,0.0022678286020757785,1.0,1.0,240,1.039172171397924,1.0437078286020758,STOP,2,2022.05.12 17:00:00,2,-1.0,-22.678286020757785,False,False,,,STOP,-1.0
SURROUNDING_EXPLORATORY_RELEASE,event_840020010_1652801400_156008,840020010,156008,US,USD,Retail Sales m/m,Retail Sales m/m,2022.04.01 00:00:00,3363,0,CALENDAR_TIMEMODE_DATETIME,False,trade_server_time,CALENDAR_UNIT_PERCENT,1,CALENDAR_MULTIPLIER_NONE,False,,,,1652801400,2022.05.17 15:30:00,0.9,0.5,1.4,0.4,Short,True,,1652803200,2022.05.17 16:00:00,1800,1.05426,0.00210180687375024,1.0,1.0,240,1.0563618068737501,1.0521581931262498,TARGET,6,2022.05.17 21:00:00,6,1.0,21.0180687375024,False,False,,,TARGET,1.0
SURROUNDING_EXPLORATORY_RELEASE,event_840140001_1652974200_166655,840140001,166655,US,USD,Initial Jobless Claims,Initial Jobless Claims,2022.05.14 00:00:00,19076,0,CALENDAR_TIMEMODE_DATETIME,False,trade_server_time,CALENDAR_UNIT_NONE,0,CALENDAR_MULTIPLIER_THOUSANDS,False,,,,1652974200,2022.05.19 15:30:00,218,203,197,15,Long,True,,1652976000,2022.05.19 16:00:00,1800,1.05374,0.0019148473706350185,1.0,1.0,240,1.051825152629365,1.0556548473706349,TARGET,1,2022.05.19 16:00:00,1,1.0,19.148473706350185,False,False,,,TARGET,1.0
SURROUNDING_EXPLORATORY_RELEASE,event_840140001_1654183800_167361,840140001,167361,US,USD,Initial Jobless Claims,Initial Jobless Claims,2022.05.28 00:00:00,19078,0,CALENDAR_TIMEMODE_DATETIME,False,trade_server_time,CALENDAR_UNIT_NONE,0,CALENDAR_MULTIPLIER_THOUSANDS,False,,,,1654183800,2022.06.02 15:30:00,200,210,211,-10,Short,True,,1654185600,2022.06.02 16:00:00,1800,1.07027,0.0014157652340778175,1.0,1.0,240,1.0716857652340779,1.0688542347659222,STOP,2,2022.06.02 17:00:00,2,-1.0,-14.157652340778174,False,False,,,STOP,-1.0
SURROUNDING_EXPLORATORY_RELEASE,event_840140001_1654788600_167362,840140001,167362,US,USD,Initial Jobless Claims,Initial Jobless Claims,2022.06.04 00:00:00,19079,0,CALENDAR_TIMEMODE_DATETIME,False,trade_server_time,CALENDAR_UNIT_NONE,0,CALENDAR_MULTIPLIER_THOUSANDS,False,,,,1654788600,2022.06.09 15:30:00,229,200,202,29,Long,True,,1654790400,2022.06.09 16:00:00,1800,1.0734,0.001565193075384806,1.0,1.0,240,1.071834806924615,1.0749651930753847,STOP,1,2022.06.09 16:00:00,1,-1.0,-15.651930753848058,False,False,,,STOP,-1.0
SURROUNDING_EXPLORATORY_RELEASE,event_840030001_1655220600_156396,840030001,156396,US,USD,PPI m/m,PPI m/m,2022.05.01 00:00:00,6163,0,CALENDAR_TIMEMODE_DATETIME,False,trade_server_time,CALENDAR_UNIT_PERCENT,1,CALENDAR_MULTIPLIER_NONE,False,,,,1655220600,2022.06.14 15:30:00,0.8,0.5,0.4,0.3,Short,True,,1655222400,2022.06.14 16:00:00,1800,1.04483,0.002161518377390002,1.0,1.0,240,1.04699151837739,1.04266848162261,TARGET,2,2022.06.14 17:00:00,2,1.0,21.615183773900018,False,False,,,TARGET,1.0
SURROUNDING_EXPLORATORY_RELEASE,event_840020010_1655307000_156009,840020010,156009,US,USD,Retail Sales m/m,Retail Sales m/m,2022.05.01 00:00:00,3364,0,CALENDAR_TIMEMODE_DATETIME,False,trade_server_time,CALENDAR_UNIT_PERCENT,1,CALENDAR_MULTIPLIER_NONE,False,,,,1655307000,2022.06.15 15:30:00,-0.3,0.9,0.7,-1.2,Long,True,,1655308800,2022.06.15 16:00:00,1800,1.04144,0.0024897704946668557,1.0,1.0,240,1.038950229505333,1.0439297704946668,STOP,3,2022.06.15 18:00:00,3,-1.0,-24.897704946668558,False,False,,,STOP,-1.0
SURROUNDING_EXPLORATORY_RELEASE,event_840140001_1655393400_167363,840140001,167363,US,USD,Initial Jobless Claims,Initial Jobless Claims,2022.06.11 00:00:00,19080,0,CALENDAR_TIMEMODE_DATETIME,False,trade_server_time,CALENDAR_UNIT_NONE,0,CALENDAR_MULTIPLIER_THOUSANDS,False,,,,1655393400,2022.06.16 15:30:00,229,229,232,0,Flat,False,FLAT_DIRECTION,,,,,,,,,,,,,,,,,,,,,,
SURROUNDING_EXPLORATORY_RELEASE,event_840140001_1655998200_167364,840140001,167364,US,USD,Initial Jobless Claims,Initial Jobless Claims,2022.06.18 00:00:00,19081,0,CALENDAR_TIMEMODE_DATETIME,False,trade_server_time,CALENDAR_UNIT_NONE,0,CALENDAR_MULTIPLIER_THOUSANDS,False,,,,1655998200,2022.06.23 15:30:00,229,229,231,0,Flat,False,FLAT_DIRECTION,,,,,,,,,,,,,,,,,,,,,,
SURROUNDING_EXPLORATORY_RELEASE,event_840140001_1656603000_167365,840140001,167365,US,USD,Initial Jobless Claims,Initial Jobless Claims,2022.06.25 00:00:00,19082,0,CALENDAR_TIMEMODE_DATETIME,False,trade_server_time,CALENDAR_UNIT_NONE,0,CALENDAR_MULTIPLIER_THOUSANDS,False,,,,1656603000,2022.06.30 15:30:00,231,229,233,2,Long,True,,1656604800,2022.06.30 16:00:00,1800,1.03974,0.0018614160341385861,1.0,1.0,240,1.0378785839658615,1.0416014160341387,TARGET,1,2022.06.30 16:00:00,1,1.0,18.614160341385862,False,False,,,TARGET,1.0
SURROUNDING_EXPLORATORY_RELEASE,event_840140001_1657207800_168159,840140001,168159,US,USD,Initial Jobless Claims,Initial Jobless Claims,2022.07.02 00:00:00,19083,0,CALENDAR_TIMEMODE_DATETIME,False,trade_server_time,CALENDAR_UNIT_NONE,0,CALENDAR_MULTIPLIER_THOUSANDS,False,,,,1657207800,2022.07.07 15:30:00,235,231,,4,Long,True,,1657209600,2022.07.07 16:00:00,1800,1.01699,0.001980212249176468,1.0,1.0,240,1.0150097877508235,1.0189702122491766,TARGET,1,2022.07.07 16:00:00,1,1.0,19.802122491764678,False,False,,,TARGET,1.0
SURROUNDING_EXPLORATORY_RELEASE,event_840030001_1657812600_156397,840030001,156397,US,USD,PPI m/m,PPI m/m,2022.06.01 00:00:00,6164,0,CALENDAR_TIMEMODE_DATETIME,False,trade_server_time,CALENDAR_UNIT_PERCENT,1,CALENDAR_MULTIPLIER_NONE,False,,,,1657812600,2022.07.14 15:30:00,1.1,0.8,0.9,0.3,Short,True,,1657814400,2022.07.14 16:00:00,1800,1.00018,0.0023302735966229003,1.0,1.0,240,1.002510273596623,0.9978497264033772,TARGET,1,2022.07.14 16:00:00,1,1.0,23.302735966229,False,False,,,TARGET,1.0
SURROUNDING_EXPLORATORY_RELEASE,event_840140001_1657812600_168160,840140001,168160,US,USD,Initial Jobless Claims,Initial Jobless Claims,2022.07.09 00:00:00,19084,0,CALENDAR_TIMEMODE_DATETIME,False,trade_server_time,CALENDAR_UNIT_NONE,0,CALENDAR_MULTIPLIER_THOUSANDS,False,,,,1657812600,2022.07.14 15:30:00,244,235,,9,Long,True,,1657814400,2022.07.14 16:00:00,1800,1.00018,0.0023302735966229003,1.0,1.0,240,0.9978497264033772,1.002510273596623,STOP,1,2022.07.14 16:00:00,1,-1.0,-23.302735966229,False,False,,,STOP,-1.0
SURROUNDING_EXPLORATORY_RELEASE,event_840020010_1657899000_156010,840020010,156010,US,USD,Retail Sales m/m,Retail Sales m/m,2022.06.01 00:00:00,3365,0,CALENDAR_TIMEMODE_DATETIME,False,trade_server_time,CALENDAR_UNIT_PERCENT,1,CALENDAR_MULTIPLIER_NONE,False,,,,1657899000,2022.07.15 15:30:00,1.0,-0.3,,1.3,Short,True,,1657900800,2022.07.15 16:00:00,1800,1.00721,0.001997584745089289,1.0,1.0,240,1.0092075847450892,1.0052124152549107,TARGET,1,2022.07.15 16:00:00,1,1.0,19.97584745089289,False,False,,,TARGET,1.0
SURROUNDING_EXPLORATORY_RELEASE,event_840140001_1658417400_168161,840140001,168161,US,USD,Initial Jobless Claims,Initial Jobless Claims,2022.07.16 00:00:00,19085,0,CALENDAR_TIMEMODE_DATETIME,False,trade_server_time,CALENDAR_UNIT_NONE,0,CALENDAR_MULTIPLIER_THOUSANDS,False,,,,1658417400,2022.07.21 15:30:00,251,244,,7,Long,True,,1658419200,2022.07.21 16:00:00,1800,1.02647,0.0020592014613057363,1.0,1.0,240,1.0244107985386943,1.0285292014613057,STOP,1,2022.07.21 16:00:00,1,-1.0,-20.592014613057362,False,False,,,STOP,-1.0
SURROUNDING_EXPLORATORY_RELEASE,event_840140001_1659022200_168162,840140001,168162,US,USD,Initial Jobless Claims,Initial Jobless Claims,2022.07.23 00:00:00,19086,0,CALENDAR_TIMEMODE_DATETIME,False,trade_server_time,CALENDAR_UNIT_NONE,0,CALENDAR_MULTIPLIER_THOUSANDS,False,,,,1659022200,2022.07.28 15:30:00,256,251,261,5,Long,True,,1659024000,2022.07.28 16:00:00,1800,1.01633,0.0027265216701883705,1.0,1.0,240,1.0136034783298116,1.0190565216701883,STOP,1,2022.07.28 16:00:00,1,-1.0,-27.265216701883702,False,False,,,STOP,-1.0
SURROUNDING_EXPLORATORY_RELEASE,event_840140001_1659627000_168883,840140001,168883,US,USD,Initial Jobless Claims,Initial Jobless Claims,2022.07.30 00:00:00,19087,0,CALENDAR_TIMEMODE_DATETIME,False,trade_server_time,CALENDAR_UNIT_NONE,0,CALENDAR_MULTIPLIER_THOUSANDS,False,,,,1659627000,2022.08.04 15:30:00,260,256,254,4,Long,True,,1659628800,2022.08.04 16:00:00,1800,1.01878,0.0016353351140712424,1.0,1.0,240,1.0171446648859288,1.0204153351140712,TARGET,2,2022.08.04 17:00:00,2,1.0,16.353351140712423,False,False,,,TARGET,1.0
SURROUNDING_EXPLORATORY_RELEASE,event_840030001_1660231800_156398,840030001,156398,US,USD,PPI m/m,PPI m/m,2022.07.01 00:00:00,6165,0,CALENDAR_TIMEMODE_DATETIME,False,trade_server_time,CALENDAR_UNIT_PERCENT,1,CALENDAR_MULTIPLIER_NONE,False,,,,1660231800,2022.08.11 15:30:00,-0.5,1.1,1.0,-1.6,Long,True,,1660233600,2022.08.11 16:00:00,1800,1.03464,0.0017112597209645055,1.0,1.0,240,1.0329287402790355,1.0363512597209645,TARGET,1,2022.08.11 16:00:00,1,1.0,17.112597209645052,False,False,,,TARGET,1.0
SURROUNDING_EXPLORATORY_RELEASE,event_840140001_1660231800_168884,840140001,168884,US,USD,Initial Jobless Claims,Initial Jobless Claims,2022.08.06 00:00:00,19088,0,CALENDAR_TIMEMODE_DATETIME,False,trade_server_time,CALENDAR_UNIT_NONE,0,CALENDAR_MULTIPLIER_THOUSANDS,False,,,,1660231800,2022.08.11 15:30:00,262,260,248,2,Long,True,,1660233600,2022.08.11 16:00:00,1800,1.03464,0.0017112597209645055,1.0,1.0,240,1.0329287402790355,1.0363512597209645,TARGET,1,2022.08.11 16:00:00,1,1.0,17.112597209645052,False,False,,,TARGET,1.0
SURROUNDING_EXPLORATORY_RELEASE,event_840020010_1660750200_156011,840020010,156011,US,USD,Retail Sales m/m,Retail Sales m/m,2022.07.01 00:00:00,3366,0,CALENDAR_TIMEMODE_DATETIME,False,trade_server_time,CALENDAR_UNIT_PERCENT,1,CALENDAR_MULTIPLIER_NONE,False,,,,1660750200,2022.08.17 15:30:00,0.0,1.0,0.8,-1.0,Long,True,,1660752000,2022.08.17 16:00:00,1800,1.01582,0.0015595898476209664,1.0,1.0,240,1.0142604101523789,1.017379589847621,TARGET,2,2022.08.17 17:00:00,2,1.0,15.595898476209664,False,False,,,TARGET,1.0
SURROUNDING_EXPLORATORY_RELEASE,event_840140001_1660836600_168885,840140001,168885,US,USD,Initial Jobless Claims,Initial Jobless Claims,2022.08.13 00:00:00,19089,0,CALENDAR_TIMEMODE_DATETIME,False,trade_server_time,CALENDAR_UNIT_NONE,0,CALENDAR_MULTIPLIER_THOUSANDS,False,,,,1660836600,2022.08.18 15:30:00,250,262,252,-12,Short,True,,1660838400,2022.08.18 16:00:00,1800,1.01696,0.0014712912888970584,1.0,1.0,240,1.018431291288897,1.015488708711103,TARGET,1,2022.08.18 16:00:00,1,1.0,14.712912888970584,False,False,,,TARGET,1.0
SURROUNDING_EXPLORATORY_RELEASE,event_840140001_1662046200_169528,840140001,169528,US,USD,Initial Jobless Claims,Initial Jobless Claims,2022.08.27 00:00:00,19091,0,CALENDAR_TIMEMODE_DATETIME,False,trade_server_time,CALENDAR_UNIT_NONE,0,CALENDAR_MULTIPLIER_THOUSANDS,False,,,,1662046200,2022.09.01 15:30:00,232,243,237,-11,Short,True,,1662048000,2022.09.01 16:00:00,1800,0.99879,0.0019121975197822932,1.0,1.0,240,1.0007021975197823,0.9968778024802176,TARGET,2,2022.09.01 17:00:00,2,1.0,19.12197519782293,False,False,,,TARGET,1.0
SURROUNDING_EXPLORATORY_RELEASE,event_840140001_1662651000_169529,840140001,169529,US,USD,Initial Jobless Claims,Initial Jobless Claims,2022.09.03 00:00:00,19092,0,CALENDAR_TIMEMODE_DATETIME,False,trade_server_time,CALENDAR_UNIT_NONE,0,CALENDAR_MULTIPLIER_THOUSANDS,False,,,,1662651000,2022.09.08 15:30:00,222,232,228,-10,Short,True,,1662652800,2022.09.08 16:00:00,1800,0.99996,0.0017840060179541255,1.0,1.0,240,1.001744006017954,0.9981759939820458,TARGET,1,2022.09.08 16:00:00,1,1.0,17.840060179541254,False,False,,,TARGET,1.0
SURROUNDING_EXPLORATORY_RELEASE,event_840030001_1663169400_156399,840030001,156399,US,USD,PPI m/m,PPI m/m,2022.08.01 00:00:00,6166,0,CALENDAR_TIMEMODE_DATETIME,False,trade_server_time,CALENDAR_UNIT_PERCENT,1,CALENDAR_MULTIPLIER_NONE,False,,,,1663169400,2022.09.14 15:30:00,-0.1,-0.5,-0.4,0.4,Short,True,,1663171200,2022.09.14 16:00:00,1800,0.99974,0.0021712335970044037,1.0,1.0,240,1.0019112335970044,0.9975687664029955,TARGET,2,2022.09.14 17:00:00,2,1.0,21.712335970044034,False,False,,,TARGET,1.0
SURROUNDING_EXPLORATORY_RELEASE,event_840020010_1663255800_156012,840020010,156012,US,USD,Retail Sales m/m,Retail Sales m/m,2022.08.01 00:00:00,3367,0,CALENDAR_TIMEMODE_DATETIME,False,trade_server_time,CALENDAR_UNIT_PERCENT,1,CALENDAR_MULTIPLIER_NONE,False,,,,1663255800,2022.09.15 15:30:00,0.3,0.0,-0.4,0.3,Short,True,,1663257600,2022.09.15 16:00:00,1800,1.00075,0.0016395994162319081,1.0,1.0,240,1.002389599416232,0.9991104005837681,TARGET,1,2022.09.15 16:00:00,1,1.0,16.39599416231908,False,False,,,TARGET,1.0
SURROUNDING_EXPLORATORY_RELEASE,event_840140001_1663255800_169530,840140001,169530,US,USD,Initial Jobless Claims,Initial Jobless Claims,2022.09.10 00:00:00,19093,0,CALENDAR_TIMEMODE_DATETIME,False,trade_server_time,CALENDAR_UNIT_NONE,0,CALENDAR_MULTIPLIER_THOUSANDS,False,,,,1663255800,2022.09.15 15:30:00,213,222,218,-9,Short,True,,1663257600,2022.09.15 16:00:00,1800,1.00075,0.0016395994162319081,1.0,1.0,240,1.002389599416232,0.9991104005837681,TARGET,1,2022.09.15 16:00:00,1,1.0,16.39599416231908,False,False,,,TARGET,1.0
SURROUNDING_EXPLORATORY_RELEASE,event_840140001_1663860600_169531,840140001,169531,US,USD,Initial Jobless Claims,Initial Jobless Claims,2022.09.17 00:00:00,19094,0,CALENDAR_TIMEMODE_DATETIME,False,trade_server_time,CALENDAR_UNIT_NONE,0,CALENDAR_MULTIPLIER_THOUSANDS,False,,,,1663860600,2022.09.22 15:30:00,213,213,208,0,Flat,False,FLAT_DIRECTION,,,,,,,,,,,,,,,,,,,,,,
SURROUNDING_EXPLORATORY_RELEASE,event_840140001_1665070200_170424,840140001,170424,US,USD,Initial Jobless Claims,Initial Jobless Claims,2022.10.01 00:00:00,19096,0,CALENDAR_TIMEMODE_DATETIME,False,trade_server_time,CALENDAR_UNIT_NONE,0,CALENDAR_MULTIPLIER_THOUSANDS,False,,,,1665070200,2022.10.06 15:30:00,219,193,190,26,Long,True,,1665072000,2022.10.06 16:00:00,1800,0.9868,0.0021997585659095753,1.0,1.0,240,0.9846002414340904,0.9889997585659096,STOP,1,2022.10.06 16:00:00,1,-1.0,-21.99758565909575,False,False,,,STOP,-1.0
SURROUNDING_EXPLORATORY_RELEASE,event_840030001_1665588600_156400,840030001,156400,US,USD,PPI m/m,PPI m/m,2022.09.01 00:00:00,6167,0,CALENDAR_TIMEMODE_DATETIME,False,trade_server_time,CALENDAR_UNIT_PERCENT,1,CALENDAR_MULTIPLIER_NONE,False,,,,1665588600,2022.10.12 15:30:00,0.4,-0.1,-0.2,0.5,Short,True,,1665590400,2022.10.12 16:00:00,1800,0.97049,0.0020784894135664864,1.0,1.0,240,0.9725684894135664,0.9684115105864335,TARGET,2,2022.10.12 17:00:00,2,1.0,20.784894135664864,False,False,,,TARGET,1.0
SURROUNDING_EXPLORATORY_RELEASE,event_840140001_1665675000_170425,840140001,170425,US,USD,Initial Jobless Claims,Initial Jobless Claims,2022.10.08 00:00:00,19097,0,CALENDAR_TIMEMODE_DATETIME,False,trade_server_time,CALENDAR_UNIT_NONE,0,CALENDAR_MULTIPLIER_THOUSANDS,False,,,,1665675000,2022.10.13 15:30:00,228,219,,9,Long,True,,1665676800,2022.10.13 16:00:00,1800,0.96672,0.0018621677638085807,1.0,1.0,240,0.9648578322361915,0.9685821677638086,STOP,1,2022.10.13 16:00:00,1,-1.0,-18.621677638085806,True,False,,,TARGET,1.0
SURROUNDING_EXPLORATORY_RELEASE,event_840020010_1665761400_156013,840020010,156013,US,USD,Retail Sales m/m,Retail Sales m/m,2022.09.01 00:00:00,3368,0,CALENDAR_TIMEMODE_DATETIME,False,trade_server_time,CALENDAR_UNIT_PERCENT,1,CALENDAR_MULTIPLIER_NONE,False,,,,1665761400,2022.10.14 15:30:00,0.0,0.3,0.4,-0.3,Long,True,,1665763200,2022.10.14 16:00:00,1800,0.97729,0.0025412221710161354,1.0,1.0,240,0.9747487778289838,0.9798312221710161,STOP,1,2022.10.14 16:00:00,1,-1.0,-25.412221710161354,True,False,,,TARGET,1.0
SURROUNDING_EXPLORATORY_RELEASE,event_840140001_1666279800_170426,840140001,170426,US,USD,Initial Jobless Claims,Initial Jobless Claims,2022.10.15 00:00:00,19098,0,CALENDAR_TIMEMODE_DATETIME,False,trade_server_time,CALENDAR_UNIT_NONE,0,CALENDAR_MULTIPLIER_THOUSANDS,False,,,,1666279800,2022.10.20 15:30:00,214,228,226,-14,Short,True,,1666281600,2022.10.20 16:00:00,1800,0.98027,0.001793407040383006,1.0,1.0,240,0.982063407040383,0.978476592959617,TARGET,1,2022.10.20 16:00:00,1,1.0,17.93407040383006,False,False,,,TARGET,1.0
SURROUNDING_EXPLORATORY_RELEASE,event_840140001_1666884600_170427,840140001,170427,US,USD,Initial Jobless Claims,Initial Jobless Claims,2022.10.22 00:00:00,19099,0,CALENDAR_TIMEMODE_DATETIME,False,trade_server_time,CALENDAR_UNIT_NONE,0,CALENDAR_MULTIPLIER_THOUSANDS,False,,,,1666884600,2022.10.27 15:30:00,217,214,,3,Long,True,,1666886400,2022.10.27 16:00:00,1800,1.00062,0.0018574830289778356,1.0,1.0,240,0.9987625169710223,1.002477483028978,STOP,1,2022.10.27 16:00:00,1,-1.0,-18.574830289778355,True,False,,,TARGET,1.0
SURROUNDING_EXPLORATORY_RELEASE,event_840140001_1667489400_171422,840140001,171422,US,USD,Initial Jobless Claims,Initial Jobless Claims,2022.10.29 00:00:00,19100,0,CALENDAR_TIMEMODE_DATETIME,False,trade_server_time,CALENDAR_UNIT_NONE,0,CALENDAR_MULTIPLIER_THOUSANDS,False,,,,1667489400,2022.11.03 15:30:00,217,217,218,0,Flat,False,FLAT_DIRECTION,,,,,,,,,,,,,,,,,,,,,,
SURROUNDING_EXPLORATORY_RELEASE,event_840140001_1668097800_171423,840140001,171423,US,USD,Initial Jobless Claims,Initial Jobless Claims,2022.11.05 00:00:00,19101,0,CALENDAR_TIMEMODE_DATETIME,False,trade_server_time,CALENDAR_UNIT_NONE,0,CALENDAR_MULTIPLIER_THOUSANDS,False,,,,1668097800,2022.11.10 16:30:00,225,217,218,8,Long,True,,1668099600,2022.11.10 17:00:00,1800,1.01636,0.0034117644741313755,1.0,1.0,240,1.0129482355258685,1.0197717644741313,STOP,3,2022.11.10 19:00:00,3,-1.0,-34.117644741313754,False,False,,,STOP,-1.0
SURROUNDING_EXPLORATORY_RELEASE,event_840030001_1668529800_156401,840030001,156401,US,USD,PPI m/m,PPI m/m,2022.10.01 00:00:00,6168,0,CALENDAR_TIMEMODE_DATETIME,False,trade_server_time,CALENDAR_UNIT_PERCENT,1,CALENDAR_MULTIPLIER_NONE,False,,,,1668529800,2022.11.15 16:30:00,0.2,0.4,0.2,-0.2,Long,True,,1668531600,2022.11.15 17:00:00,1800,1.04,0.002848042592234733,1.0,1.0,240,1.0371519574077652,1.0428480425922348,STOP,1,2022.11.15 17:00:00,1,-1.0,-28.480425922347326,False,False,,,STOP,-1.0
SURROUNDING_EXPLORATORY_RELEASE,event_840020010_1668616200_156014,840020010,156014,US,USD,Retail Sales m/m,Retail Sales m/m,2022.10.01 00:00:00,3369,0,CALENDAR_TIMEMODE_DATETIME,False,trade_server_time,CALENDAR_UNIT_PERCENT,1,CALENDAR_MULTIPLIER_NONE,False,,,,1668616200,2022.11.16 16:30:00,1.3,0.0,,1.3,Short,True,,1668618000,2022.11.16 17:00:00,1800,1.0388,0.0029993070798959446,1.0,1.0,240,1.0417993070798959,1.035800692920104,TARGET,4,2022.11.16 20:00:00,4,1.0,29.993070798959444,False,False,,,TARGET,1.0
SURROUNDING_EXPLORATORY_RELEASE,event_840140001_1668702600_171424,840140001,171424,US,USD,Initial Jobless Claims,Initial Jobless Claims,2022.11.12 00:00:00,19102,0,CALENDAR_TIMEMODE_DATETIME,False,trade_server_time,CALENDAR_UNIT_NONE,0,CALENDAR_MULTIPLIER_THOUSANDS,False,,,,1668702600,2022.11.17 16:30:00,222,225,226,-3,Short,True,,1668704400,2022.11.17 17:00:00,1800,1.03348,0.0024706617634593702,1.0,1.0,240,1.0359506617634593,1.0310093382365406,STOP,4,2022.11.17 20:00:00,4,-1.0,-24.7066176345937,False,False,,,STOP,-1.0
SURROUNDING_EXPLORATORY_RELEASE,event_840140001_1669221000_171425,840140001,171425,US,USD,Initial Jobless Claims,Initial Jobless Claims,2022.11.19 00:00:00,19103,0,CALENDAR_TIMEMODE_DATETIME,False,trade_server_time,CALENDAR_UNIT_NONE,0,CALENDAR_MULTIPLIER_THOUSANDS,False,,,,1669221000,2022.11.23 16:30:00,240,222,223,18,Long,True,,1669222800,2022.11.23 17:00:00,1800,1.03692,0.0017994175511397456,1.0,1.0,240,1.0351205824488603,1.0387194175511398,STOP,1,2022.11.23 17:00:00,1,-1.0,-17.994175511397454,False,False,,,STOP,-1.0
SURROUNDING_EXPLORATORY_RELEASE,event_840140001_1669912200_173784,840140001,173784,US,USD,Initial Jobless Claims,Initial Jobless Claims,2022.11.26 00:00:00,19104,0,CALENDAR_TIMEMODE_DATETIME,False,trade_server_time,CALENDAR_UNIT_NONE,0,CALENDAR_MULTIPLIER_THOUSANDS,False,,,,1669912200,2022.12.01 16:30:00,225,240,241,-15,Short,True,,1669914000,2022.12.01 17:00:00,1800,1.05223,0.0030714072165010826,1.0,1.0,240,1.055301407216501,1.049158592783499,TARGET,1,2022.12.01 17:00:00,1,1.0,30.714072165010826,False,False,,,TARGET,1.0
SURROUNDING_EXPLORATORY_RELEASE,event_840140001_1670517000_173785,840140001,173785,US,USD,Initial Jobless Claims,Initial Jobless Claims,2022.12.03 00:00:00,19105,0,CALENDAR_TIMEMODE_DATETIME,False,trade_server_time,CALENDAR_UNIT_NONE,0,CALENDAR_MULTIPLIER_THOUSANDS,False,,,,1670517000,2022.12.08 16:30:00,230,225,226,5,Long,True,,1670518800,2022.12.08 17:00:00,1800,1.05385,0.0018614265142940373,1.0,1.0,240,1.051988573485706,1.055711426514294,TARGET,2,2022.12.08 18:00:00,2,1.0,18.614265142940372,False,False,,,TARGET,1.0
SURROUNDING_EXPLORATORY_RELEASE,event_840030001_1670603400_156402,840030001,156402,US,USD,PPI m/m,PPI m/m,2022.11.01 00:00:00,6169,0,CALENDAR_TIMEMODE_DATETIME,False,trade_server_time,CALENDAR_UNIT_PERCENT,1,CALENDAR_MULTIPLIER_NONE,False,,,,1670603400,2022.12.09 16:30:00,0.3,0.2,0.3,0.1,Short,True,,1670605200,2022.12.09 17:00:00,1800,1.05336,0.0018842062759269601,1.0,1.0,240,1.055244206275927,1.051475793724073,STOP,1,2022.12.09 17:00:00,1,-1.0,-18.842062759269602,False,False,,,STOP,-1.0
SURROUNDING_EXPLORATORY_RELEASE,event_840020010_1671121800_156015,840020010,156015,US,USD,Retail Sales m/m,Retail Sales m/m,2022.11.01 00:00:00,3370,0,CALENDAR_TIMEMODE_DATETIME,False,trade_server_time,CALENDAR_UNIT_PERCENT,1,CALENDAR_MULTIPLIER_NONE,False,,,,1671121800,2022.12.15 16:30:00,-0.6,1.3,,-1.9,Long,True,,1671123600,2022.12.15 17:00:00,1800,1.06987,0.0019427039418495207,1.0,1.0,240,1.0679272960581505,1.0718127039418497,STOP,1,2022.12.15 17:00:00,1,-1.0,-19.427039418495205,False,False,,,STOP,-1.0
SURROUNDING_EXPLORATORY_RELEASE,event_840140001_1671121800_173786,840140001,173786,US,USD,Initial Jobless Claims,Initial Jobless Claims,2022.12.10 00:00:00,19106,0,CALENDAR_TIMEMODE_DATETIME,False,trade_server_time,CALENDAR_UNIT_NONE,0,CALENDAR_MULTIPLIER_THOUSANDS,False,,,,1671121800,2022.12.15 16:30:00,211,230,231,-19,Short,True,,1671123600,2022.12.15 17:00:00,1800,1.06987,0.0019427039418495207,1.0,1.0,240,1.0718127039418497,1.0679272960581505,TARGET,1,2022.12.15 17:00:00,1,1.0,19.427039418495205,False,False,,,TARGET,1.0
SURROUNDING_EXPLORATORY_RELEASE,event_840140001_1671726600_173787,840140001,173787,US,USD,Initial Jobless Claims,Initial Jobless Claims,2022.12.17 00:00:00,19107,0,CALENDAR_TIMEMODE_DATETIME,False,trade_server_time,CALENDAR_UNIT_NONE,0,CALENDAR_MULTIPLIER_THOUSANDS,False,,,,1671726600,2022.12.22 16:30:00,216,211,214,5,Long,True,,1671728400,2022.12.22 17:00:00,1800,1.06079,0.0018557352787720639,1.0,1.0,240,1.0589342647212279,1.062645735278772,STOP,2,2022.12.22 18:00:00,2,-1.0,-18.55735278772064,False,False,,,STOP,-1.0
SURROUNDING_EXPLORATORY_RELEASE,event_840140001_1672936200_177898,840140001,177898,US,USD,Initial Jobless Claims,Initial Jobless Claims,2022.12.31 00:00:00,19109,0,CALENDAR_TIMEMODE_DATETIME,False,trade_server_time,CALENDAR_UNIT_NONE,0,CALENDAR_MULTIPLIER_THOUSANDS,False,,,,1672936200,2023.01.05 16:30:00,204,225,223,-21,Short,True,,1672938000,2023.01.05 17:00:00,1800,1.0539,0.0020326742440867278,1.0,1.0,240,1.0559326742440869,1.0518673257559132,STOP,1,2023.01.05 17:00:00,1,-1.0,-20.326742440867278,True,False,,,TARGET,1.0
SURROUNDING_EXPLORATORY_RELEASE,event_840140001_1673541000_177899,840140001,177899,US,USD,Initial Jobless Claims,Initial Jobless Claims,2023.01.07 00:00:00,19110,0,CALENDAR_TIMEMODE_DATETIME,False,trade_server_time,CALENDAR_UNIT_NONE,0,CALENDAR_MULTIPLIER_THOUSANDS,False,,,,1673541000,2023.01.12 16:30:00,205,204,206,1,Long,True,,1673542800,2023.01.12 17:00:00,1800,1.07673,0.0020993257607076063,1.0,1.0,240,1.0746306742392924,1.0788293257607076,TARGET,1,2023.01.12 17:00:00,1,1.0,20.99325760707606,False,False,,,TARGET,1.0
SURROUNDING_EXPLORATORY_RELEASE,event_840020010_1674059400_172590,840020010,172590,US,USD,Retail Sales m/m,Retail Sales m/m,2022.12.01 00:00:00,3371,0,CALENDAR_TIMEMODE_DATETIME,False,trade_server_time,CALENDAR_UNIT_PERCENT,1,CALENDAR_MULTIPLIER_NONE,False,,,,1674059400,2023.01.18 16:30:00,-1.1,-0.6,-1.0,-0.5,Long,True,,1674061200,2023.01.18 17:00:00,1800,1.08634,0.0023444541050289505,1.0,1.0,240,1.083995545894971,1.0886844541050291,STOP,1,2023.01.18 17:00:00,1,-1.0,-23.444541050289505,False,False,,,STOP,-1.0
SURROUNDING_EXPLORATORY_RELEASE,event_840030001_1674059400_171908,840030001,171908,US,USD,PPI m/m,PPI m/m,2022.12.01 00:00:00,6170,0,CALENDAR_TIMEMODE_DATETIME,False,trade_server_time,CALENDAR_UNIT_PERCENT,1,CALENDAR_MULTIPLIER_NONE,False,,,,1674059400,2023.01.18 16:30:00,-0.5,0.3,0.2,-0.8,Long,True,,1674061200,2023.01.18 17:00:00,1800,1.08634,0.0023444541050289505,1.0,1.0,240,1.083995545894971,1.0886844541050291,STOP,1,2023.01.18 17:00:00,1,-1.0,-23.444541050289505,False,False,,,STOP,-1.0
SURROUNDING_EXPLORATORY_RELEASE,event_840140001_1674145800_177900,840140001,177900,US,USD,Initial Jobless Claims,Initial Jobless Claims,2023.01.14 00:00:00,19111,0,CALENDAR_TIMEMODE_DATETIME,False,trade_server_time,CALENDAR_UNIT_NONE,0,CALENDAR_MULTIPLIER_THOUSANDS,False,,,,1674145800,2023.01.19 16:30:00,190,205,,-15,Short,True,,1674147600,2023.01.19 17:00:00,1800,1.081,0.0018863694669609423,1.0,1.0,240,1.0828863694669608,1.079113630533039,TARGET,1,2023.01.19 17:00:00,1,1.0,18.863694669609423,False,False,,,TARGET,1.0
SURROUNDING_EXPLORATORY_RELEASE,event_840140001_1674750600_177901,840140001,177901,US,USD,Initial Jobless Claims,Initial Jobless Claims,2023.01.21 00:00:00,19112,0,CALENDAR_TIMEMODE_DATETIME,False,trade_server_time,CALENDAR_UNIT_NONE,0,CALENDAR_MULTIPLIER_THOUSANDS,False,,,,1674750600,2023.01.26 16:30:00,186,190,192,-4,Short,True,,1674752400,2023.01.26 17:00:00,1800,1.08866,0.001550068586336996,1.0,1.0,240,1.090210068586337,1.087109931413663,TARGET,1,2023.01.26 17:00:00,1,1.0,15.50068586336996,False,False,,,TARGET,1.0
SURROUNDING_EXPLORATORY_RELEASE,event_840140001_1675355400_179149,840140001,179149,US,USD,Initial Jobless Claims,Initial Jobless Claims,2023.01.28 00:00:00,19113,0,CALENDAR_TIMEMODE_DATETIME,False,trade_server_time,CALENDAR_UNIT_NONE,0,CALENDAR_MULTIPLIER_THOUSANDS,False,,,,1675355400,2023.02.02 16:30:00,183,186,,-3,Short,True,,1675357200,2023.02.02 17:00:00,1800,1.0905,0.00210852319881429,1.0,1.0,240,1.0926085231988143,1.0883914768011858,STOP,1,2023.02.02 17:00:00,1,-1.0,-21.085231988142898,False,False,,,STOP,-1.0
SURROUNDING_EXPLORATORY_RELEASE,event_840140001_1675960200_179150,840140001,179150,US,USD,Initial Jobless Claims,Initial Jobless Claims,2023.02.04 00:00:00,19114,0,CALENDAR_TIMEMODE_DATETIME,False,trade_server_time,CALENDAR_UNIT_NONE,0,CALENDAR_MULTIPLIER_THOUSANDS,False,,,,1675960200,2023.02.09 16:30:00,196,183,,13,Long,True,,1675962000,2023.02.09 17:00:00,1800,1.07795,0.001526553876498013,1.0,1.0,240,1.076423446123502,1.0794765538764979,STOP,1,2023.02.09 17:00:00,1,-1.0,-15.265538764980128,False,False,,,STOP,-1.0
SURROUNDING_EXPLORATORY_RELEASE,event_840020010_1676478600_172591,840020010,172591,US,USD,Retail Sales m/m,Retail Sales m/m,2023.01.01 00:00:00,3372,0,CALENDAR_TIMEMODE_DATETIME,False,trade_server_time,CALENDAR_UNIT_PERCENT,1,CALENDAR_MULTIPLIER_NONE,False,,,,1676478600,2023.02.15 16:30:00,3.0,-1.1,,4.1,Short,True,,1676480400,2023.02.15 17:00:00,1800,1.06688,0.0017482271157741145,1.0,1.0,240,1.068628227115774,1.065131772884226,STOP,2,2023.02.15 18:00:00,2,-1.0,-17.482271157741145,False,False,,,STOP,-1.0
SURROUNDING_EXPLORATORY_RELEASE,event_840030001_1676565000_171909,840030001,171909,US,USD,PPI m/m,PPI m/m,2023.01.01 00:00:00,6171,0,CALENDAR_TIMEMODE_DATETIME,False,trade_server_time,CALENDAR_UNIT_PERCENT,1,CALENDAR_MULTIPLIER_NONE,False,,,,1676565000,2023.02.16 16:30:00,0.7,-0.5,-0.2,1.2,Short,True,,1676566800,2023.02.16 17:00:00,1800,1.06623,0.0016083356497812555,1.0,1.0,240,1.0678383356497814,1.0646216643502187,STOP,1,2023.02.16 17:00:00,1,-1.0,-16.083356497812556,False,False,,,STOP,-1.0
SURROUNDING_EXPLORATORY_RELEASE,event_840140001_1676565000_179151,840140001,179151,US,USD,Initial Jobless Claims,Initial Jobless Claims,2023.02.11 00:00:00,19115,0,CALENDAR_TIMEMODE_DATETIME,False,trade_server_time,CALENDAR_UNIT_NONE,0,CALENDAR_MULTIPLIER_THOUSANDS,False,,,,1676565000,2023.02.16 16:30:00,194,196,195,-2,Short,True,,1676566800,2023.02.16 17:00:00,1800,1.06623,0.0016083356497812555,1.0,1.0,240,1.0678383356497814,1.0646216643502187,STOP,1,2023.02.16 17:00:00,1,-1.0,-16.083356497812556,False,False,,,STOP,-1.0
SURROUNDING_EXPLORATORY_RELEASE,event_840140001_1677169800_179152,840140001,179152,US,USD,Initial Jobless Claims,Initial Jobless Claims,2023.02.18 00:00:00,19116,0,CALENDAR_TIMEMODE_DATETIME,False,trade_server_time,CALENDAR_UNIT_NONE,0,CALENDAR_MULTIPLIER_THOUSANDS,False,,,,1677169800,2023.02.23 16:30:00,192,194,195,-2,Short,True,,1677171600,2023.02.23 17:00:00,1800,1.06066,0.0014120522145813568,1.0,1.0,240,1.0620720522145812,1.0592479477854186,TARGET,1,2023.02.23 17:00:00,1,1.0,14.120522145813567,False,False,,,TARGET,1.0
SURROUNDING_EXPLORATORY_RELEASE,event_840140001_1677774600_180717,840140001,180717,US,USD,Initial Jobless Claims,Initial Jobless Claims,2023.02.25 00:00:00,19117,0,CALENDAR_TIMEMODE_DATETIME,False,trade_server_time,CALENDAR_UNIT_NONE,0,CALENDAR_MULTIPLIER_THOUSANDS,False,,,,1677774600,2023.03.02 16:30:00,190,192,,-2,Short,True,,1677776400,2023.03.02 17:00:00,1800,1.05989,0.0016000556331145894,1.0,1.0,240,1.0614900556331146,1.0582899443668854,TARGET,3,2023.03.02 19:00:00,3,1.0,16.000556331145894,False,False,,,TARGET,1.0
SURROUNDING_EXPLORATORY_RELEASE,event_840140001_1678379400_180718,840140001,180718,US,USD,Initial Jobless Claims,Initial Jobless Claims,2023.03.04 00:00:00,19118,0,CALENDAR_TIMEMODE_DATETIME,False,trade_server_time,CALENDAR_UNIT_NONE,0,CALENDAR_MULTIPLIER_THOUSANDS,False,,,,1678379400,2023.03.09 16:30:00,211,190,,21,Long,True,,1678381200,2023.03.09 17:00:00,1800,1.05747,0.0013518712341373232,1.0,1.0,240,1.0561181287658625,1.0588218712341373,TARGET,4,2023.03.09 20:00:00,4,1.0,13.51871234137323,False,False,,,TARGET,1.0
SURROUNDING_EXPLORATORY_RELEASE,event_840020010_1678894200_172592,840020010,172592,US,USD,Retail Sales m/m,Retail Sales m/m,2023.02.01 00:00:00,3373,0,CALENDAR_TIMEMODE_DATETIME,False,trade_server_time,CALENDAR_UNIT_PERCENT,1,CALENDAR_MULTIPLIER_NONE,False,,,,1678894200,2023.03.15 15:30:00,-0.4,3.0,3.2,-3.4,Long,True,,1678896000,2023.03.15 16:00:00,1800,1.05446,0.002540981082207484,1.0,1.0,240,1.0519190189177925,1.0570009810822074,STOP,2,2023.03.15 17:00:00,2,-1.0,-25.409810822074842,False,False,,,STOP,-1.0
SURROUNDING_EXPLORATORY_RELEASE,event_840030001_1678894200_171910,840030001,171910,US,USD,PPI m/m,PPI m/m,2023.02.01 00:00:00,6172,0,CALENDAR_TIMEMODE_DATETIME,False,trade_server_time,CALENDAR_UNIT_PERCENT,1,CALENDAR_MULTIPLIER_NONE,False,,,,1678894200,2023.03.15 15:30:00,-0.1,0.7,0.3,-0.8,Long,True,,1678896000,2023.03.15 16:00:00,1800,1.05446,0.002540981082207484,1.0,1.0,240,1.0519190189177925,1.0570009810822074,STOP,2,2023.03.15 17:00:00,2,-1.0,-25.409810822074842,False,False,,,STOP,-1.0
SURROUNDING_EXPLORATORY_RELEASE,event_840140001_1678980600_180719,840140001,180719,US,USD,Initial Jobless Claims,Initial Jobless Claims,2023.03.11 00:00:00,19119,0,CALENDAR_TIMEMODE_DATETIME,False,trade_server_time,CALENDAR_UNIT_NONE,0,CALENDAR_MULTIPLIER_THOUSANDS,False,,,,1678980600,2023.03.16 15:30:00,192,211,212,-19,Short,True,,1678982400,2023.03.16 16:00:00,1800,1.06064,0.0020747735876176805,1.0,1.0,240,1.0627147735876177,1.0585652264123824,TARGET,1,2023.03.16 16:00:00,1,1.0,20.747735876176804,False,False,,,TARGET,1.0
SURROUNDING_EXPLORATORY_RELEASE,event_840140001_1679585400_180720,840140001,180720,US,USD,Initial Jobless Claims,Initial Jobless Claims,2023.03.18 00:00:00,19120,0,CALENDAR_TIMEMODE_DATETIME,False,trade_server_time,CALENDAR_UNIT_NONE,0,CALENDAR_MULTIPLIER_THOUSANDS,False,,,,1679585400,2023.03.23 15:30:00,191,192,,-1,Short,True,,1679587200,2023.03.23 16:00:00,1800,1.08868,0.001818979696478131,1.0,1.0,240,1.0904989796964781,1.086861020303522,STOP,2,2023.03.23 17:00:00,2,-1.0,-18.18979696478131,False,False,,,STOP,-1.0
SURROUNDING_EXPLORATORY_RELEASE,event_840140001_1680190200_180721,840140001,180721,US,USD,Initial Jobless Claims,Initial Jobless Claims,2023.03.25 00:00:00,19121,0,CALENDAR_TIMEMODE_DATETIME,False,trade_server_time,CALENDAR_UNIT_NONE,0,CALENDAR_MULTIPLIER_THOUSANDS,False,,,,1680190200,2023.03.30 15:30:00,198,191,,7,Long,True,,1680192000,2023.03.30 16:00:00,1800,1.09097,0.0014884479929627421,1.0,1.0,240,1.0894815520070373,1.0924584479929627,TARGET,1,2023.03.30 16:00:00,1,1.0,14.884479929627421,False,False,,,TARGET,1.0
SURROUNDING_EXPLORATORY_RELEASE,event_840140001_1680795000_181702,840140001,181702,US,USD,Initial Jobless Claims,Initial Jobless Claims,2023.04.01 00:00:00,19122,0,CALENDAR_TIMEMODE_DATETIME,False,trade_server_time,CALENDAR_UNIT_NONE,0,CALENDAR_MULTIPLIER_THOUSANDS,False,,,,1680795000,2023.04.06 15:30:00,228,198,246,30,Long,True,,1680796800,2023.04.06 16:00:00,1800,1.08918,0.001296729098201509,1.0,1.0,240,1.0878832709017985,1.0904767290982016,TARGET,2,2023.04.06 17:00:00,2,1.0,12.967290982015088,False,False,,,TARGET,1.0
SURROUNDING_EXPLORATORY_RELEASE,event_840030001_1681399800_171911,840030001,171911,US,USD,PPI m/m,PPI m/m,2023.03.01 00:00:00,6173,0,CALENDAR_TIMEMODE_DATETIME,False,trade_server_time,CALENDAR_UNIT_PERCENT,1,CALENDAR_MULTIPLIER_NONE,False,,,,1681399800,2023.04.13 15:30:00,-0.5,-0.1,0.0,-0.4,Long,True,,1681401600,2023.04.13 16:00:00,1800,1.10484,0.001335283620839452,1.0,1.0,240,1.1035047163791607,1.1061752836208394,TARGET,1,2023.04.13 16:00:00,1,1.0,13.35283620839452,False,False,,,TARGET,1.0
SURROUNDING_EXPLORATORY_RELEASE,event_840140001_1681399800_181703,840140001,181703,US,USD,Initial Jobless Claims,Initial Jobless Claims,2023.04.08 00:00:00,19123,0,CALENDAR_TIMEMODE_DATETIME,False,trade_server_time,CALENDAR_UNIT_NONE,0,CALENDAR_MULTIPLIER_THOUSANDS,False,,,,1681399800,2023.04.13 15:30:00,239,228,,11,Long,True,,1681401600,2023.04.13 16:00:00,1800,1.10484,0.001335283620839452,1.0,1.0,240,1.1035047163791607,1.1061752836208394,TARGET,1,2023.04.13 16:00:00,1,1.0,13.35283620839452,False,False,,,TARGET,1.0
SURROUNDING_EXPLORATORY_RELEASE,event_840020010_1681486200_172593,840020010,172593,US,USD,Retail Sales m/m,Retail Sales m/m,2023.03.01 00:00:00,3374,0,CALENDAR_TIMEMODE_DATETIME,False,trade_server_time,CALENDAR_UNIT_PERCENT,1,CALENDAR_MULTIPLIER_NONE,False,,,,1681486200,2023.04.14 15:30:00,-1.0,-0.4,-0.2,-0.6,Long,True,,1681488000,2023.04.14 16:00:00,1800,1.1034,0.0010917673536544026,1.0,1.0,240,1.1023082326463456,1.1044917673536543,STOP,1,2023.04.14 16:00:00,1,-1.0,-10.917673536544026,False,False,,,STOP,-1.0
SURROUNDING_EXPLORATORY_RELEASE,event_840140001_1682004600_181704,840140001,181704,US,USD,Initial Jobless Claims,Initial Jobless Claims,2023.04.15 00:00:00,19124,0,CALENDAR_TIMEMODE_DATETIME,False,trade_server_time,CALENDAR_UNIT_NONE,0,CALENDAR_MULTIPLIER_THOUSANDS,False,,,,1682004600,2023.04.20 15:30:00,245,239,240,6,Long,True,,1682006400,2023.04.20 16:00:00,1800,1.09772,0.0013448685383781608,1.0,1.0,240,1.096375131461622,1.0990648685383781,STOP,4,2023.04.20 19:00:00,4,-1.0,-13.448685383781607,False,False,,,STOP,-1.0
SURROUNDING_EXPLORATORY_RELEASE,event_840140001_1682609400_181705,840140001,181705,US,USD,Initial Jobless Claims,Initial Jobless Claims,2023.04.22 00:00:00,19125,0,CALENDAR_TIMEMODE_DATETIME,False,trade_server_time,CALENDAR_UNIT_NONE,0,CALENDAR_MULTIPLIER_THOUSANDS,False,,,,1682609400,2023.04.27 15:30:00,230,245,246,-15,Short,True,,1682611200,2023.04.27 16:00:00,1800,1.10127,0.0014568727987438854,1.0,1.0,240,1.1027268727987438,1.0998131272012561,TARGET,1,2023.04.27 16:00:00,1,1.0,14.568727987438853,False,False,,,TARGET,1.0
SURROUNDING_EXPLORATORY_RELEASE,event_840140001_1683214200_182789,840140001,182789,US,USD,Initial Jobless Claims,Initial Jobless Claims,2023.04.29 00:00:00,19126,0,CALENDAR_TIMEMODE_DATETIME,False,trade_server_time,CALENDAR_UNIT_NONE,0,CALENDAR_MULTIPLIER_THOUSANDS,False,,,,1683214200,2023.05.04 15:30:00,242,230,229,12,Long,True,,1683216000,2023.05.04 16:00:00,1800,1.10088,0.0015210656592859367,1.0,1.0,240,1.0993589343407142,1.102401065659286,TARGET,1,2023.05.04 16:00:00,1,1.0,15.210656592859365,False,False,,,TARGET,1.0
SURROUNDING_EXPLORATORY_RELEASE,event_840030001_1683819000_171912,840030001,171912,US,USD,PPI m/m,PPI m/m,2023.04.01 00:00:00,6174,0,CALENDAR_TIMEMODE_DATETIME,False,trade_server_time,CALENDAR_UNIT_PERCENT,1,CALENDAR_MULTIPLIER_NONE,False,,,,1683819000,2023.05.11 15:30:00,0.2,-0.5,-0.4,0.7,Short,True,,1683820800,2023.05.11 16:00:00,1800,1.09324,0.001449712549815537,1.0,1.0,240,1.0946897125498156,1.0917902874501844,TARGET,1,2023.05.11 16:00:00,1,1.0,14.49712549815537,False,False,,,TARGET,1.0
SURROUNDING_EXPLORATORY_RELEASE,event_840140001_1683819000_182790,840140001,182790,US,USD,Initial Jobless Claims,Initial Jobless Claims,2023.05.06 00:00:00,19127,0,CALENDAR_TIMEMODE_DATETIME,False,trade_server_time,CALENDAR_UNIT_NONE,0,CALENDAR_MULTIPLIER_THOUSANDS,False,,,,1683819000,2023.05.11 15:30:00,264,242,,22,Long,True,,1683820800,2023.05.11 16:00:00,1800,1.09324,0.001449712549815537,1.0,1.0,240,1.0917902874501844,1.0946897125498156,STOP,1,2023.05.11 16:00:00,1,-1.0,-14.49712549815537,False,False,,,STOP,-1.0
SURROUNDING_EXPLORATORY_RELEASE,event_840020010_1684251000_172594,840020010,172594,US,USD,Retail Sales m/m,Retail Sales m/m,2023.04.01 00:00:00,3375,0,CALENDAR_TIMEMODE_DATETIME,False,trade_server_time,CALENDAR_UNIT_PERCENT,1,CALENDAR_MULTIPLIER_NONE,False,,,,1684251000,2023.05.16 15:30:00,0.4,-1.0,-0.7,1.4,Short,True,,1684252800,2023.05.16 16:00:00,1800,1.08811,0.0010089768789564367,1.0,1.0,240,1.0891189768789564,1.0871010231210434,TARGET,2,2023.05.16 17:00:00,2,1.0,10.089768789564367,False,False,,,TARGET,1.0
SURROUNDING_EXPLORATORY_RELEASE,event_840140001_1684423800_182791,840140001,182791,US,USD,Initial Jobless Claims,Initial Jobless Claims,2023.05.13 00:00:00,19128,0,CALENDAR_TIMEMODE_DATETIME,False,trade_server_time,CALENDAR_UNIT_NONE,0,CALENDAR_MULTIPLIER_THOUSANDS,False,,,,1684423800,2023.05.18 15:30:00,242,264,,-22,Short,True,,1684425600,2023.05.18 16:00:00,1800,1.07895,0.0010825197084893263,1.0,1.0,240,1.0800325197084895,1.0778674802915107,TARGET,1,2023.05.18 16:00:00,1,1.0,10.825197084893263,False,False,,,TARGET,1.0
SURROUNDING_EXPLORATORY_RELEASE,event_840140001_1685633400_183566,840140001,183566,US,USD,Initial Jobless Claims,Initial Jobless Claims,2023.05.27 00:00:00,19130,0,CALENDAR_TIMEMODE_DATETIME,False,trade_server_time,CALENDAR_UNIT_NONE,0,CALENDAR_MULTIPLIER_THOUSANDS,False,,,,1685633400,2023.06.01 15:30:00,232,229,230,3,Long,True,,1685635200,2023.06.01 16:00:00,1800,1.07077,0.0014478439021452251,1.0,1.0,240,1.0693221560978547,1.0722178439021453,TARGET,1,2023.06.01 16:00:00,1,1.0,14.478439021452251,False,False,,,TARGET,1.0
SURROUNDING_EXPLORATORY_RELEASE,event_840140001_1686238200_183567,840140001,183567,US,USD,Initial Jobless Claims,Initial Jobless Claims,2023.06.03 00:00:00,19131,0,CALENDAR_TIMEMODE_DATETIME,False,trade_server_time,CALENDAR_UNIT_NONE,0,CALENDAR_MULTIPLIER_THOUSANDS,False,,,,1686238200,2023.06.08 15:30:00,261,232,233,29,Long,True,,1686240000,2023.06.08 16:00:00,1800,1.07464,0.001074431655674658,1.0,1.0,240,1.0735655683443255,1.0757144316556746,TARGET,1,2023.06.08 16:00:00,1,1.0,10.74431655674658,False,False,,,TARGET,1.0
SURROUNDING_EXPLORATORY_RELEASE,event_840030001_1686756600_171913,840030001,171913,US,USD,PPI m/m,PPI m/m,2023.05.01 00:00:00,6175,0,CALENDAR_TIMEMODE_DATETIME,False,trade_server_time,CALENDAR_UNIT_PERCENT,1,CALENDAR_MULTIPLIER_NONE,False,,,,1686756600,2023.06.14 15:30:00,-0.3,0.2,,-0.5,Long,True,,1686758400,2023.06.14 16:00:00,1800,1.08307,0.0010931428921737104,1.0,1.0,240,1.0819768571078263,1.0841631428921736,TARGET,1,2023.06.14 16:00:00,1,1.0,10.931428921737103,False,False,,,TARGET,1.0
SURROUNDING_EXPLORATORY_RELEASE,event_840020010_1686843000_172595,840020010,172595,US,USD,Retail Sales m/m,Retail Sales m/m,2023.05.01 00:00:00,3376,0,CALENDAR_TIMEMODE_DATETIME,False,trade_server_time,CALENDAR_UNIT_PERCENT,1,CALENDAR_MULTIPLIER_NONE,False,,,,1686843000,2023.06.15 15:30:00,0.3,0.4,,-0.1,Long,True,,1686844800,2023.06.15 16:00:00,1800,1.08636,0.0014897604444652976,1.0,1.0,240,1.0848702395555347,1.0878497604444652,TARGET,1,2023.06.15 16:00:00,1,1.0,14.897604444652975,False,False,,,TARGET,1.0
SURROUNDING_EXPLORATORY_RELEASE,event_840140001_1686843000_183568,840140001,183568,US,USD,Initial Jobless Claims,Initial Jobless Claims,2023.06.10 00:00:00,19132,0,CALENDAR_TIMEMODE_DATETIME,False,trade_server_time,CALENDAR_UNIT_NONE,0,CALENDAR_MULTIPLIER_THOUSANDS,False,,,,1686843000,2023.06.15 15:30:00,262,261,262,1,Long,True,,1686844800,2023.06.15 16:00:00,1800,1.08636,0.0014897604444652976,1.0,1.0,240,1.0848702395555347,1.0878497604444652,TARGET,1,2023.06.15 16:00:00,1,1.0,14.897604444652975,False,False,,,TARGET,1.0
SURROUNDING_EXPLORATORY_RELEASE,event_840140001_1687447800_183569,840140001,183569,US,USD,Initial Jobless Claims,Initial Jobless Claims,2023.06.17 00:00:00,19133,0,CALENDAR_TIMEMODE_DATETIME,False,trade_server_time,CALENDAR_UNIT_NONE,0,CALENDAR_MULTIPLIER_THOUSANDS,False,,,,1687447800,2023.06.22 15:30:00,264,262,264,2,Long,True,,1687449600,2023.06.22 16:00:00,1800,1.0982,0.00115634924302716,1.0,1.0,240,1.097043650756973,1.0993563492430272,STOP,1,2023.06.22 16:00:00,1,-1.0,-11.563492430271598,False,False,,,STOP,-1.0
SURROUNDING_EXPLORATORY_RELEASE,event_840140001_1688052600_183570,840140001,183570,US,USD,Initial Jobless Claims,Initial Jobless Claims,2023.06.24 00:00:00,19134,0,CALENDAR_TIMEMODE_DATETIME,False,trade_server_time,CALENDAR_UNIT_NONE,0,CALENDAR_MULTIPLIER_THOUSANDS,False,,,,1688052600,2023.06.29 15:30:00,239,264,265,-25,Short,True,,1688054400,2023.06.29 16:00:00,1800,1.08806,0.00117425226439012,1.0,1.0,240,1.08923425226439,1.08688574773561,TARGET,1,2023.06.29 16:00:00,1,1.0,11.7425226439012,False,False,,,TARGET,1.0
SURROUNDING_EXPLORATORY_RELEASE,event_840140001_1688657400_184301,840140001,184301,US,USD,Initial Jobless Claims,Initial Jobless Claims,2023.07.01 00:00:00,19135,0,CALENDAR_TIMEMODE_DATETIME,False,trade_server_time,CALENDAR_UNIT_NONE,0,CALENDAR_MULTIPLIER_THOUSANDS,False,,,,1688657400,2023.07.06 15:30:00,248,239,236,9,Long,True,,1688659200,2023.07.06 16:00:00,1800,1.08734,0.0012991028718048997,1.0,1.0,240,1.0860408971281952,1.0886391028718048,TARGET,1,2023.07.06 16:00:00,1,1.0,12.991028718048996,False,False,,,TARGET,1.0
SURROUNDING_EXPLORATORY_RELEASE,event_840030001_1689262200_171914,840030001,171914,US,USD,PPI m/m,PPI m/m,2023.06.01 00:00:00,6176,0,CALENDAR_TIMEMODE_DATETIME,False,trade_server_time,CALENDAR_UNIT_PERCENT,1,CALENDAR_MULTIPLIER_NONE,False,,,,1689262200,2023.07.13 15:30:00,0.1,-0.3,-0.4,0.4,Short,True,,1689264000,2023.07.13 16:00:00,1800,1.11793,0.00133038753595692,1.0,1.0,240,1.119260387535957,1.1165996124640432,STOP,1,2023.07.13 16:00:00,1,-1.0,-13.3038753595692,False,False,,,STOP,-1.0
SURROUNDING_EXPLORATORY_RELEASE,event_840140001_1689262200_184302,840140001,184302,US,USD,Initial Jobless Claims,Initial Jobless Claims,2023.07.08 00:00:00,19136,0,CALENDAR_TIMEMODE_DATETIME,False,trade_server_time,CALENDAR_UNIT_NONE,0,CALENDAR_MULTIPLIER_THOUSANDS,False,,,,1689262200,2023.07.13 15:30:00,237,248,249,-11,Short,True,,1689264000,2023.07.13 16:00:00,1800,1.11793,0.00133038753595692,1.0,1.0,240,1.119260387535957,1.1165996124640432,STOP,1,2023.07.13 16:00:00,1,-1.0,-13.3038753595692,False,False,,,STOP,-1.0
SURROUNDING_EXPLORATORY_RELEASE,event_840020010_1689694200_172596,840020010,172596,US,USD,Retail Sales m/m,Retail Sales m/m,2023.06.01 00:00:00,3377,0,CALENDAR_TIMEMODE_DATETIME,False,trade_server_time,CALENDAR_UNIT_PERCENT,1,CALENDAR_MULTIPLIER_NONE,False,,,,1689694200,2023.07.18 15:30:00,0.2,0.3,0.5,-0.1,Long,True,,1689696000,2023.07.18 16:00:00,1800,1.12393,0.0013397915843745031,1.0,1.0,240,1.1225902084156256,1.1252697915843746,STOP,1,2023.07.18 16:00:00,1,-1.0,-13.39791584374503,False,False,,,STOP,-1.0
SURROUNDING_EXPLORATORY_RELEASE,event_840140001_1689867000_184303,840140001,184303,US,USD,Initial Jobless Claims,Initial Jobless Claims,2023.07.15 00:00:00,19137,0,CALENDAR_TIMEMODE_DATETIME,False,trade_server_time,CALENDAR_UNIT_NONE,0,CALENDAR_MULTIPLIER_THOUSANDS,False,,,,1689867000,2023.07.20 15:30:00,228,237,,-9,Short,True,,1689868800,2023.07.20 16:00:00,1800,1.11822,0.0012062043253074524,1.0,1.0,240,1.1194262043253074,1.1170137956746926,TARGET,2,2023.07.20 17:00:00,2,1.0,12.062043253074524,False,False,,,TARGET,1.0
SURROUNDING_EXPLORATORY_RELEASE,event_840140001_1691076600_185120,840140001,185120,US,USD,Initial Jobless Claims,Initial Jobless Claims,2023.07.29 00:00:00,19139,0,CALENDAR_TIMEMODE_DATETIME,False,trade_server_time,CALENDAR_UNIT_NONE,0,CALENDAR_MULTIPLIER_THOUSANDS,False,,,,1691076600,2023.08.03 15:30:00,227,221,,6,Long,True,,1691078400,2023.08.03 16:00:00,1800,1.09377,0.001396275106117541,1.0,1.0,240,1.0923737248938823,1.0951662751061175,STOP,1,2023.08.03 16:00:00,1,-1.0,-13.962751061175409,False,False,,,STOP,-1.0
SURROUNDING_EXPLORATORY_RELEASE,event_840140001_1691681400_185121,840140001,185121,US,USD,Initial Jobless Claims,Initial Jobless Claims,2023.08.05 00:00:00,19140,0,CALENDAR_TIMEMODE_DATETIME,False,trade_server_time,CALENDAR_UNIT_NONE,0,CALENDAR_MULTIPLIER_THOUSANDS,False,,,,1691681400,2023.08.10 15:30:00,248,227,,21,Long,True,,1691683200,2023.08.10 16:00:00,1800,1.10415,0.001106979912206612,1.0,1.0,240,1.1030430200877934,1.1052569799122065,STOP,1,2023.08.10 16:00:00,1,-1.0,-11.06979912206612,False,False,,,STOP,-1.0
SURROUNDING_EXPLORATORY_RELEASE,event_840030001_1691767800_171915,840030001,171915,US,USD,PPI m/m,PPI m/m,2023.07.01 00:00:00,6177,0,CALENDAR_TIMEMODE_DATETIME,False,trade_server_time,CALENDAR_UNIT_PERCENT,1,CALENDAR_MULTIPLIER_NONE,False,,,,1691767800,2023.08.11 15:30:00,0.3,0.1,0.0,0.2,Short,True,,1691769600,2023.08.11 16:00:00,1800,1.09679,0.001322933273422289,1.0,1.0,240,1.0981129332734223,1.0954670667265776,TARGET,1,2023.08.11 16:00:00,1,1.0,13.22933273422289,False,False,,,TARGET,1.0
SURROUNDING_EXPLORATORY_RELEASE,event_840020010_1692113400_172597,840020010,172597,US,USD,Retail Sales m/m,Retail Sales m/m,2023.07.01 00:00:00,3378,0,CALENDAR_TIMEMODE_DATETIME,False,trade_server_time,CALENDAR_UNIT_PERCENT,1,CALENDAR_MULTIPLIER_NONE,False,,,,1692113400,2023.08.15 15:30:00,0.7,0.2,0.3,0.5,Short,True,,1692115200,2023.08.15 16:00:00,1800,1.09215,0.001262876070165376,1.0,1.0,240,1.0934128760701654,1.0908871239298346,STOP,1,2023.08.15 16:00:00,1,-1.0,-12.628760701653759,False,False,,,STOP,-1.0
SURROUNDING_EXPLORATORY_RELEASE,event_840140001_1692286200_185122,840140001,185122,US,USD,Initial Jobless Claims,Initial Jobless Claims,2023.08.12 00:00:00,19141,0,CALENDAR_TIMEMODE_DATETIME,False,trade_server_time,CALENDAR_UNIT_NONE,0,CALENDAR_MULTIPLIER_THOUSANDS,False,,,,1692286200,2023.08.17 15:30:00,239,248,250,-9,Short,True,,1692288000,2023.08.17 16:00:00,1800,1.0906,0.001145982844522196,1.0,1.0,240,1.0917459828445222,1.0894540171554778,STOP,1,2023.08.17 16:00:00,1,-1.0,-11.459828445221959,False,False,,,STOP,-1.0
SURROUNDING_EXPLORATORY_RELEASE,event_840140001_1692891000_185123,840140001,185123,US,USD,Initial Jobless Claims,Initial Jobless Claims,2023.08.19 00:00:00,19142,0,CALENDAR_TIMEMODE_DATETIME,False,trade_server_time,CALENDAR_UNIT_NONE,0,CALENDAR_MULTIPLIER_THOUSANDS,False,,,,1692891000,2023.08.24 15:30:00,230,239,240,-9,Short,True,,1692892800,2023.08.24 16:00:00,1800,1.08204,0.0011451446309022066,1.0,1.0,240,1.0831851446309022,1.0808948553690976,STOP,1,2023.08.24 16:00:00,1,-1.0,-11.451446309022066,False,False,,,STOP,-1.0
SURROUNDING_EXPLORATORY_RELEASE,event_840140001_1693495800_185124,840140001,185124,US,USD,Initial Jobless Claims,Initial Jobless Claims,2023.08.26 00:00:00,19143,0,CALENDAR_TIMEMODE_DATETIME,False,trade_server_time,CALENDAR_UNIT_NONE,0,CALENDAR_MULTIPLIER_THOUSANDS,False,,,,1693495800,2023.08.31 15:30:00,228,230,232,-2,Short,True,,1693497600,2023.08.31 16:00:00,1800,1.0874,0.0012232167275851972,1.0,1.0,240,1.088623216727585,1.0861767832724147,TARGET,1,2023.08.31 16:00:00,1,1.0,12.232167275851971,False,False,,,TARGET,1.0
SURROUNDING_EXPLORATORY_RELEASE,event_840140001_1694100600_185777,840140001,185777,US,USD,Initial Jobless Claims,Initial Jobless Claims,2023.09.02 00:00:00,19144,0,CALENDAR_TIMEMODE_DATETIME,False,trade_server_time,CALENDAR_UNIT_NONE,0,CALENDAR_MULTIPLIER_THOUSANDS,False,,,,1694100600,2023.09.07 15:30:00,216,228,229,-12,Short,True,,1694102400,2023.09.07 16:00:00,1800,1.06929,0.0009734499483579683,1.0,1.0,240,1.070263449948358,1.068316550051642,STOP,1,2023.09.07 16:00:00,1,-1.0,-9.734499483579683,False,False,,,STOP,-1.0
SURROUNDING_EXPLORATORY_RELEASE,event_840020010_1694705400_172598,840020010,172598,US,USD,Retail Sales m/m,Retail Sales m/m,2023.08.01 00:00:00,3379,0,CALENDAR_TIMEMODE_DATETIME,False,trade_server_time,CALENDAR_UNIT_PERCENT,1,CALENDAR_MULTIPLIER_NONE,False,,,,1694705400,2023.09.14 15:30:00,0.6,0.7,0.5,-0.1,Long,True,,1694707200,2023.09.14 16:00:00,1800,1.06765,0.0009822473688517435,1.0,1.0,240,1.0666677526311483,1.0686322473688517,STOP,1,2023.09.14 16:00:00,1,-1.0,-9.822473688517436,True,False,,,TARGET,1.0
SURROUNDING_EXPLORATORY_RELEASE,event_840030001_1694705400_171916,840030001,171916,US,USD,PPI m/m,PPI m/m,2023.08.01 00:00:00,6178,0,CALENDAR_TIMEMODE_DATETIME,False,trade_server_time,CALENDAR_UNIT_PERCENT,1,CALENDAR_MULTIPLIER_NONE,False,,,,1694705400,2023.09.14 15:30:00,0.7,0.3,0.4,0.4,Short,True,,1694707200,2023.09.14 16:00:00,1800,1.06765,0.0009822473688517435,1.0,1.0,240,1.0686322473688517,1.0666677526311483,STOP,1,2023.09.14 16:00:00,1,-1.0,-9.822473688517436,True,False,,,TARGET,1.0
SURROUNDING_EXPLORATORY_RELEASE,event_840140001_1694705400_185778,840140001,185778,US,USD,Initial Jobless Claims,Initial Jobless Claims,2023.09.09 00:00:00,19145,0,CALENDAR_TIMEMODE_DATETIME,False,trade_server_time,CALENDAR_UNIT_NONE,0,CALENDAR_MULTIPLIER_THOUSANDS,False,,,,1694705400,2023.09.14 15:30:00,220,216,217,4,Long,True,,1694707200,2023.09.14 16:00:00,1800,1.06765,0.0009822473688517435,1.0,1.0,240,1.0666677526311483,1.0686322473688517,STOP,1,2023.09.14 16:00:00,1,-1.0,-9.822473688517436,True,False,,,TARGET,1.0
SURROUNDING_EXPLORATORY_RELEASE,event_840140001_1695310200_185779,840140001,185779,US,USD,Initial Jobless Claims,Initial Jobless Claims,2023.09.16 00:00:00,19146,0,CALENDAR_TIMEMODE_DATETIME,False,trade_server_time,CALENDAR_UNIT_NONE,0,CALENDAR_MULTIPLIER_THOUSANDS,False,,,,1695310200,2023.09.21 15:30:00,201,220,221,-19,Short,True,,1695312000,2023.09.21 16:00:00,1800,1.06416,0.001421006993776177,1.0,1.0,240,1.0655810069937761,1.0627389930062239,STOP,1,2023.09.21 16:00:00,1,-1.0,-14.21006993776177,False,False,,,STOP,-1.0
SURROUNDING_EXPLORATORY_RELEASE,event_840140001_1696519800_186720,840140001,186720,US,USD,Initial Jobless Claims,Initial Jobless Claims,2023.09.30 00:00:00,19148,0,CALENDAR_TIMEMODE_DATETIME,False,trade_server_time,CALENDAR_UNIT_NONE,0,CALENDAR_MULTIPLIER_THOUSANDS,False,,,,1696519800,2023.10.05 15:30:00,207,204,205,3,Long,True,,1696521600,2023.10.05 16:00:00,1800,1.05143,0.0013282185130153814,1.0,1.0,240,1.0501017814869846,1.0527582185130155,TARGET,1,2023.10.05 16:00:00,1,1.0,13.282185130153813,False,False,,,TARGET,1.0
SURROUNDING_EXPLORATORY_RELEASE,event_840030001_1697038200_171917,840030001,171917,US,USD,PPI m/m,PPI m/m,2023.09.01 00:00:00,6179,0,CALENDAR_TIMEMODE_DATETIME,False,trade_server_time,CALENDAR_UNIT_PERCENT,1,CALENDAR_MULTIPLIER_NONE,False,,,,1697038200,2023.10.11 15:30:00,0.5,0.7,,-0.2,Long,True,,1697040000,2023.10.11 16:00:00,1800,1.0614,0.001273260489699347,1.0,1.0,240,1.0601267395103005,1.0626732604896993,TARGET,1,2023.10.11 16:00:00,1,1.0,12.73260489699347,False,False,,,TARGET,1.0
SURROUNDING_EXPLORATORY_RELEASE,event_840140001_1697124600_186721,840140001,186721,US,USD,Initial Jobless Claims,Initial Jobless Claims,2023.10.07 00:00:00,19149,0,CALENDAR_TIMEMODE_DATETIME,False,trade_server_time,CALENDAR_UNIT_NONE,0,CALENDAR_MULTIPLIER_THOUSANDS,False,,,,1697124600,2023.10.12 15:30:00,209,207,209,2,Long,True,,1697126400,2023.10.12 16:00:00,1800,1.05813,0.0010409765491555727,1.0,1.0,240,1.0570890234508445,1.0591709765491555,STOP,1,2023.10.12 16:00:00,1,-1.0,-10.409765491555726,False,False,,,STOP,-1.0
SURROUNDING_EXPLORATORY_RELEASE,event_840020010_1697556600_172599,840020010,172599,US,USD,Retail Sales m/m,Retail Sales m/m,2023.09.01 00:00:00,3380,0,CALENDAR_TIMEMODE_DATETIME,False,trade_server_time,CALENDAR_UNIT_PERCENT,1,CALENDAR_MULTIPLIER_NONE,False,,,,1697556600,2023.10.17 15:30:00,0.7,0.6,0.8,0.1,Short,True,,1697558400,2023.10.17 16:00:00,1800,1.05469,0.0012208263295676797,1.0,1.0,240,1.0559108263295676,1.0534691736704322,STOP,1,2023.10.17 16:00:00,1,-1.0,-12.208263295676797,False,False,,,STOP,-1.0
SURROUNDING_EXPLORATORY_RELEASE,event_840140001_1697729400_186722,840140001,186722,US,USD,Initial Jobless Claims,Initial Jobless Claims,2023.10.14 00:00:00,19150,0,CALENDAR_TIMEMODE_DATETIME,False,trade_server_time,CALENDAR_UNIT_NONE,0,CALENDAR_MULTIPLIER_THOUSANDS,False,,,,1697729400,2023.10.19 15:30:00,198,209,211,-11,Short,True,,1697731200,2023.10.19 16:00:00,1800,1.05759,0.0010490201497369443,1.0,1.0,240,1.0586390201497369,1.0565409798502632,TARGET,1,2023.10.19 16:00:00,1,1.0,10.490201497369442,False,False,,,TARGET,1.0
SURROUNDING_EXPLORATORY_RELEASE,event_840140001_1698334200_186723,840140001,186723,US,USD,Initial Jobless Claims,Initial Jobless Claims,2023.10.21 00:00:00,19151,0,CALENDAR_TIMEMODE_DATETIME,False,trade_server_time,CALENDAR_UNIT_NONE,0,CALENDAR_MULTIPLIER_THOUSANDS,False,,,,1698334200,2023.10.26 15:30:00,210,198,200,12,Long,True,,1698336000,2023.10.26 16:00:00,1800,1.05586,0.0009861467527824577,1.0,1.0,240,1.0548738532472175,1.0568461467527825,STOP,1,2023.10.26 16:00:00,1,-1.0,-9.861467527824576,False,False,,,STOP,-1.0
SURROUNDING_EXPLORATORY_RELEASE,event_840140001_1698939000_187876,840140001,187876,US,USD,Initial Jobless Claims,Initial Jobless Claims,2023.10.28 00:00:00,19152,0,CALENDAR_TIMEMODE_DATETIME,False,trade_server_time,CALENDAR_UNIT_NONE,0,CALENDAR_MULTIPLIER_THOUSANDS,False,,,,1698939000,2023.11.02 15:30:00,217,210,212,7,Long,True,,1698940800,2023.11.02 16:00:00,1800,1.06474,0.0014698188304074638,1.0,1.0,240,1.0632701811695926,1.0662098188304074,STOP,1,2023.11.02 16:00:00,1,-1.0,-14.698188304074638,False,False,,,STOP,-1.0
SURROUNDING_EXPLORATORY_RELEASE,event_840140001_1699547400_187877,840140001,187877,US,USD,Initial Jobless Claims,Initial Jobless Claims,2023.11.04 00:00:00,19153,0,CALENDAR_TIMEMODE_DATETIME,False,trade_server_time,CALENDAR_UNIT_NONE,0,CALENDAR_MULTIPLIER_THOUSANDS,False,,,,1699547400,2023.11.09 16:30:00,217,217,220,0,Flat,False,FLAT_DIRECTION,,,,,,,,,,,,,,,,,,,,,,
SURROUNDING_EXPLORATORY_RELEASE,event_840020010_1700065800_172600,840020010,172600,US,USD,Retail Sales m/m,Retail Sales m/m,2023.10.01 00:00:00,3381,0,CALENDAR_TIMEMODE_DATETIME,False,trade_server_time,CALENDAR_UNIT_PERCENT,1,CALENDAR_MULTIPLIER_NONE,False,,,,1700065800,2023.11.15 16:30:00,-0.1,0.7,0.9,-0.8,Long,True,,1700067600,2023.11.15 17:00:00,1800,1.08356,0.001510043380718721,1.0,1.0,240,1.0820499566192814,1.0850700433807188,TARGET,1,2023.11.15 17:00:00,1,1.0,15.10043380718721,False,False,,,TARGET,1.0
SURROUNDING_EXPLORATORY_RELEASE,event_840030001_1700065800_171918,840030001,171918,US,USD,PPI m/m,PPI m/m,2023.10.01 00:00:00,6180,0,CALENDAR_TIMEMODE_DATETIME,False,trade_server_time,CALENDAR_UNIT_PERCENT,1,CALENDAR_MULTIPLIER_NONE,False,,,,1700065800,2023.11.15 16:30:00,-0.5,0.5,0.4,-1.0,Long,True,,1700067600,2023.11.15 17:00:00,1800,1.08356,0.001510043380718721,1.0,1.0,240,1.0820499566192814,1.0850700433807188,TARGET,1,2023.11.15 17:00:00,1,1.0,15.10043380718721,False,False,,,TARGET,1.0
SURROUNDING_EXPLORATORY_RELEASE,event_840140001_1700152200_187878,840140001,187878,US,USD,Initial Jobless Claims,Initial Jobless Claims,2023.11.11 00:00:00,19154,0,CALENDAR_TIMEMODE_DATETIME,False,trade_server_time,CALENDAR_UNIT_NONE,0,CALENDAR_MULTIPLIER_THOUSANDS,False,,,,1700152200,2023.11.16 16:30:00,231,217,218,14,Long,True,,1700154000,2023.11.16 17:00:00,1800,1.08758,0.001363004154863687,1.0,1.0,240,1.0862169958451362,1.0889430041548638,TARGET,1,2023.11.16 17:00:00,1,1.0,13.63004154863687,False,False,,,TARGET,1.0
SURROUNDING_EXPLORATORY_RELEASE,event_840140001_1700670600_187879,840140001,187879,US,USD,Initial Jobless Claims,Initial Jobless Claims,2023.11.18 00:00:00,19155,0,CALENDAR_TIMEMODE_DATETIME,False,trade_server_time,CALENDAR_UNIT_NONE,0,CALENDAR_MULTIPLIER_THOUSANDS,False,,,,1700670600,2023.11.22 16:30:00,209,231,233,-22,Short,True,,1700672400,2023.11.22 17:00:00,1800,1.0873,0.0014289763935995347,1.0,1.0,240,1.0887289763935994,1.0858710236064004,TARGET,1,2023.11.22 17:00:00,1,1.0,14.289763935995346,False,False,,,TARGET,1.0
SURROUNDING_EXPLORATORY_RELEASE,event_840140001_1701361800_187880,840140001,187880,US,USD,Initial Jobless Claims,Initial Jobless Claims,2023.11.25 00:00:00,19156,0,CALENDAR_TIMEMODE_DATETIME,False,trade_server_time,CALENDAR_UNIT_NONE,0,CALENDAR_MULTIPLIER_THOUSANDS,False,,,,1701361800,2023.11.30 16:30:00,218,209,211,9,Long,True,,1701363600,2023.11.30 17:00:00,1800,1.09082,0.0017261361058011429,1.0,1.0,240,1.0890938638941987,1.092546136105801,STOP,3,2023.11.30 19:00:00,3,-1.0,-17.261361058011428,False,False,,,STOP,-1.0
SURROUNDING_EXPLORATORY_RELEASE,event_840140001_1701966600_188897,840140001,188897,US,USD,Initial Jobless Claims,Initial Jobless Claims,2023.12.02 00:00:00,19157,0,CALENDAR_TIMEMODE_DATETIME,False,trade_server_time,CALENDAR_UNIT_NONE,0,CALENDAR_MULTIPLIER_THOUSANDS,False,,,,1701966600,2023.12.07 16:30:00,220,218,219,2,Long,True,,1701968400,2023.12.07 17:00:00,1800,1.07698,0.0013527361102761005,1.0,1.0,240,1.075627263889724,1.0783327361102761,TARGET,1,2023.12.07 17:00:00,1,1.0,13.527361102761004,False,False,,,TARGET,1.0
SURROUNDING_EXPLORATORY_RELEASE,event_840030001_1702485000_171919,840030001,171919,US,USD,PPI m/m,PPI m/m,2023.11.01 00:00:00,6181,0,CALENDAR_TIMEMODE_DATETIME,False,trade_server_time,CALENDAR_UNIT_PERCENT,1,CALENDAR_MULTIPLIER_NONE,False,,,,1702485000,2023.12.13 16:30:00,0.0,-0.5,-0.4,0.5,Short,True,,1702486800,2023.12.13 17:00:00,1800,1.07907,0.0010993680079946463,1.0,1.0,240,1.0801693680079947,1.0779706319920053,TARGET,4,2023.12.13 20:00:00,4,1.0,10.993680079946461,False,False,,,TARGET,1.0
SURROUNDING_EXPLORATORY_RELEASE,event_840020010_1702571400_172601,840020010,172601,US,USD,Retail Sales m/m,Retail Sales m/m,2023.11.01 00:00:00,3382,0,CALENDAR_TIMEMODE_DATETIME,False,trade_server_time,CALENDAR_UNIT_PERCENT,1,CALENDAR_MULTIPLIER_NONE,False,,,,1702571400,2023.12.14 16:30:00,0.3,-0.1,-0.2,0.4,Short,True,,1702573200,2023.12.14 17:00:00,1800,1.09906,0.0018435983288101205,1.0,1.0,240,1.10090359832881,1.0972164016711898,TARGET,1,2023.12.14 17:00:00,1,1.0,18.435983288101205,False,False,,,TARGET,1.0
SURROUNDING_EXPLORATORY_RELEASE,event_840140001_1702571400_188898,840140001,188898,US,USD,Initial Jobless Claims,Initial Jobless Claims,2023.12.09 00:00:00,19158,0,CALENDAR_TIMEMODE_DATETIME,False,trade_server_time,CALENDAR_UNIT_NONE,0,CALENDAR_MULTIPLIER_THOUSANDS,False,,,,1702571400,2023.12.14 16:30:00,202,220,221,-18,Short,True,,1702573200,2023.12.14 17:00:00,1800,1.09906,0.0018435983288101205,1.0,1.0,240,1.10090359832881,1.0972164016711898,TARGET,1,2023.12.14 17:00:00,1,1.0,18.435983288101205,False,False,,,TARGET,1.0
SURROUNDING_EXPLORATORY_RELEASE,event_840140001_1703176200_188899,840140001,188899,US,USD,Initial Jobless Claims,Initial Jobless Claims,2023.12.16 00:00:00,19159,0,CALENDAR_TIMEMODE_DATETIME,False,trade_server_time,CALENDAR_UNIT_NONE,0,CALENDAR_MULTIPLIER_THOUSANDS,False,,,,1703176200,2023.12.21 16:30:00,205,202,203,3,Long,True,,1703178000,2023.12.21 17:00:00,1800,1.0992,0.0013445716099419805,1.0,1.0,240,1.097855428390058,1.100544571609942,STOP,1,2023.12.21 17:00:00,1,-1.0,-13.445716099419805,False,False,,,STOP,-1.0
SURROUNDING_EXPLORATORY_RELEASE,event_840140001_1703781000_188900,840140001,188900,US,USD,Initial Jobless Claims,Initial Jobless Claims,2023.12.23 00:00:00,19160,0,CALENDAR_TIMEMODE_DATETIME,False,trade_server_time,CALENDAR_UNIT_NONE,0,CALENDAR_MULTIPLIER_THOUSANDS,False,,,,1703781000,2023.12.28 16:30:00,218,205,206,13,Long,True,,1703782800,2023.12.28 17:00:00,1800,1.11024,0.0014329554200895257,1.0,1.0,240,1.1088070445799103,1.1116729554200895,STOP,2,2023.12.28 18:00:00,2,-1.0,-14.329554200895256,False,False,,,STOP,-1.0
SURROUNDING_EXPLORATORY_RELEASE,event_840140001_1704385800_193318,840140001,193318,US,USD,Initial Jobless Claims,Initial Jobless Claims,2023.12.30 00:00:00,19161,0,CALENDAR_TIMEMODE_DATETIME,False,trade_server_time,CALENDAR_UNIT_NONE,0,CALENDAR_MULTIPLIER_THOUSANDS,False,,,,1704385800,2024.01.04 16:30:00,202,218,220,-16,Short,True,,1704387600,2024.01.04 17:00:00,1800,1.09449,0.0013585060552839948,1.0,1.0,240,1.095848506055284,1.0931314939447159,STOP,1,2024.01.04 17:00:00,1,-1.0,-13.585060552839948,False,False,,,STOP,-1.0
SURROUNDING_EXPLORATORY_RELEASE,event_840140001_1704990600_193319,840140001,193319,US,USD,Initial Jobless Claims,Initial Jobless Claims,2024.01.06 00:00:00,19162,0,CALENDAR_TIMEMODE_DATETIME,False,trade_server_time,CALENDAR_UNIT_NONE,0,CALENDAR_MULTIPLIER_THOUSANDS,False,,,,1704990600,2024.01.11 16:30:00,202,202,203,0,Flat,False,FLAT_DIRECTION,,,,,,,,,,,,,,,,,,,,,,
SURROUNDING_EXPLORATORY_RELEASE,event_840030001_1705077000_191586,840030001,191586,US,USD,PPI m/m,PPI m/m,2023.12.01 00:00:00,6182,0,CALENDAR_TIMEMODE_DATETIME,False,trade_server_time,CALENDAR_UNIT_PERCENT,1,CALENDAR_MULTIPLIER_NONE,False,,,,1705077000,2024.01.12 16:30:00,-0.1,0.0,-0.1,-0.1,Long,True,,1705078800,2024.01.12 17:00:00,1800,1.09752,0.0014694842993360302,1.0,1.0,240,1.096050515700664,1.0989894842993362,STOP,2,2024.01.12 18:00:00,2,-1.0,-14.694842993360302,False,False,,,STOP,-1.0
SURROUNDING_EXPLORATORY_RELEASE,event_840020010_1705509000_195000,840020010,195000,US,USD,Retail Sales m/m,Retail Sales m/m,2023.12.01 00:00:00,3383,0,CALENDAR_TIMEMODE_DATETIME,False,trade_server_time,CALENDAR_UNIT_PERCENT,1,CALENDAR_MULTIPLIER_NONE,False,,,,1705509000,2024.01.17 16:30:00,0.6,0.3,,0.3,Short,True,,1705510800,2024.01.17 17:00:00,1800,1.08485,0.0013613241222274026,1.0,1.0,240,1.0862113241222275,1.0834886758777726,STOP,1,2024.01.17 17:00:00,1,-1.0,-13.613241222274025,False,False,,,STOP,-1.0
SURROUNDING_EXPLORATORY_RELEASE,event_840140001_1705595400_193320,840140001,193320,US,USD,Initial Jobless Claims,Initial Jobless Claims,2024.01.13 00:00:00,19163,0,CALENDAR_TIMEMODE_DATETIME,False,trade_server_time,CALENDAR_UNIT_NONE,0,CALENDAR_MULTIPLIER_THOUSANDS,False,,,,1705595400,2024.01.18 16:30:00,187,202,203,-15,Short,True,,1705597200,2024.01.18 17:00:00,1800,1.08591,0.0013790984252329483,1.0,1.0,240,1.0872890984252328,1.084530901574767,STOP,7,2024.01.18 23:00:00,7,-1.0,-13.790984252329482,False,False,,,STOP,-1.0
SURROUNDING_EXPLORATORY_RELEASE,event_840140001_1706200200_193321,840140001,193321,US,USD,Initial Jobless Claims,Initial Jobless Claims,2024.01.20 00:00:00,19164,0,CALENDAR_TIMEMODE_DATETIME,False,trade_server_time,CALENDAR_UNIT_NONE,0,CALENDAR_MULTIPLIER_THOUSANDS,False,,,,1706200200,2024.01.25 16:30:00,214,187,189,27,Long,True,,1706202000,2024.01.25 17:00:00,1800,1.08599,0.0011858330817208409,1.0,1.0,240,1.084804166918279,1.087175833081721,STOP,1,2024.01.25 17:00:00,1,-1.0,-11.858330817208408,False,False,,,STOP,-1.0
SURROUNDING_EXPLORATORY_RELEASE,event_840140001_1706805000_193708,840140001,193708,US,USD,Initial Jobless Claims,Initial Jobless Claims,2024.01.27 00:00:00,19165,0,CALENDAR_TIMEMODE_DATETIME,False,trade_server_time,CALENDAR_UNIT_NONE,0,CALENDAR_MULTIPLIER_THOUSANDS,False,,,,1706805000,2024.02.01 16:30:00,224,214,215,10,Long,True,,1706806800,2024.02.01 17:00:00,1800,1.08254,0.0014931534744850432,1.0,1.0,240,1.081046846525515,1.0840331534744851,STOP,1,2024.02.01 17:00:00,1,-1.0,-14.931534744850431,False,False,,,STOP,-1.0
SURROUNDING_EXPLORATORY_RELEASE,event_840140001_1707409800_193709,840140001,193709,US,USD,Initial Jobless Claims,Initial Jobless Claims,2024.02.03 00:00:00,19166,0,CALENDAR_TIMEMODE_DATETIME,False,trade_server_time,CALENDAR_UNIT_NONE,0,CALENDAR_MULTIPLIER_THOUSANDS,False,,,,1707409800,2024.02.08 16:30:00,218,224,227,-6,Short,True,,1707411600,2024.02.08 17:00:00,1800,1.07645,0.0010223562820550133,1.0,1.0,240,1.077472356282055,1.0754276437179449,TARGET,1,2024.02.08 17:00:00,1,1.0,10.223562820550132,False,False,,,TARGET,1.0
SURROUNDING_EXPLORATORY_RELEASE,event_840020010_1708014600_195001,840020010,195001,US,USD,Retail Sales m/m,Retail Sales m/m,2024.01.01 00:00:00,3384,0,CALENDAR_TIMEMODE_DATETIME,False,trade_server_time,CALENDAR_UNIT_PERCENT,1,CALENDAR_MULTIPLIER_NONE,False,,,,1708014600,2024.02.15 16:30:00,-0.8,0.6,0.4,-1.4,Long,True,,1708016400,2024.02.15 17:00:00,1800,1.07757,0.0009568901166258393,1.0,1.0,240,1.076613109883374,1.0785268901166258,STOP,1,2024.02.15 17:00:00,1,-1.0,-9.568901166258392,False,False,,,STOP,-1.0
SURROUNDING_EXPLORATORY_RELEASE,event_840140001_1708014600_193710,840140001,193710,US,USD,Initial Jobless Claims,Initial Jobless Claims,2024.02.10 00:00:00,19167,0,CALENDAR_TIMEMODE_DATETIME,False,trade_server_time,CALENDAR_UNIT_NONE,0,CALENDAR_MULTIPLIER_THOUSANDS,False,,,,1708014600,2024.02.15 16:30:00,212,218,220,-6,Short,True,,1708016400,2024.02.15 17:00:00,1800,1.07757,0.0009568901166258393,1.0,1.0,240,1.0785268901166258,1.076613109883374,TARGET,1,2024.02.15 17:00:00,1,1.0,9.568901166258392,False,False,,,TARGET,1.0
SURROUNDING_EXPLORATORY_RELEASE,event_840030001_1708101000_191587,840030001,191587,US,USD,PPI m/m,PPI m/m,2024.01.01 00:00:00,6183,0,CALENDAR_TIMEMODE_DATETIME,False,trade_server_time,CALENDAR_UNIT_PERCENT,1,CALENDAR_MULTIPLIER_NONE,False,,,,1708101000,2024.02.16 16:30:00,0.3,-0.1,,0.4,Short,True,,1708102800,2024.02.16 17:00:00,1800,1.07476,0.0010471531715371357,1.0,1.0,240,1.075807153171537,1.073712846828463,STOP,1,2024.02.16 17:00:00,1,-1.0,-10.471531715371357,False,False,,,STOP,-1.0
SURROUNDING_EXPLORATORY_RELEASE,event_840140001_1708619400_193711,840140001,193711,US,USD,Initial Jobless Claims,Initial Jobless Claims,2024.02.17 00:00:00,19168,0,CALENDAR_TIMEMODE_DATETIME,False,trade_server_time,CALENDAR_UNIT_NONE,0,CALENDAR_MULTIPLIER_THOUSANDS,False,,,,1708619400,2024.02.22 16:30:00,201,212,213,-11,Short,True,,1708621200,2024.02.22 17:00:00,1800,1.08177,0.0012995116178668874,1.0,1.0,240,1.0830695116178668,1.080470488382133,TARGET,1,2024.02.22 17:00:00,1,1.0,12.995116178668873,False,False,,,TARGET,1.0
SURROUNDING_EXPLORATORY_RELEASE,event_840140001_1709224200_193712,840140001,193712,US,USD,Initial Jobless Claims,Initial Jobless Claims,2024.02.24 00:00:00,19169,0,CALENDAR_TIMEMODE_DATETIME,False,trade_server_time,CALENDAR_UNIT_NONE,0,CALENDAR_MULTIPLIER_THOUSANDS,False,,,,1709224200,2024.02.29 16:30:00,215,201,202,14,Long,True,,1709226000,2024.02.29 17:00:00,1800,1.08463,0.001101237803280424,1.0,1.0,240,1.0835287621967196,1.0857312378032804,STOP,1,2024.02.29 17:00:00,1,-1.0,-11.012378032804241,False,False,,,STOP,-1.0
SURROUNDING_EXPLORATORY_RELEASE,event_840140001_1709829000_195929,840140001,195929,US,USD,Initial Jobless Claims,Initial Jobless Claims,2024.03.02 00:00:00,19170,0,CALENDAR_TIMEMODE_DATETIME,False,trade_server_time,CALENDAR_UNIT_NONE,0,CALENDAR_MULTIPLIER_THOUSANDS,False,,,,1709829000,2024.03.07 16:30:00,217,215,217,2,Long,True,,1709830800,2024.03.07 17:00:00,1800,1.09149,0.0009858869996189365,1.0,1.0,240,1.0905041130003812,1.092475886999619,TARGET,1,2024.03.07 17:00:00,1,1.0,9.858869996189364,False,False,,,TARGET,1.0
SURROUNDING_EXPLORATORY_RELEASE,event_840020010_1710430200_195002,840020010,195002,US,USD,Retail Sales m/m,Retail Sales m/m,2024.02.01 00:00:00,3385,0,CALENDAR_TIMEMODE_DATETIME,False,trade_server_time,CALENDAR_UNIT_PERCENT,1,CALENDAR_MULTIPLIER_NONE,False,,,,1710430200,2024.03.14 15:30:00,0.6,-0.8,-1.1,1.4,Short,True,,1710432000,2024.03.14 16:00:00,1800,1.09116,0.0008051048211729935,1.0,1.0,240,1.091965104821173,1.0903548951788269,TARGET,1,2024.03.14 16:00:00,1,1.0,8.051048211729935,False,False,,,TARGET,1.0
SURROUNDING_EXPLORATORY_RELEASE,event_840030001_1710430200_191588,840030001,191588,US,USD,PPI m/m,PPI m/m,2024.02.01 00:00:00,6184,0,CALENDAR_TIMEMODE_DATETIME,False,trade_server_time,CALENDAR_UNIT_PERCENT,1,CALENDAR_MULTIPLIER_NONE,False,,,,1710430200,2024.03.14 15:30:00,0.6,0.3,,0.3,Short,True,,1710432000,2024.03.14 16:00:00,1800,1.09116,0.0008051048211729935,1.0,1.0,240,1.091965104821173,1.0903548951788269,TARGET,1,2024.03.14 16:00:00,1,1.0,8.051048211729935,False,False,,,TARGET,1.0
SURROUNDING_EXPLORATORY_RELEASE,event_840140001_1710430200_195930,840140001,195930,US,USD,Initial Jobless Claims,Initial Jobless Claims,2024.03.09 00:00:00,19171,0,CALENDAR_TIMEMODE_DATETIME,False,trade_server_time,CALENDAR_UNIT_NONE,0,CALENDAR_MULTIPLIER_THOUSANDS,False,,,,1710430200,2024.03.14 15:30:00,209,217,210,-8,Short,True,,1710432000,2024.03.14 16:00:00,1800,1.09116,0.0008051048211729935,1.0,1.0,240,1.091965104821173,1.0903548951788269,TARGET,1,2024.03.14 16:00:00,1,1.0,8.051048211729935,False,False,,,TARGET,1.0
SURROUNDING_EXPLORATORY_RELEASE,event_840140001_1711035000_195931,840140001,195931,US,USD,Initial Jobless Claims,Initial Jobless Claims,2024.03.16 00:00:00,19172,0,CALENDAR_TIMEMODE_DATETIME,False,trade_server_time,CALENDAR_UNIT_NONE,0,CALENDAR_MULTIPLIER_THOUSANDS,False,,,,1711035000,2024.03.21 15:30:00,210,209,212,1,Long,True,,1711036800,2024.03.21 16:00:00,1800,1.08855,0.0012481700163228698,1.0,1.0,240,1.087301829983677,1.0897981700163228,STOP,1,2024.03.21 16:00:00,1,-1.0,-12.481700163228696,False,False,,,STOP,-1.0
SURROUNDING_EXPLORATORY_RELEASE,event_840140001_1711639800_195932,840140001,195932,US,USD,Initial Jobless Claims,Initial Jobless Claims,2024.03.23 00:00:00,19173,0,CALENDAR_TIMEMODE_DATETIME,False,trade_server_time,CALENDAR_UNIT_NONE,0,CALENDAR_MULTIPLIER_THOUSANDS,False,,,,1711639800,2024.03.28 15:30:00,210,210,212,0,Flat,False,FLAT_DIRECTION,,,,,,,,,,,,,,,,,,,,,,
SURROUNDING_EXPLORATORY_RELEASE,event_840140001_1712244600_197109,840140001,197109,US,USD,Initial Jobless Claims,Initial Jobless Claims,2024.03.30 00:00:00,19174,0,CALENDAR_TIMEMODE_DATETIME,False,trade_server_time,CALENDAR_UNIT_NONE,0,CALENDAR_MULTIPLIER_THOUSANDS,False,,,,1712244600,2024.04.04 15:30:00,221,210,212,11,Long,True,,1712246400,2024.04.04 16:00:00,1800,1.08694,0.0008398177899092289,1.0,1.0,240,1.0861001822100909,1.0877798177899092,STOP,4,2024.04.04 19:00:00,4,-1.0,-8.398177899092289,False,False,,,STOP,-1.0
SURROUNDING_EXPLORATORY_RELEASE,event_840030001_1712849400_191589,840030001,191589,US,USD,PPI m/m,PPI m/m,2024.03.01 00:00:00,6185,0,CALENDAR_TIMEMODE_DATETIME,False,trade_server_time,CALENDAR_UNIT_PERCENT,1,CALENDAR_MULTIPLIER_NONE,False,,,,1712849400,2024.04.11 15:30:00,0.2,0.6,,-0.4,Long,True,,1712851200,2024.04.11 16:00:00,1800,1.07412,0.0010314119018249505,1.0,1.0,240,1.073088588098175,1.0751514119018248,STOP,1,2024.04.11 16:00:00,1,-1.0,-10.314119018249505,True,False,,,TARGET,1.0
SURROUNDING_EXPLORATORY_RELEASE,event_840140001_1712849400_197110,840140001,197110,US,USD,Initial Jobless Claims,Initial Jobless Claims,2024.04.06 00:00:00,19175,0,CALENDAR_TIMEMODE_DATETIME,False,trade_server_time,CALENDAR_UNIT_NONE,0,CALENDAR_MULTIPLIER_THOUSANDS,False,,,,1712849400,2024.04.11 15:30:00,211,221,222,-10,Short,True,,1712851200,2024.04.11 16:00:00,1800,1.07412,0.0010314119018249505,1.0,1.0,240,1.0751514119018248,1.073088588098175,STOP,1,2024.04.11 16:00:00,1,-1.0,-10.314119018249505,True,False,,,TARGET,1.0
SURROUNDING_EXPLORATORY_RELEASE,event_840020010_1713195000_195003,840020010,195003,US,USD,Retail Sales m/m,Retail Sales m/m,2024.03.01 00:00:00,3386,0,CALENDAR_TIMEMODE_DATETIME,False,trade_server_time,CALENDAR_UNIT_PERCENT,1,CALENDAR_MULTIPLIER_NONE,False,,,,1713195000,2024.04.15 15:30:00,0.7,0.6,0.9,0.1,Short,True,,1713196800,2024.04.15 16:00:00,1800,1.06469,0.0010490960447332646,1.0,1.0,240,1.0657390960447333,1.0636409039552666,STOP,1,2024.04.15 16:00:00,1,-1.0,-10.490960447332645,True,False,,,TARGET,1.0
SURROUNDING_EXPLORATORY_RELEASE,event_840140001_1713454200_197111,840140001,197111,US,USD,Initial Jobless Claims,Initial Jobless Claims,2024.04.13 00:00:00,19176,0,CALENDAR_TIMEMODE_DATETIME,False,trade_server_time,CALENDAR_UNIT_NONE,0,CALENDAR_MULTIPLIER_THOUSANDS,False,,,,1713454200,2024.04.18 15:30:00,212,211,212,1,Long,True,,1713456000,2024.04.18 16:00:00,1800,1.06625,0.0009775610998867244,1.0,1.0,240,1.0652724389001131,1.0672275610998867,STOP,1,2024.04.18 16:00:00,1,-1.0,-9.775610998867243,False,False,,,STOP,-1.0
SURROUNDING_EXPLORATORY_RELEASE,event_840140001_1714663800_198043,840140001,198043,US,USD,Initial Jobless Claims,Initial Jobless Claims,2024.04.27 00:00:00,19178,0,CALENDAR_TIMEMODE_DATETIME,False,trade_server_time,CALENDAR_UNIT_NONE,0,CALENDAR_MULTIPLIER_THOUSANDS,False,,,,1714663800,2024.05.02 15:30:00,208,207,208,1,Long,True,,1714665600,2024.05.02 16:00:00,1800,1.07008,0.0012518244856270133,1.0,1.0,240,1.068828175514373,1.071331824485627,STOP,1,2024.05.02 16:00:00,1,-1.0,-12.518244856270133,False,False,,,STOP,-1.0
SURROUNDING_EXPLORATORY_RELEASE,event_840140001_1715268600_198044,840140001,198044,US,USD,Initial Jobless Claims,Initial Jobless Claims,2024.05.04 00:00:00,19179,0,CALENDAR_TIMEMODE_DATETIME,False,trade_server_time,CALENDAR_UNIT_NONE,0,CALENDAR_MULTIPLIER_THOUSANDS,False,,,,1715268600,2024.05.09 15:30:00,231,208,209,23,Long,True,,1715270400,2024.05.09 16:00:00,1800,1.0759,0.0007124617271313599,1.0,1.0,240,1.0751875382728686,1.0766124617271315,STOP,1,2024.05.09 16:00:00,1,-1.0,-7.124617271313598,True,False,,,TARGET,1.0
SURROUNDING_EXPLORATORY_RELEASE,event_840030001_1715700600_191590,840030001,191590,US,USD,PPI m/m,PPI m/m,2024.04.01 00:00:00,6186,0,CALENDAR_TIMEMODE_DATETIME,False,trade_server_time,CALENDAR_UNIT_PERCENT,1,CALENDAR_MULTIPLIER_NONE,False,,,,1715700600,2024.05.14 15:30:00,0.5,0.2,-0.1,0.3,Short,True,,1715702400,2024.05.14 16:00:00,1800,1.08028,0.0006263802495546095,1.0,1.0,240,1.0809063802495544,1.0796536197504454,STOP,1,2024.05.14 16:00:00,1,-1.0,-6.263802495546094,False,False,,,STOP,-1.0
SURROUNDING_EXPLORATORY_RELEASE,event_840020010_1715787000_195004,840020010,195004,US,USD,Retail Sales m/m,Retail Sales m/m,2024.04.01 00:00:00,3387,0,CALENDAR_TIMEMODE_DATETIME,False,trade_server_time,CALENDAR_UNIT_PERCENT,1,CALENDAR_MULTIPLIER_NONE,False,,,,1715787000,2024.05.15 15:30:00,0.0,0.7,0.6,-0.7,Long,True,,1715788800,2024.05.15 16:00:00,1800,1.08609,0.0007012409879992097,1.0,1.0,240,1.0853887590120008,1.0867912409879992,STOP,1,2024.05.15 16:00:00,1,-1.0,-7.012409879992097,False,False,,,STOP,-1.0
SURROUNDING_EXPLORATORY_RELEASE,event_840140001_1715873400_198045,840140001,198045,US,USD,Initial Jobless Claims,Initial Jobless Claims,2024.05.11 00:00:00,19180,0,CALENDAR_TIMEMODE_DATETIME,False,trade_server_time,CALENDAR_UNIT_NONE,0,CALENDAR_MULTIPLIER_THOUSANDS,False,,,,1715873400,2024.05.16 15:30:00,222,231,232,-9,Short,True,,1715875200,2024.05.16 16:00:00,1800,1.08629,0.0008791547757354133,1.0,1.0,240,1.0871691547757354,1.0854108452242646,TARGET,2,2024.05.16 17:00:00,2,1.0,8.791547757354133,False,False,,,TARGET,1.0
SURROUNDING_EXPLORATORY_RELEASE,event_840140001_1716478200_198046,840140001,198046,US,USD,Initial Jobless Claims,Initial Jobless Claims,2024.05.18 00:00:00,19181,0,CALENDAR_TIMEMODE_DATETIME,False,trade_server_time,CALENDAR_UNIT_NONE,0,CALENDAR_MULTIPLIER_THOUSANDS,False,,,,1716478200,2024.05.23 15:30:00,215,222,223,-7,Short,True,,1716480000,2024.05.23 16:00:00,1800,1.08524,0.0008610553818695409,1.0,1.0,240,1.0861010553818695,1.0843789446181304,TARGET,1,2024.05.23 16:00:00,1,1.0,8.610553818695408,False,False,,,TARGET,1.0
SURROUNDING_EXPLORATORY_RELEASE,event_840140001_1717083000_198047,840140001,198047,US,USD,Initial Jobless Claims,Initial Jobless Claims,2024.05.25 00:00:00,19182,0,CALENDAR_TIMEMODE_DATETIME,False,trade_server_time,CALENDAR_UNIT_NONE,0,CALENDAR_MULTIPLIER_THOUSANDS,False,,,,1717083000,2024.05.30 15:30:00,219,215,216,4,Long,True,,1717084800,2024.05.30 16:00:00,1800,1.08287,0.000902678929269234,1.0,1.0,240,1.0819673210707308,1.0837726789292692,TARGET,2,2024.05.30 17:00:00,2,1.0,9.02678929269234,False,False,,,TARGET,1.0
SURROUNDING_EXPLORATORY_RELEASE,event_840140001_1717687800_201576,840140001,201576,US,USD,Initial Jobless Claims,Initial Jobless Claims,2024.06.01 00:00:00,19183,0,CALENDAR_TIMEMODE_DATETIME,False,trade_server_time,CALENDAR_UNIT_NONE,0,CALENDAR_MULTIPLIER_THOUSANDS,False,,,,1717687800,2024.06.06 15:30:00,229,219,221,10,Long,True,,1717689600,2024.06.06 16:00:00,1800,1.08812,0.0008110833508559975,1.0,1.0,240,1.087308916649144,1.0889310833508559,STOP,1,2024.06.06 16:00:00,1,-1.0,-8.110833508559974,True,False,,,TARGET,1.0
SURROUNDING_EXPLORATORY_RELEASE,event_840030001_1718292600_191591,840030001,191591,US,USD,PPI m/m,PPI m/m,2024.05.01 00:00:00,6187,0,CALENDAR_TIMEMODE_DATETIME,False,trade_server_time,CALENDAR_UNIT_PERCENT,1,CALENDAR_MULTIPLIER_NONE,False,,,,1718292600,2024.06.13 15:30:00,-0.2,0.5,,-0.7,Long,True,,1718294400,2024.06.13 16:00:00,1800,1.07934,0.0010682224217505782,1.0,1.0,240,1.0782717775782493,1.0804082224217506,TARGET,1,2024.06.13 16:00:00,1,1.0,10.682224217505782,False,False,,,TARGET,1.0
SURROUNDING_EXPLORATORY_RELEASE,event_840140001_1718292600_201577,840140001,201577,US,USD,Initial Jobless Claims,Initial Jobless Claims,2024.06.08 00:00:00,19184,0,CALENDAR_TIMEMODE_DATETIME,False,trade_server_time,CALENDAR_UNIT_NONE,0,CALENDAR_MULTIPLIER_THOUSANDS,False,,,,1718292600,2024.06.13 15:30:00,242,229,,13,Long,True,,1718294400,2024.06.13 16:00:00,1800,1.07934,0.0010682224217505782,1.0,1.0,240,1.0782717775782493,1.0804082224217506,TARGET,1,2024.06.13 16:00:00,1,1.0,10.682224217505782,False,False,,,TARGET,1.0
SURROUNDING_EXPLORATORY_RELEASE,event_840020010_1718724600_195005,840020010,195005,US,USD,Retail Sales m/m,Retail Sales m/m,2024.05.01 00:00:00,3388,0,CALENDAR_TIMEMODE_DATETIME,False,trade_server_time,CALENDAR_UNIT_PERCENT,1,CALENDAR_MULTIPLIER_NONE,False,,,,1718724600,2024.06.18 15:30:00,0.1,0.0,-0.2,0.1,Short,True,,1718726400,2024.06.18 16:00:00,1800,1.07307,0.0008007190807030225,1.0,1.0,240,1.073870719080703,1.0722692809192969,STOP,1,2024.06.18 16:00:00,1,-1.0,-8.007190807030224,False,False,,,STOP,-1.0
SURROUNDING_EXPLORATORY_RELEASE,event_840140001_1718897400_201578,840140001,201578,US,USD,Initial Jobless Claims,Initial Jobless Claims,2024.06.15 00:00:00,19185,0,CALENDAR_TIMEMODE_DATETIME,False,trade_server_time,CALENDAR_UNIT_NONE,0,CALENDAR_MULTIPLIER_THOUSANDS,False,,,,1718897400,2024.06.20 15:30:00,238,242,243,-4,Short,True,,1718899200,2024.06.20 16:00:00,1800,1.07186,0.0008093802855005175,1.0,1.0,240,1.0726693802855005,1.0710506197144996,STOP,1,2024.06.20 16:00:00,1,-1.0,-8.093802855005174,False,False,,,STOP,-1.0
SURROUNDING_EXPLORATORY_RELEASE,event_840140001_1720020600_206697,840140001,206697,US,USD,Initial Jobless Claims,Initial Jobless Claims,2024.06.29 00:00:00,19187,0,CALENDAR_TIMEMODE_DATETIME,False,trade_server_time,CALENDAR_UNIT_NONE,0,CALENDAR_MULTIPLIER_THOUSANDS,False,,,,1720020600,2024.07.03 15:30:00,238,233,234,5,Long,True,,1720022400,2024.07.03 16:00:00,1800,1.07741,0.0007738564076408842,1.0,1.0,240,1.076636143592359,1.078183856407641,TARGET,1,2024.07.03 16:00:00,1,1.0,7.738564076408842,False,False,,,TARGET,1.0
SURROUNDING_EXPLORATORY_RELEASE,event_840140001_1720711800_206698,840140001,206698,US,USD,Initial Jobless Claims,Initial Jobless Claims,2024.07.06 00:00:00,19188,0,CALENDAR_TIMEMODE_DATETIME,False,trade_server_time,CALENDAR_UNIT_NONE,0,CALENDAR_MULTIPLIER_THOUSANDS,False,,,,1720711800,2024.07.11 15:30:00,222,238,239,-16,Short,True,,1720713600,2024.07.11 16:00:00,1800,1.08864,0.0006601211285769368,1.0,1.0,240,1.0893001211285769,1.0879798788714232,STOP,1,2024.07.11 16:00:00,1,-1.0,-6.601211285769367,True,False,,,TARGET,1.0
SURROUNDING_EXPLORATORY_RELEASE,event_840030001_1720798200_191592,840030001,191592,US,USD,PPI m/m,PPI m/m,2024.06.01 00:00:00,6188,0,CALENDAR_TIMEMODE_DATETIME,False,trade_server_time,CALENDAR_UNIT_PERCENT,1,CALENDAR_MULTIPLIER_NONE,False,,,,1720798200,2024.07.12 15:30:00,0.2,-0.2,0.0,0.4,Short,True,,1720800000,2024.07.12 16:00:00,1800,1.08902,0.0008356428871364963,1.0,1.0,240,1.0898556428871367,1.0881843571128635,STOP,2,2024.07.12 17:00:00,2,-1.0,-8.356428871364962,False,False,,,STOP,-1.0
SURROUNDING_EXPLORATORY_RELEASE,event_840020010_1721143800_195006,840020010,195006,US,USD,Retail Sales m/m,Retail Sales m/m,2024.06.01 00:00:00,3389,0,CALENDAR_TIMEMODE_DATETIME,False,trade_server_time,CALENDAR_UNIT_PERCENT,1,CALENDAR_MULTIPLIER_NONE,False,,,,1721143800,2024.07.16 15:30:00,0.0,0.1,0.3,-0.1,Long,True,,1721145600,2024.07.16 16:00:00,1800,1.08802,0.0007544509467323452,1.0,1.0,240,1.0872655490532677,1.0887744509467323,STOP,1,2024.07.16 16:00:00,1,-1.0,-7.544509467323452,False,False,,,STOP,-1.0
SURROUNDING_EXPLORATORY_RELEASE,event_840140001_1721316600_206699,840140001,206699,US,USD,Initial Jobless Claims,Initial Jobless Claims,2024.07.13 00:00:00,19189,0,CALENDAR_TIMEMODE_DATETIME,False,trade_server_time,CALENDAR_UNIT_NONE,0,CALENDAR_MULTIPLIER_THOUSANDS,False,,,,1721316600,2024.07.18 15:30:00,243,222,223,21,Long,True,,1721318400,2024.07.18 16:00:00,1800,1.09281,0.0007067168885504743,1.0,1.0,240,1.0921032831114497,1.0935167168885505,STOP,1,2024.07.18 16:00:00,1,-1.0,-7.067168885504743,False,False,,,STOP,-1.0
SURROUNDING_EXPLORATORY_RELEASE,event_840140001_1721921400_206700,840140001,206700,US,USD,Initial Jobless Claims,Initial Jobless Claims,2024.07.20 00:00:00,19190,0,CALENDAR_TIMEMODE_DATETIME,False,trade_server_time,CALENDAR_UNIT_NONE,0,CALENDAR_MULTIPLIER_THOUSANDS,False,,,,1721921400,2024.07.25 15:30:00,235,243,245,-8,Short,True,,1721923200,2024.07.25 16:00:00,1800,1.08494,0.0009234498716556366,1.0,1.0,240,1.0858634498716557,1.0840165501283443,TARGET,1,2024.07.25 16:00:00,1,1.0,9.234498716556365,False,False,,,TARGET,1.0
SURROUNDING_EXPLORATORY_RELEASE,event_840140001_1722526200_209914,840140001,209914,US,USD,Initial Jobless Claims,Initial Jobless Claims,2024.07.27 00:00:00,19191,0,CALENDAR_TIMEMODE_DATETIME,False,trade_server_time,CALENDAR_UNIT_NONE,0,CALENDAR_MULTIPLIER_THOUSANDS,False,,,,1722526200,2024.08.01 15:30:00,249,235,,14,Long,True,,1722528000,2024.08.01 16:00:00,1800,1.07961,0.0011763341823178325,1.0,1.0,240,1.078433665817682,1.0807863341823178,TARGET,2,2024.08.01 17:00:00,2,1.0,11.763341823178324,False,False,,,TARGET,1.0
SURROUNDING_EXPLORATORY_RELEASE,event_840140001_1723131000_209915,840140001,209915,US,USD,Initial Jobless Claims,Initial Jobless Claims,2024.08.03 00:00:00,19192,0,CALENDAR_TIMEMODE_DATETIME,False,trade_server_time,CALENDAR_UNIT_NONE,0,CALENDAR_MULTIPLIER_THOUSANDS,False,,,,1723131000,2024.08.08 15:30:00,233,249,250,-16,Short,True,,1723132800,2024.08.08 16:00:00,1800,1.08973,0.000891357832753506,1.0,1.0,240,1.0906213578327535,1.0888386421672467,TARGET,1,2024.08.08 16:00:00,1,1.0,8.91357832753506,False,False,,,TARGET,1.0
SURROUNDING_EXPLORATORY_RELEASE,event_840030001_1723563000_191593,840030001,191593,US,USD,PPI m/m,PPI m/m,2024.07.01 00:00:00,6189,0,CALENDAR_TIMEMODE_DATETIME,False,trade_server_time,CALENDAR_UNIT_PERCENT,1,CALENDAR_MULTIPLIER_NONE,False,,,,1723563000,2024.08.13 15:30:00,0.1,0.2,,-0.1,Long,True,,1723564800,2024.08.13 16:00:00,1800,1.09405,0.0007467618937167078,1.0,1.0,240,1.0933032381062833,1.0947967618937167,TARGET,1,2024.08.13 16:00:00,1,1.0,7.467618937167078,False,False,,,TARGET,1.0
SURROUNDING_EXPLORATORY_RELEASE,event_840020010_1723735800_195007,840020010,195007,US,USD,Retail Sales m/m,Retail Sales m/m,2024.07.01 00:00:00,3390,0,CALENDAR_TIMEMODE_DATETIME,False,trade_server_time,CALENDAR_UNIT_PERCENT,1,CALENDAR_MULTIPLIER_NONE,False,,,,1723735800,2024.08.15 15:30:00,1.0,0.0,-0.2,1.0,Short,True,,1723737600,2024.08.15 16:00:00,1800,1.09561,0.0007407065558671003,1.0,1.0,240,1.096350706555867,1.0948692934441329,STOP,1,2024.08.15 16:00:00,1,-1.0,-7.407065558671003,False,False,,,STOP,-1.0
SURROUNDING_EXPLORATORY_RELEASE,event_840140001_1723735800_209916,840140001,209916,US,USD,Initial Jobless Claims,Initial Jobless Claims,2024.08.10 00:00:00,19193,0,CALENDAR_TIMEMODE_DATETIME,False,trade_server_time,CALENDAR_UNIT_NONE,0,CALENDAR_MULTIPLIER_THOUSANDS,False,,,,1723735800,2024.08.15 15:30:00,227,233,234,-6,Short,True,,1723737600,2024.08.15 16:00:00,1800,1.09561,0.0007407065558671003,1.0,1.0,240,1.096350706555867,1.0948692934441329,STOP,1,2024.08.15 16:00:00,1,-1.0,-7.407065558671003,False,False,,,STOP,-1.0
SURROUNDING_EXPLORATORY_RELEASE,event_840140001_1724340600_209917,840140001,209917,US,USD,Initial Jobless Claims,Initial Jobless Claims,2024.08.17 00:00:00,19194,0,CALENDAR_TIMEMODE_DATETIME,False,trade_server_time,CALENDAR_UNIT_NONE,0,CALENDAR_MULTIPLIER_THOUSANDS,False,,,,1724340600,2024.08.22 15:30:00,232,227,228,5,Long,True,,1724342400,2024.08.22 16:00:00,1800,1.11398,0.001144088102681987,1.0,1.0,240,1.112835911897318,1.115124088102682,STOP,1,2024.08.22 16:00:00,1,-1.0,-11.44088102681987,False,False,,,STOP,-1.0
SURROUNDING_EXPLORATORY_RELEASE,event_840140001_1724945400_209918,840140001,209918,US,USD,Initial Jobless Claims,Initial Jobless Claims,2024.08.24 00:00:00,19195,0,CALENDAR_TIMEMODE_DATETIME,False,trade_server_time,CALENDAR_UNIT_NONE,0,CALENDAR_MULTIPLIER_THOUSANDS,False,,,,1724945400,2024.08.29 15:30:00,231,232,233,-1,Short,True,,1724947200,2024.08.29 16:00:00,1800,1.10838,0.0012728577561754806,1.0,1.0,240,1.1096528577561755,1.1071071422438243,TARGET,2,2024.08.29 17:00:00,2,1.0,12.728577561754806,False,False,,,TARGET,1.0
SURROUNDING_EXPLORATORY_RELEASE,event_840140001_1725550200_213296,840140001,213296,US,USD,Initial Jobless Claims,Initial Jobless Claims,2024.08.31 00:00:00,19196,0,CALENDAR_TIMEMODE_DATETIME,False,trade_server_time,CALENDAR_UNIT_NONE,0,CALENDAR_MULTIPLIER_THOUSANDS,False,,,,1725550200,2024.09.05 15:30:00,227,231,232,-4,Short,True,,1725552000,2024.09.05 16:00:00,1800,1.10919,0.0009249575300971624,1.0,1.0,240,1.110114957530097,1.1082650424699028,STOP,1,2024.09.05 16:00:00,1,-1.0,-9.249575300971623,False,False,,,STOP,-1.0
SURROUNDING_EXPLORATORY_RELEASE,event_840030001_1726155000_191594,840030001,191594,US,USD,PPI m/m,PPI m/m,2024.08.01 00:00:00,6190,0,CALENDAR_TIMEMODE_DATETIME,False,trade_server_time,CALENDAR_UNIT_PERCENT,1,CALENDAR_MULTIPLIER_NONE,False,,,,1726155000,2024.09.12 15:30:00,0.2,0.1,0.0,0.1,Short,True,,1726156800,2024.09.12 16:00:00,1800,1.10247,0.0009012016172144633,1.0,1.0,240,1.1033712016172146,1.1015687983827855,STOP,1,2024.09.12 16:00:00,1,-1.0,-9.012016172144632,False,False,,,STOP,-1.0
SURROUNDING_EXPLORATORY_RELEASE,event_840140001_1726155000_213297,840140001,213297,US,USD,Initial Jobless Claims,Initial Jobless Claims,2024.09.07 00:00:00,19197,0,CALENDAR_TIMEMODE_DATETIME,False,trade_server_time,CALENDAR_UNIT_NONE,0,CALENDAR_MULTIPLIER_THOUSANDS,False,,,,1726155000,2024.09.12 15:30:00,230,227,228,3,Long,True,,1726156800,2024.09.12 16:00:00,1800,1.10247,0.0009012016172144633,1.0,1.0,240,1.1015687983827855,1.1033712016172146,TARGET,1,2024.09.12 16:00:00,1,1.0,9.012016172144632,False,False,,,TARGET,1.0
SURROUNDING_EXPLORATORY_RELEASE,event_840020010_1726587000_195008,840020010,195008,US,USD,Retail Sales m/m,Retail Sales m/m,2024.08.01 00:00:00,3391,0,CALENDAR_TIMEMODE_DATETIME,False,trade_server_time,CALENDAR_UNIT_PERCENT,1,CALENDAR_MULTIPLIER_NONE,False,,,,1726587000,2024.09.17 15:30:00,0.1,1.0,1.1,-0.9,Long,True,,1726588800,2024.09.17 16:00:00,1800,1.11244,0.000961841008543604,1.0,1.0,240,1.1114781589914564,1.1134018410085438,STOP,1,2024.09.17 16:00:00,1,-1.0,-9.61841008543604,False,False,,,STOP,-1.0
SURROUNDING_EXPLORATORY_RELEASE,event_840140001_1726759800_213298,840140001,213298,US,USD,Initial Jobless Claims,Initial Jobless Claims,2024.09.14 00:00:00,19198,0,CALENDAR_TIMEMODE_DATETIME,False,trade_server_time,CALENDAR_UNIT_NONE,0,CALENDAR_MULTIPLIER_THOUSANDS,False,,,,1726759800,2024.09.19 15:30:00,219,230,231,-11,Short,True,,1726761600,2024.09.19 16:00:00,1800,1.11256,0.0016766338775027617,1.0,1.0,240,1.1142366338775027,1.1108833661224973,STOP,3,2024.09.19 18:00:00,3,-1.0,-16.766338775027616,False,False,,,STOP,-1.0
SURROUNDING_EXPLORATORY_RELEASE,event_840140001_1727969400_217264,840140001,217264,US,USD,Initial Jobless Claims,Initial Jobless Claims,2024.09.28 00:00:00,19200,0,CALENDAR_TIMEMODE_DATETIME,False,trade_server_time,CALENDAR_UNIT_NONE,0,CALENDAR_MULTIPLIER_THOUSANDS,False,,,,1727969400,2024.10.03 15:30:00,225,218,219,7,Long,True,,1727971200,2024.10.03 16:00:00,1800,1.10318,0.0010402374265105544,1.0,1.0,240,1.1021397625734894,1.1042202374265107,TARGET,1,2024.10.03 16:00:00,1,1.0,10.402374265105543,False,False,,,TARGET,1.0
SURROUNDING_EXPLORATORY_RELEASE,event_840140001_1728574200_217265,840140001,217265,US,USD,Initial Jobless Claims,Initial Jobless Claims,2024.10.05 00:00:00,19201,0,CALENDAR_TIMEMODE_DATETIME,False,trade_server_time,CALENDAR_UNIT_NONE,0,CALENDAR_MULTIPLIER_THOUSANDS,False,,,,1728574200,2024.10.10 15:30:00,258,225,,33,Long,True,,1728576000,2024.10.10 16:00:00,1800,1.09437,0.0007837309535131974,1.0,1.0,240,1.0935862690464868,1.0951537309535133,STOP,1,2024.10.10 16:00:00,1,-1.0,-7.837309535131974,False,False,,,STOP,-1.0
SURROUNDING_EXPLORATORY_RELEASE,event_840030001_1728660600_191595,840030001,191595,US,USD,PPI m/m,PPI m/m,2024.09.01 00:00:00,6191,0,CALENDAR_TIMEMODE_DATETIME,False,trade_server_time,CALENDAR_UNIT_PERCENT,1,CALENDAR_MULTIPLIER_NONE,False,,,,1728660600,2024.10.11 15:30:00,0.0,0.2,,-0.2,Long,True,,1728662400,2024.10.11 16:00:00,1800,1.09327,0.000964054607586361,1.0,1.0,240,1.0923059453924135,1.0942340546075864,TARGET,2,2024.10.11 17:00:00,2,1.0,9.64054607586361,False,False,,,TARGET,1.0
SURROUNDING_EXPLORATORY_RELEASE,event_840020010_1729179000_195009,840020010,195009,US,USD,Retail Sales m/m,Retail Sales m/m,2024.09.01 00:00:00,3392,0,CALENDAR_TIMEMODE_DATETIME,False,trade_server_time,CALENDAR_UNIT_PERCENT,1,CALENDAR_MULTIPLIER_NONE,False,,,,1729179000,2024.10.17 15:30:00,0.4,0.1,,0.3,Short,True,,1729180800,2024.10.17 16:00:00,1800,1.08425,0.0007662338871925469,1.0,1.0,240,1.0850162338871925,1.0834837661128074,TARGET,1,2024.10.17 16:00:00,1,1.0,7.662338871925469,False,False,,,TARGET,1.0
SURROUNDING_EXPLORATORY_RELEASE,event_840140001_1729179000_217266,840140001,217266,US,USD,Initial Jobless Claims,Initial Jobless Claims,2024.10.12 00:00:00,19202,0,CALENDAR_TIMEMODE_DATETIME,False,trade_server_time,CALENDAR_UNIT_NONE,0,CALENDAR_MULTIPLIER_THOUSANDS,False,,,,1729179000,2024.10.17 15:30:00,241,258,260,-17,Short,True,,1729180800,2024.10.17 16:00:00,1800,1.08425,0.0007662338871925469,1.0,1.0,240,1.0850162338871925,1.0834837661128074,TARGET,1,2024.10.17 16:00:00,1,1.0,7.662338871925469,False,False,,,TARGET,1.0
SURROUNDING_EXPLORATORY_RELEASE,event_840140001_1729783800_217267,840140001,217267,US,USD,Initial Jobless Claims,Initial Jobless Claims,2024.10.19 00:00:00,19203,0,CALENDAR_TIMEMODE_DATETIME,False,trade_server_time,CALENDAR_UNIT_NONE,0,CALENDAR_MULTIPLIER_THOUSANDS,False,,,,1729783800,2024.10.24 15:30:00,227,241,242,-14,Short,True,,1729785600,2024.10.24 16:00:00,1800,1.07963,0.000953267710289389,1.0,1.0,240,1.0805832677102896,1.0786767322897106,STOP,1,2024.10.24 16:00:00,1,-1.0,-9.532677102893889,False,False,,,STOP,-1.0
SURROUNDING_EXPLORATORY_RELEASE,event_840140001_1730388600_217268,840140001,217268,US,USD,Initial Jobless Claims,Initial Jobless Claims,2024.10.26 00:00:00,19204,0,CALENDAR_TIMEMODE_DATETIME,False,trade_server_time,CALENDAR_UNIT_NONE,0,CALENDAR_MULTIPLIER_THOUSANDS,False,,,,1730388600,2024.10.31 15:30:00,216,227,228,-11,Short,True,,1730390400,2024.10.31 16:00:00,1800,1.0859,0.0011138938761029546,1.0,1.0,240,1.0870138938761031,1.084786106123897,STOP,1,2024.10.31 16:00:00,1,-1.0,-11.138938761029546,False,False,,,STOP,-1.0
SURROUNDING_EXPLORATORY_RELEASE,event_840140001_1730997000_220580,840140001,220580,US,USD,Initial Jobless Claims,Initial Jobless Claims,2024.11.02 00:00:00,19205,0,CALENDAR_TIMEMODE_DATETIME,False,trade_server_time,CALENDAR_UNIT_NONE,0,CALENDAR_MULTIPLIER_THOUSANDS,False,,,,1730997000,2024.11.07 16:30:00,221,216,218,5,Long,True,,1730998800,2024.11.07 17:00:00,1800,1.08088,0.001953315056321479,1.0,1.0,240,1.0789266849436785,1.0828333150563216,STOP,2,2024.11.07 18:00:00,2,-1.0,-19.53315056321479,False,False,,,STOP,-1.0
SURROUNDING_EXPLORATORY_RELEASE,event_840030001_1731601800_191596,840030001,191596,US,USD,PPI m/m,PPI m/m,2024.10.01 00:00:00,6192,0,CALENDAR_TIMEMODE_DATETIME,False,trade_server_time,CALENDAR_UNIT_PERCENT,1,CALENDAR_MULTIPLIER_NONE,False,,,,1731601800,2024.11.14 16:30:00,0.2,0.0,0.1,0.2,Short,True,,1731603600,2024.11.14 17:00:00,1800,1.05524,0.0018496897636164464,1.0,1.0,240,1.0570896897636164,1.0533903102363835,STOP,1,2024.11.14 17:00:00,1,-1.0,-18.496897636164462,False,False,,,STOP,-1.0
SURROUNDING_EXPLORATORY_RELEASE,event_840140001_1731601800_220581,840140001,220581,US,USD,Initial Jobless Claims,Initial Jobless Claims,2024.11.09 00:00:00,19206,0,CALENDAR_TIMEMODE_DATETIME,False,trade_server_time,CALENDAR_UNIT_NONE,0,CALENDAR_MULTIPLIER_THOUSANDS,False,,,,1731601800,2024.11.14 16:30:00,217,221,,-4,Short,True,,1731603600,2024.11.14 17:00:00,1800,1.05524,0.0018496897636164464,1.0,1.0,240,1.0570896897636164,1.0533903102363835,STOP,1,2024.11.14 17:00:00,1,-1.0,-18.496897636164462,False,False,,,STOP,-1.0
SURROUNDING_EXPLORATORY_RELEASE,event_840020010_1731688200_195010,840020010,195010,US,USD,Retail Sales m/m,Retail Sales m/m,2024.10.01 00:00:00,3393,0,CALENDAR_TIMEMODE_DATETIME,False,trade_server_time,CALENDAR_UNIT_PERCENT,1,CALENDAR_MULTIPLIER_NONE,False,,,,1731688200,2024.11.15 16:30:00,0.4,0.4,0.8,0.0,Flat,False,FLAT_DIRECTION,,,,,,,,,,,,,,,,,,,,,,
SURROUNDING_EXPLORATORY_RELEASE,event_840140001_1732206600_220582,840140001,220582,US,USD,Initial Jobless Claims,Initial Jobless Claims,2024.11.16 00:00:00,19207,0,CALENDAR_TIMEMODE_DATETIME,False,trade_server_time,CALENDAR_UNIT_NONE,0,CALENDAR_MULTIPLIER_THOUSANDS,False,,,,1732206600,2024.11.21 16:30:00,213,217,219,-4,Short,True,,1732208400,2024.11.21 17:00:00,1800,1.0535,0.0014066689699960143,1.0,1.0,240,1.0549066689699962,1.052093331030004,TARGET,1,2024.11.21 17:00:00,1,1.0,14.066689699960142,False,False,,,TARGET,1.0
SURROUNDING_EXPLORATORY_RELEASE,event_840140001_1732725000_220583,840140001,220583,US,USD,Initial Jobless Claims,Initial Jobless Claims,2024.11.23 00:00:00,19208,0,CALENDAR_TIMEMODE_DATETIME,False,trade_server_time,CALENDAR_UNIT_NONE,0,CALENDAR_MULTIPLIER_THOUSANDS,False,,,,1732725000,2024.11.27 16:30:00,213,213,215,0,Flat,False,FLAT_DIRECTION,,,,,,,,,,,,,,,,,,,,,,
SURROUNDING_EXPLORATORY_RELEASE,event_840140001_1733416200_224309,840140001,224309,US,USD,Initial Jobless Claims,Initial Jobless Claims,2024.11.30 00:00:00,19209,0,CALENDAR_TIMEMODE_DATETIME,False,trade_server_time,CALENDAR_UNIT_NONE,0,CALENDAR_MULTIPLIER_THOUSANDS,False,,,,1733416200,2024.12.05 16:30:00,224,213,215,11,Long,True,,1733418000,2024.12.05 17:00:00,1800,1.05752,0.001511795962066202,1.0,1.0,240,1.0560082040379337,1.0590317959620663,STOP,1,2024.12.05 17:00:00,1,-1.0,-15.117959620662019,False,False,,,STOP,-1.0
SURROUNDING_EXPLORATORY_RELEASE,event_840030001_1734021000_191597,840030001,191597,US,USD,PPI m/m,PPI m/m,2024.11.01 00:00:00,6193,0,CALENDAR_TIMEMODE_DATETIME,False,trade_server_time,CALENDAR_UNIT_PERCENT,1,CALENDAR_MULTIPLIER_NONE,False,,,,1734021000,2024.12.12 16:30:00,0.4,0.2,0.3,0.2,Short,True,,1734022800,2024.12.12 17:00:00,1800,1.05191,0.0014380579136170492,1.0,1.0,240,1.053348057913617,1.0504719420863828,TARGET,1,2024.12.12 17:00:00,1,1.0,14.38057913617049,False,False,,,TARGET,1.0
SURROUNDING_EXPLORATORY_RELEASE,event_840140001_1734021000_224310,840140001,224310,US,USD,Initial Jobless Claims,Initial Jobless Claims,2024.12.07 00:00:00,19210,0,CALENDAR_TIMEMODE_DATETIME,False,trade_server_time,CALENDAR_UNIT_NONE,0,CALENDAR_MULTIPLIER_THOUSANDS,False,,,,1734021000,2024.12.12 16:30:00,242,224,225,18,Long,True,,1734022800,2024.12.12 17:00:00,1800,1.05191,0.0014380579136170492,1.0,1.0,240,1.0504719420863828,1.053348057913617,STOP,1,2024.12.12 17:00:00,1,-1.0,-14.38057913617049,False,False,,,STOP,-1.0
SURROUNDING_EXPLORATORY_RELEASE,event_840020010_1734453000_195011,840020010,195011,US,USD,Retail Sales m/m,Retail Sales m/m,2024.11.01 00:00:00,3394,0,CALENDAR_TIMEMODE_DATETIME,False,trade_server_time,CALENDAR_UNIT_PERCENT,1,CALENDAR_MULTIPLIER_NONE,False,,,,1734453000,2024.12.17 16:30:00,0.7,0.4,0.5,0.3,Short,True,,1734454800,2024.12.17 17:00:00,1800,1.05047,0.0012188704248070723,1.0,1.0,240,1.051688870424807,1.049251129575193,TARGET,4,2024.12.17 20:00:00,4,1.0,12.188704248070723,False,False,,,TARGET,1.0
SURROUNDING_EXPLORATORY_RELEASE,event_840140001_1734625800_224311,840140001,224311,US,USD,Initial Jobless Claims,Initial Jobless Claims,2024.12.14 00:00:00,19211,0,CALENDAR_TIMEMODE_DATETIME,False,trade_server_time,CALENDAR_UNIT_NONE,0,CALENDAR_MULTIPLIER_THOUSANDS,False,,,,1734625800,2024.12.19 16:30:00,220,242,,-22,Short,True,,1734627600,2024.12.19 17:00:00,1800,1.03954,0.0018048672680249006,1.0,1.0,240,1.0413448672680248,1.037735132731975,TARGET,1,2024.12.19 17:00:00,1,1.0,18.048672680249005,False,False,,,TARGET,1.0
SURROUNDING_EXPLORATORY_RELEASE,event_840140001_1735835400_230215,840140001,230215,US,USD,Initial Jobless Claims,Initial Jobless Claims,2024.12.28 00:00:00,19213,0,CALENDAR_TIMEMODE_DATETIME,False,trade_server_time,CALENDAR_UNIT_NONE,0,CALENDAR_MULTIPLIER_THOUSANDS,False,,,,1735835400,2025.01.02 16:30:00,211,219,220,-8,Short,True,,1735837200,2025.01.02 17:00:00,1800,1.03034,0.0015823622007494246,1.0,1.0,240,1.0319223622007494,1.0287576377992507,TARGET,1,2025.01.02 17:00:00,1,1.0,15.823622007494246,False,False,,,TARGET,1.0
SURROUNDING_EXPLORATORY_RELEASE,event_840140001_1736353800_238960,840140001,238960,US,USD,Initial Jobless Claims,Initial Jobless Claims,2025.01.04 00:00:00,19214,0,CALENDAR_TIMEMODE_DATETIME,False,trade_server_time,CALENDAR_UNIT_NONE,0,CALENDAR_MULTIPLIER_THOUSANDS,False,,,,1736353800,2025.01.08 16:30:00,201,211,,-10,Short,True,,1736355600,2025.01.08 17:00:00,1800,1.0291,0.0016161674379627608,1.0,1.0,240,1.0307161674379626,1.0274838325620372,STOP,1,2025.01.08 17:00:00,1,-1.0,-16.16167437962761,False,False,,,STOP,-1.0
SURROUNDING_EXPLORATORY_RELEASE,event_840030001_1736872200_229690,840030001,229690,US,USD,PPI m/m,PPI m/m,2024.12.01 00:00:00,6194,0,CALENDAR_TIMEMODE_DATETIME,False,trade_server_time,CALENDAR_UNIT_PERCENT,1,CALENDAR_MULTIPLIER_NONE,False,,,,1736872200,2025.01.14 16:30:00,0.2,0.4,,-0.2,Long,True,,1736874000,2025.01.14 17:00:00,1800,1.02677,0.0016225064302880768,1.0,1.0,240,1.0251474935697118,1.0283925064302881,TARGET,1,2025.01.14 17:00:00,1,1.0,16.225064302880767,False,False,,,TARGET,1.0
SURROUNDING_EXPLORATORY_RELEASE,event_840020010_1737045000_221075,840020010,221075,US,USD,Retail Sales m/m,Retail Sales m/m,2024.12.01 00:00:00,3395,0,CALENDAR_TIMEMODE_DATETIME,False,trade_server_time,CALENDAR_UNIT_PERCENT,1,CALENDAR_MULTIPLIER_NONE,False,,,,1737045000,2025.01.16 16:30:00,0.4,0.7,0.8,-0.3,Long,True,,1737046800,2025.01.16 17:00:00,1800,1.02788,0.0014309737201811492,1.0,1.0,240,1.0264490262798187,1.029310973720181,TARGET,1,2025.01.16 17:00:00,1,1.0,14.30973720181149,False,False,,,TARGET,1.0
SURROUNDING_EXPLORATORY_RELEASE,event_840140001_1737045000_230217,840140001,230217,US,USD,Initial Jobless Claims,Initial Jobless Claims,2025.01.11 00:00:00,19215,0,CALENDAR_TIMEMODE_DATETIME,False,trade_server_time,CALENDAR_UNIT_NONE,0,CALENDAR_MULTIPLIER_THOUSANDS,False,,,,1737045000,2025.01.16 16:30:00,217,201,203,16,Long,True,,1737046800,2025.01.16 17:00:00,1800,1.02788,0.0014309737201811492,1.0,1.0,240,1.0264490262798187,1.029310973720181,TARGET,1,2025.01.16 17:00:00,1,1.0,14.30973720181149,False,False,,,TARGET,1.0
SURROUNDING_EXPLORATORY_RELEASE,event_840140001_1737649800_230218,840140001,230218,US,USD,Initial Jobless Claims,Initial Jobless Claims,2025.01.18 00:00:00,19216,0,CALENDAR_TIMEMODE_DATETIME,False,trade_server_time,CALENDAR_UNIT_NONE,0,CALENDAR_MULTIPLIER_THOUSANDS,False,,,,1737649800,2025.01.23 16:30:00,223,217,,6,Long,True,,1737651600,2025.01.23 17:00:00,1800,1.04085,0.0012205292929791424,1.0,1.0,240,1.0396294707070208,1.0420705292929793,STOP,1,2025.01.23 17:00:00,1,-1.0,-12.205292929791423,False,False,,,STOP,-1.0
SURROUNDING_EXPLORATORY_RELEASE,event_840140001_1738254600_230219,840140001,230219,US,USD,Initial Jobless Claims,Initial Jobless Claims,2025.01.25 00:00:00,19217,0,CALENDAR_TIMEMODE_DATETIME,False,trade_server_time,CALENDAR_UNIT_NONE,0,CALENDAR_MULTIPLIER_THOUSANDS,False,,,,1738254600,2025.01.30 16:30:00,207,223,,-16,Short,True,,1738256400,2025.01.30 17:00:00,1800,1.0428,0.0016068570521864524,1.0,1.0,240,1.0444068570521865,1.0411931429478134,TARGET,3,2025.01.30 19:00:00,3,1.0,16.068570521864523,False,False,,,TARGET,1.0
SURROUNDING_EXPLORATORY_RELEASE,event_840140001_1738859400_237400,840140001,237400,US,USD,Initial Jobless Claims,Initial Jobless Claims,2025.02.01 00:00:00,19218,0,CALENDAR_TIMEMODE_DATETIME,False,trade_server_time,CALENDAR_UNIT_NONE,0,CALENDAR_MULTIPLIER_THOUSANDS,False,,,,1738859400,2025.02.06 16:30:00,219,207,208,12,Long,True,,1738861200,2025.02.06 17:00:00,1800,1.03618,0.0012236667735837411,1.0,1.0,240,1.0349563332264164,1.0374036667735838,TARGET,1,2025.02.06 17:00:00,1,1.0,12.236667735837411,False,False,,,TARGET,1.0
SURROUNDING_EXPLORATORY_RELEASE,event_840030001_1739464200_229691,840030001,229691,US,USD,PPI m/m,PPI m/m,2025.01.01 00:00:00,6195,0,CALENDAR_TIMEMODE_DATETIME,False,trade_server_time,CALENDAR_UNIT_PERCENT,1,CALENDAR_MULTIPLIER_NONE,False,,,,1739464200,2025.02.13 16:30:00,0.4,0.2,0.5,0.2,Short,True,,1739466000,2025.02.13 17:00:00,1800,1.03992,0.0018193527575172677,1.0,1.0,240,1.0417393527575172,1.0381006472424827,STOP,1,2025.02.13 17:00:00,1,-1.0,-18.193527575172677,False,False,,,STOP,-1.0
SURROUNDING_EXPLORATORY_RELEASE,event_840140001_1739464200_237401,840140001,237401,US,USD,Initial Jobless Claims,Initial Jobless Claims,2025.02.08 00:00:00,19219,0,CALENDAR_TIMEMODE_DATETIME,False,trade_server_time,CALENDAR_UNIT_NONE,0,CALENDAR_MULTIPLIER_THOUSANDS,False,,,,1739464200,2025.02.13 16:30:00,213,219,220,-6,Short,True,,1739466000,2025.02.13 17:00:00,1800,1.03992,0.0018193527575172677,1.0,1.0,240,1.0417393527575172,1.0381006472424827,STOP,1,2025.02.13 17:00:00,1,-1.0,-18.193527575172677,False,False,,,STOP,-1.0
SURROUNDING_EXPLORATORY_RELEASE,event_840020010_1739550600_221076,840020010,221076,US,USD,Retail Sales m/m,Retail Sales m/m,2025.01.01 00:00:00,3396,0,CALENDAR_TIMEMODE_DATETIME,False,trade_server_time,CALENDAR_UNIT_PERCENT,1,CALENDAR_MULTIPLIER_NONE,False,,,,1739550600,2025.02.14 16:30:00,-0.9,0.4,0.7,-1.3,Long,True,,1739552400,2025.02.14 17:00:00,1800,1.05084,0.001622854101107931,1.0,1.0,240,1.0492171458988921,1.0524628541011078,STOP,1,2025.02.14 17:00:00,1,-1.0,-16.228541011079308,False,False,,,STOP,-1.0
SURROUNDING_EXPLORATORY_RELEASE,event_840140001_1740069000_237402,840140001,237402,US,USD,Initial Jobless Claims,Initial Jobless Claims,2025.02.15 00:00:00,19220,0,CALENDAR_TIMEMODE_DATETIME,False,trade_server_time,CALENDAR_UNIT_NONE,0,CALENDAR_MULTIPLIER_THOUSANDS,False,,,,1740069000,2025.02.20 16:30:00,219,213,214,6,Long,True,,1740070800,2025.02.20 17:00:00,1800,1.04462,0.0011316596044446865,1.0,1.0,240,1.0434883403955555,1.0457516596044447,TARGET,1,2025.02.20 17:00:00,1,1.0,11.316596044446865,False,False,,,TARGET,1.0
SURROUNDING_EXPLORATORY_RELEASE,event_840140001_1740673800_237403,840140001,237403,US,USD,Initial Jobless Claims,Initial Jobless Claims,2025.02.22 00:00:00,19221,0,CALENDAR_TIMEMODE_DATETIME,False,trade_server_time,CALENDAR_UNIT_NONE,0,CALENDAR_MULTIPLIER_THOUSANDS,False,,,,1740673800,2025.02.27 16:30:00,242,219,220,23,Long,True,,1740675600,2025.02.27 17:00:00,1800,1.04198,0.0015478760329906294,1.0,1.0,240,1.0404321239670093,1.0435278760329905,STOP,2,2025.02.27 18:00:00,2,-1.0,-15.478760329906294,False,False,,,STOP,-1.0
SURROUNDING_EXPLORATORY_RELEASE,event_840140001_1741278600_246611,840140001,246611,US,USD,Initial Jobless Claims,Initial Jobless Claims,2025.03.01 00:00:00,19222,0,CALENDAR_TIMEMODE_DATETIME,False,trade_server_time,CALENDAR_UNIT_NONE,0,CALENDAR_MULTIPLIER_THOUSANDS,False,,,,1741278600,2025.03.06 16:30:00,221,242,,-21,Short,True,,1741280400,2025.03.06 17:00:00,1800,1.08368,0.0023736698205050048,1.0,1.0,240,1.086053669820505,1.081306330179495,TARGET,1,2025.03.06 17:00:00,1,1.0,23.736698205050047,False,False,,,TARGET,1.0
SURROUNDING_EXPLORATORY_RELEASE,event_840030001_1741879800_229692,840030001,229692,US,USD,PPI m/m,PPI m/m,2025.02.01 00:00:00,6196,0,CALENDAR_TIMEMODE_DATETIME,False,trade_server_time,CALENDAR_UNIT_PERCENT,1,CALENDAR_MULTIPLIER_NONE,False,,,,1741879800,2025.03.13 15:30:00,0.0,0.4,0.6,-0.4,Long,True,,1741881600,2025.03.13 16:00:00,1800,1.08471,0.0019202275038529364,1.0,1.0,240,1.082789772496147,1.086630227503853,TARGET,1,2025.03.13 16:00:00,1,1.0,19.202275038529365,False,False,,,TARGET,1.0
SURROUNDING_EXPLORATORY_RELEASE,event_840140001_1741879800_246612,840140001,246612,US,USD,Initial Jobless Claims,Initial Jobless Claims,2025.03.08 00:00:00,19223,0,CALENDAR_TIMEMODE_DATETIME,False,trade_server_time,CALENDAR_UNIT_NONE,0,CALENDAR_MULTIPLIER_THOUSANDS,False,,,,1741879800,2025.03.13 15:30:00,220,221,222,-1,Short,True,,1741881600,2025.03.13 16:00:00,1800,1.08471,0.0019202275038529364,1.0,1.0,240,1.086630227503853,1.082789772496147,STOP,1,2025.03.13 16:00:00,1,-1.0,-19.202275038529365,False,False,,,STOP,-1.0
SURROUNDING_EXPLORATORY_RELEASE,event_840020010_1742225400_221077,840020010,221077,US,USD,Retail Sales m/m,Retail Sales m/m,2025.02.01 00:00:00,3397,0,CALENDAR_TIMEMODE_DATETIME,False,trade_server_time,CALENDAR_UNIT_PERCENT,1,CALENDAR_MULTIPLIER_NONE,False,,,,1742225400,2025.03.17 15:30:00,0.2,-0.9,-1.2,1.1,Short,True,,1742227200,2025.03.17 16:00:00,1800,1.09045,0.0014727295433556809,1.0,1.0,240,1.0919227295433556,1.0889772704566443,STOP,2,2025.03.17 17:00:00,2,-1.0,-14.727295433556808,False,False,,,STOP,-1.0
SURROUNDING_EXPLORATORY_RELEASE,event_840140001_1742484600_246613,840140001,246613,US,USD,Initial Jobless Claims,Initial Jobless Claims,2025.03.15 00:00:00,19224,0,CALENDAR_TIMEMODE_DATETIME,False,trade_server_time,CALENDAR_UNIT_NONE,0,CALENDAR_MULTIPLIER_THOUSANDS,False,,,,1742484600,2025.03.20 15:30:00,223,220,221,3,Long,True,,1742486400,2025.03.20 16:00:00,1800,1.08249,0.0016902283256822435,1.0,1.0,240,1.0807997716743176,1.0841802283256823,TARGET,2,2025.03.20 17:00:00,2,1.0,16.902283256822436,False,False,,,TARGET,1.0
SURROUNDING_EXPLORATORY_RELEASE,event_840140001_1743089400_246614,840140001,246614,US,USD,Initial Jobless Claims,Initial Jobless Claims,2025.03.22 00:00:00,19225,0,CALENDAR_TIMEMODE_DATETIME,False,trade_server_time,CALENDAR_UNIT_NONE,0,CALENDAR_MULTIPLIER_THOUSANDS,False,,,,1743089400,2025.03.27 15:30:00,224,223,225,1,Long,True,,1743091200,2025.03.27 16:00:00,1800,1.078,0.0015289490539054003,1.0,1.0,240,1.0764710509460946,1.0795289490539055,TARGET,2,2025.03.27 17:00:00,2,1.0,15.289490539054002,False,False,,,TARGET,1.0
SURROUNDING_EXPLORATORY_RELEASE,event_840140001_1743694200_250062,840140001,250062,US,USD,Initial Jobless Claims,Initial Jobless Claims,2025.03.29 00:00:00,19226,0,CALENDAR_TIMEMODE_DATETIME,False,trade_server_time,CALENDAR_UNIT_NONE,0,CALENDAR_MULTIPLIER_THOUSANDS,False,,,,1743694200,2025.04.03 15:30:00,219,224,225,-5,Short,True,,1743696000,2025.04.03 16:00:00,1800,1.10817,0.004001750522882729,1.0,1.0,240,1.1121717505228828,1.1041682494771174,STOP,1,2025.04.03 16:00:00,1,-1.0,-40.01750522882729,False,False,,,STOP,-1.0
SURROUNDING_EXPLORATORY_RELEASE,event_840140001_1744299000_250063,840140001,250063,US,USD,Initial Jobless Claims,Initial Jobless Claims,2025.04.05 00:00:00,19227,0,CALENDAR_TIMEMODE_DATETIME,False,trade_server_time,CALENDAR_UNIT_NONE,0,CALENDAR_MULTIPLIER_THOUSANDS,False,,,,1744299000,2025.04.10 15:30:00,223,219,,4,Long,True,,1744300800,2025.04.10 16:00:00,1800,1.10972,0.003068372438046719,1.0,1.0,240,1.1066516275619533,1.1127883724380467,TARGET,1,2025.04.10 16:00:00,1,1.0,30.683724380467186,False,False,,,TARGET,1.0
SURROUNDING_EXPLORATORY_RELEASE,event_840030001_1744385400_229693,840030001,229693,US,USD,PPI m/m,PPI m/m,2025.03.01 00:00:00,6197,0,CALENDAR_TIMEMODE_DATETIME,False,trade_server_time,CALENDAR_UNIT_PERCENT,1,CALENDAR_MULTIPLIER_NONE,False,,,,1744385400,2025.04.11 15:30:00,-0.4,0.0,0.1,-0.4,Long,True,,1744387200,2025.04.11 16:00:00,1800,1.13951,0.005236295841957057,1.0,1.0,240,1.134273704158043,1.144746295841957,STOP,1,2025.04.11 16:00:00,1,-1.0,-52.36295841957057,False,False,,,STOP,-1.0
SURROUNDING_EXPLORATORY_RELEASE,event_840020010_1744817400_221078,840020010,221078,US,USD,Retail Sales m/m,Retail Sales m/m,2025.03.01 00:00:00,3398,0,CALENDAR_TIMEMODE_DATETIME,False,trade_server_time,CALENDAR_UNIT_PERCENT,1,CALENDAR_MULTIPLIER_NONE,False,,,,1744817400,2025.04.16 15:30:00,1.4,0.2,,1.2,Short,True,,1744819200,2025.04.16 16:00:00,1800,1.13513,0.0024604932082952767,1.0,1.0,240,1.1375904932082952,1.1326695067917047,STOP,2,2025.04.16 17:00:00,2,-1.0,-24.604932082952764,False,False,,,STOP,-1.0
SURROUNDING_EXPLORATORY_RELEASE,event_840140001_1744903800_250064,840140001,250064,US,USD,Initial Jobless Claims,Initial Jobless Claims,2025.04.12 00:00:00,19228,0,CALENDAR_TIMEMODE_DATETIME,False,trade_server_time,CALENDAR_UNIT_NONE,0,CALENDAR_MULTIPLIER_THOUSANDS,False,,,,1744903800,2025.04.17 15:30:00,215,223,224,-8,Short,True,,1744905600,2025.04.17 16:00:00,1800,1.13563,0.0020013963414902383,1.0,1.0,240,1.1376313963414901,1.1336286036585097,STOP,1,2025.04.17 16:00:00,1,-1.0,-20.01396341490238,False,False,,,STOP,-1.0
SURROUNDING_EXPLORATORY_RELEASE,event_840140001_1745508600_250065,840140001,250065,US,USD,Initial Jobless Claims,Initial Jobless Claims,2025.04.19 00:00:00,19229,0,CALENDAR_TIMEMODE_DATETIME,False,trade_server_time,CALENDAR_UNIT_NONE,0,CALENDAR_MULTIPLIER_THOUSANDS,False,,,,1745508600,2025.04.24 15:30:00,222,215,216,7,Long,True,,1745510400,2025.04.24 16:00:00,1800,1.13763,0.0022458228427602966,1.0,1.0,240,1.1353841771572397,1.1398758228427601,STOP,3,2025.04.24 18:00:00,3,-1.0,-22.458228427602965,False,False,,,STOP,-1.0
SURROUNDING_EXPLORATORY_RELEASE,event_840140001_1746113400_253255,840140001,253255,US,USD,Initial Jobless Claims,Initial Jobless Claims,2025.04.26 00:00:00,19230,0,CALENDAR_TIMEMODE_DATETIME,False,trade_server_time,CALENDAR_UNIT_NONE,0,CALENDAR_MULTIPLIER_THOUSANDS,False,,,,1746113400,2025.05.01 15:30:00,241,222,223,19,Long,True,,1746115200,2025.05.01 16:00:00,1800,1.13148,0.0017871011433092507,1.0,1.0,240,1.1296928988566908,1.1332671011433093,STOP,2,2025.05.01 17:00:00,2,-1.0,-17.871011433092505,False,False,,,STOP,-1.0
SURROUNDING_EXPLORATORY_RELEASE,event_840140001_1746718200_253256,840140001,253256,US,USD,Initial Jobless Claims,Initial Jobless Claims,2025.05.03 00:00:00,19231,0,CALENDAR_TIMEMODE_DATETIME,False,trade_server_time,CALENDAR_UNIT_NONE,0,CALENDAR_MULTIPLIER_THOUSANDS,False,,,,1746718200,2025.05.08 15:30:00,228,241,,-13,Short,True,,1746720000,2025.05.08 16:00:00,1800,1.12993,0.0019682047173575066,1.0,1.0,240,1.1318982047173576,1.1279617952826426,TARGET,2,2025.05.08 17:00:00,2,1.0,19.682047173575064,False,False,,,TARGET,1.0
SURROUNDING_EXPLORATORY_RELEASE,event_840020010_1747323000_221079,840020010,221079,US,USD,Retail Sales m/m,Retail Sales m/m,2025.04.01 00:00:00,3399,0,CALENDAR_TIMEMODE_DATETIME,False,trade_server_time,CALENDAR_UNIT_PERCENT,1,CALENDAR_MULTIPLIER_NONE,False,,,,1747323000,2025.05.15 15:30:00,0.1,1.4,1.7,-1.3,Long,True,,1747324800,2025.05.15 16:00:00,1800,1.12096,0.0017710023131780883,1.0,1.0,240,1.119188997686822,1.122731002313178,STOP,2,2025.05.15 17:00:00,2,-1.0,-17.710023131780883,False,False,,,STOP,-1.0
SURROUNDING_EXPLORATORY_RELEASE,event_840030001_1747323000_229694,840030001,229694,US,USD,PPI m/m,PPI m/m,2025.04.01 00:00:00,6198,0,CALENDAR_TIMEMODE_DATETIME,False,trade_server_time,CALENDAR_UNIT_PERCENT,1,CALENDAR_MULTIPLIER_NONE,False,,,,1747323000,2025.05.15 15:30:00,-0.5,-0.4,0.0,-0.1,Long,True,,1747324800,2025.05.15 16:00:00,1800,1.12096,0.0017710023131780883,1.0,1.0,240,1.119188997686822,1.122731002313178,STOP,2,2025.05.15 17:00:00,2,-1.0,-17.710023131780883,False,False,,,STOP,-1.0
SURROUNDING_EXPLORATORY_RELEASE,event_840140001_1747323000_253257,840140001,253257,US,USD,Initial Jobless Claims,Initial Jobless Claims,2025.05.10 00:00:00,19232,0,CALENDAR_TIMEMODE_DATETIME,False,trade_server_time,CALENDAR_UNIT_NONE,0,CALENDAR_MULTIPLIER_THOUSANDS,False,,,,1747323000,2025.05.15 15:30:00,229,228,229,1,Long,True,,1747324800,2025.05.15 16:00:00,1800,1.12096,0.0017710023131780883,1.0,1.0,240,1.119188997686822,1.122731002313178,STOP,2,2025.05.15 17:00:00,2,-1.0,-17.710023131780883,False,False,,,STOP,-1.0
SURROUNDING_EXPLORATORY_RELEASE,event_840140001_1747927800_253258,840140001,253258,US,USD,Initial Jobless Claims,Initial Jobless Claims,2025.05.17 00:00:00,19233,0,CALENDAR_TIMEMODE_DATETIME,False,trade_server_time,CALENDAR_UNIT_NONE,0,CALENDAR_MULTIPLIER_THOUSANDS,False,,,,1747927800,2025.05.22 15:30:00,227,229,,-2,Short,True,,1747929600,2025.05.22 16:00:00,1800,1.12948,0.001800000464856574,1.0,1.0,240,1.1312800004648567,1.1276799995351434,TARGET,2,2025.05.22 17:00:00,2,1.0,18.00000464856574,False,False,,,TARGET,1.0
SURROUNDING_EXPLORATORY_RELEASE,event_840140001_1748532600_253259,840140001,253259,US,USD,Initial Jobless Claims,Initial Jobless Claims,2025.05.24 00:00:00,19234,0,CALENDAR_TIMEMODE_DATETIME,False,trade_server_time,CALENDAR_UNIT_NONE,0,CALENDAR_MULTIPLIER_THOUSANDS,False,,,,1748532600,2025.05.29 15:30:00,240,227,226,13,Long,True,,1748534400,2025.05.29 16:00:00,1800,1.13492,0.0018252359981375129,1.0,1.0,240,1.1330947640018625,1.1367452359981374,TARGET,2,2025.05.29 17:00:00,2,1.0,18.25235998137513,False,False,,,TARGET,1.0
SURROUNDING_EXPLORATORY_RELEASE,event_840140001_1749137400_256277,840140001,256277,US,USD,Initial Jobless Claims,Initial Jobless Claims,2025.05.31 00:00:00,19235,0,CALENDAR_TIMEMODE_DATETIME,False,trade_server_time,CALENDAR_UNIT_NONE,0,CALENDAR_MULTIPLIER_THOUSANDS,False,,,,1749137400,2025.06.05 15:30:00,247,240,239,7,Long,True,,1749139200,2025.06.05 16:00:00,1800,1.14292,0.0013188659818281114,1.0,1.0,240,1.1416011340181718,1.1442388659818281,TARGET,1,2025.06.05 16:00:00,1,1.0,13.188659818281113,False,False,,,TARGET,1.0
SURROUNDING_EXPLORATORY_RELEASE,event_840030001_1749742200_229695,840030001,229695,US,USD,PPI m/m,PPI m/m,2025.05.01 00:00:00,6199,0,CALENDAR_TIMEMODE_DATETIME,False,trade_server_time,CALENDAR_UNIT_PERCENT,1,CALENDAR_MULTIPLIER_NONE,False,,,,1749742200,2025.06.12 15:30:00,0.1,-0.5,-0.2,0.6,Short,True,,1749744000,2025.06.12 16:00:00,1800,1.16094,0.0020649421843324063,1.0,1.0,240,1.1630049421843325,1.1588750578156677,TARGET,1,2025.06.12 16:00:00,1,1.0,20.649421843324063,False,False,,,TARGET,1.0
SURROUNDING_EXPLORATORY_RELEASE,event_840140001_1749742200_256278,840140001,256278,US,USD,Initial Jobless Claims,Initial Jobless Claims,2025.06.07 00:00:00,19236,0,CALENDAR_TIMEMODE_DATETIME,False,trade_server_time,CALENDAR_UNIT_NONE,0,CALENDAR_MULTIPLIER_THOUSANDS,False,,,,1749742200,2025.06.12 15:30:00,248,247,248,1,Long,True,,1749744000,2025.06.12 16:00:00,1800,1.16094,0.0020649421843324063,1.0,1.0,240,1.1588750578156677,1.1630049421843325,STOP,1,2025.06.12 16:00:00,1,-1.0,-20.649421843324063,False,False,,,STOP,-1.0
SURROUNDING_EXPLORATORY_RELEASE,event_840020010_1750174200_221080,840020010,221080,US,USD,Retail Sales m/m,Retail Sales m/m,2025.05.01 00:00:00,3400,0,CALENDAR_TIMEMODE_DATETIME,False,trade_server_time,CALENDAR_UNIT_PERCENT,1,CALENDAR_MULTIPLIER_NONE,False,,,,1750174200,2025.06.17 15:30:00,-0.9,0.1,-0.1,-1.0,Long,True,,1750176000,2025.06.17 16:00:00,1800,1.15503,0.0013888546221626449,1.0,1.0,240,1.1536411453778375,1.1564188546221625,TARGET,1,2025.06.17 16:00:00,1,1.0,13.888546221626449,False,False,,,TARGET,1.0
SURROUNDING_EXPLORATORY_RELEASE,event_840140001_1750260600_256279,840140001,256279,US,USD,Initial Jobless Claims,Initial Jobless Claims,2025.06.14 00:00:00,19237,0,CALENDAR_TIMEMODE_DATETIME,False,trade_server_time,CALENDAR_UNIT_NONE,0,CALENDAR_MULTIPLIER_THOUSANDS,False,,,,1750260600,2025.06.18 15:30:00,245,248,250,-3,Short,True,,1750262400,2025.06.18 16:00:00,1800,1.15056,0.0014877607760694059,1.0,1.0,240,1.1520477607760695,1.1490722392239305,TARGET,1,2025.06.18 16:00:00,1,1.0,14.877607760694058,False,False,,,TARGET,1.0
SURROUNDING_EXPLORATORY_RELEASE,event_840140001_1751556600_259139,840140001,259139,US,USD,Initial Jobless Claims,Initial Jobless Claims,2025.06.28 00:00:00,19239,0,CALENDAR_TIMEMODE_DATETIME,False,trade_server_time,CALENDAR_UNIT_NONE,0,CALENDAR_MULTIPLIER_THOUSANDS,False,,,,1751556600,2025.07.03 15:30:00,233,236,237,-3,Short,True,,1751558400,2025.07.03 16:00:00,1800,1.17379,0.0011922216591610329,1.0,1.0,240,1.174982221659161,1.1725977783408388,STOP,1,2025.07.03 16:00:00,1,-1.0,-11.922216591610328,False,False,,,STOP,-1.0
SURROUNDING_EXPLORATORY_RELEASE,event_840140001_1752161400_259140,840140001,259140,US,USD,Initial Jobless Claims,Initial Jobless Claims,2025.07.05 00:00:00,19240,0,CALENDAR_TIMEMODE_DATETIME,False,trade_server_time,CALENDAR_UNIT_NONE,0,CALENDAR_MULTIPLIER_THOUSANDS,False,,,,1752161400,2025.07.10 15:30:00,227,233,232,-6,Short,True,,1752163200,2025.07.10 16:00:00,1800,1.17061,0.0011244313108530021,1.0,1.0,240,1.1717344313108529,1.169485568689147,TARGET,1,2025.07.10 16:00:00,1,1.0,11.24431310853002,False,False,,,TARGET,1.0
SURROUNDING_EXPLORATORY_RELEASE,event_840030001_1752679800_229696,840030001,229696,US,USD,PPI m/m,PPI m/m,2025.06.01 00:00:00,6200,0,CALENDAR_TIMEMODE_DATETIME,False,trade_server_time,CALENDAR_UNIT_PERCENT,1,CALENDAR_MULTIPLIER_NONE,False,,,,1752679800,2025.07.16 15:30:00,0.0,0.1,0.3,-0.1,Long,True,,1752681600,2025.07.16 16:00:00,1800,1.15984,0.0011669279144445386,1.0,1.0,240,1.1586730720855554,1.1610069279144446,STOP,1,2025.07.16 16:00:00,1,-1.0,-11.669279144445387,False,False,,,STOP,-1.0
SURROUNDING_EXPLORATORY_RELEASE,event_840020010_1752766200_221081,840020010,221081,US,USD,Retail Sales m/m,Retail Sales m/m,2025.06.01 00:00:00,3401,0,CALENDAR_TIMEMODE_DATETIME,False,trade_server_time,CALENDAR_UNIT_PERCENT,1,CALENDAR_MULTIPLIER_NONE,False,,,,1752766200,2025.07.17 15:30:00,0.6,-0.9,,1.5,Short,True,,1752768000,2025.07.17 16:00:00,1800,1.15868,0.0017926270536449793,1.0,1.0,240,1.160472627053645,1.156887372946355,STOP,10,2025.07.18 01:00:00,10,-1.0,-17.926270536449792,False,False,,,STOP,-1.0
SURROUNDING_EXPLORATORY_RELEASE,event_840140001_1752766200_259141,840140001,259141,US,USD,Initial Jobless Claims,Initial Jobless Claims,2025.07.12 00:00:00,19241,0,CALENDAR_TIMEMODE_DATETIME,False,trade_server_time,CALENDAR_UNIT_NONE,0,CALENDAR_MULTIPLIER_THOUSANDS,False,,,,1752766200,2025.07.17 15:30:00,221,227,228,-6,Short,True,,1752768000,2025.07.17 16:00:00,1800,1.15868,0.0017926270536449793,1.0,1.0,240,1.160472627053645,1.156887372946355,STOP,10,2025.07.18 01:00:00,10,-1.0,-17.926270536449792,False,False,,,STOP,-1.0
SURROUNDING_EXPLORATORY_RELEASE,event_840140001_1753371000_259142,840140001,259142,US,USD,Initial Jobless Claims,Initial Jobless Claims,2025.07.19 00:00:00,19242,0,CALENDAR_TIMEMODE_DATETIME,False,trade_server_time,CALENDAR_UNIT_NONE,0,CALENDAR_MULTIPLIER_THOUSANDS,False,,,,1753371000,2025.07.24 15:30:00,217,221,,-4,Short,True,,1753372800,2025.07.24 16:00:00,1800,1.17359,0.001168877374908355,1.0,1.0,240,1.1747588773749083,1.1724211226250916,STOP,1,2025.07.24 16:00:00,1,-1.0,-11.68877374908355,False,False,,,STOP,-1.0
SURROUNDING_EXPLORATORY_RELEASE,event_840140001_1753975800_259143,840140001,259143,US,USD,Initial Jobless Claims,Initial Jobless Claims,2025.07.26 00:00:00,19243,0,CALENDAR_TIMEMODE_DATETIME,False,trade_server_time,CALENDAR_UNIT_NONE,0,CALENDAR_MULTIPLIER_THOUSANDS,False,,,,1753975800,2025.07.31 15:30:00,218,217,,1,Long,True,,1753977600,2025.07.31 16:00:00,1800,1.14284,0.001908380326594523,1.0,1.0,240,1.1409316196734056,1.1447483803265945,STOP,1,2025.07.31 16:00:00,1,-1.0,-19.083803265945228,False,False,,,STOP,-1.0
SURROUNDING_EXPLORATORY_RELEASE,event_840140001_1754580600_261852,840140001,261852,US,USD,Initial Jobless Claims,Initial Jobless Claims,2025.08.02 00:00:00,19244,0,CALENDAR_TIMEMODE_DATETIME,False,trade_server_time,CALENDAR_UNIT_NONE,0,CALENDAR_MULTIPLIER_THOUSANDS,False,,,,1754580600,2025.08.07 15:30:00,226,218,219,8,Long,True,,1754582400,2025.08.07 16:00:00,1800,1.16507,0.001572667951194509,1.0,1.0,240,1.1634973320488056,1.1666426679511945,STOP,2,2025.08.07 17:00:00,2,-1.0,-15.72667951194509,False,False,,,STOP,-1.0
SURROUNDING_EXPLORATORY_RELEASE,event_840030001_1755185400_229697,840030001,229697,US,USD,PPI m/m,PPI m/m,2025.07.01 00:00:00,6201,0,CALENDAR_TIMEMODE_DATETIME,False,trade_server_time,CALENDAR_UNIT_PERCENT,1,CALENDAR_MULTIPLIER_NONE,False,,,,1755185400,2025.08.14 15:30:00,0.9,0.0,,0.9,Short,True,,1755187200,2025.08.14 16:00:00,1800,1.16633,0.0012230078563516527,1.0,1.0,240,1.1675530078563516,1.1651069921436485,TARGET,1,2025.08.14 16:00:00,1,1.0,12.230078563516527,False,False,,,TARGET,1.0
SURROUNDING_EXPLORATORY_RELEASE,event_840140001_1755185400_261853,840140001,261853,US,USD,Initial Jobless Claims,Initial Jobless Claims,2025.08.09 00:00:00,19245,0,CALENDAR_TIMEMODE_DATETIME,False,trade_server_time,CALENDAR_UNIT_NONE,0,CALENDAR_MULTIPLIER_THOUSANDS,False,,,,1755185400,2025.08.14 15:30:00,224,226,227,-2,Short,True,,1755187200,2025.08.14 16:00:00,1800,1.16633,0.0012230078563516527,1.0,1.0,240,1.1675530078563516,1.1651069921436485,TARGET,1,2025.08.14 16:00:00,1,1.0,12.230078563516527,False,False,,,TARGET,1.0
SURROUNDING_EXPLORATORY_RELEASE,event_840020010_1755271800_221082,840020010,221082,US,USD,Retail Sales m/m,Retail Sales m/m,2025.07.01 00:00:00,3402,0,CALENDAR_TIMEMODE_DATETIME,False,trade_server_time,CALENDAR_UNIT_PERCENT,1,CALENDAR_MULTIPLIER_NONE,False,,,,1755271800,2025.08.15 15:30:00,0.5,0.6,0.9,-0.1,Long,True,,1755273600,2025.08.15 16:00:00,1800,1.16937,0.0010636514789776452,1.0,1.0,240,1.1683063485210223,1.1704336514789777,STOP,1,2025.08.15 16:00:00,1,-1.0,-10.63651478977645,True,False,,,TARGET,1.0
SURROUNDING_EXPLORATORY_RELEASE,event_840140001_1755790200_261854,840140001,261854,US,USD,Initial Jobless Claims,Initial Jobless Claims,2025.08.16 00:00:00,19246,0,CALENDAR_TIMEMODE_DATETIME,False,trade_server_time,CALENDAR_UNIT_NONE,0,CALENDAR_MULTIPLIER_THOUSANDS,False,,,,1755790200,2025.08.21 15:30:00,235,224,,11,Long,True,,1755792000,2025.08.21 16:00:00,1800,1.16462,0.0012284621089030602,1.0,1.0,240,1.1633915378910968,1.1658484621089031,STOP,1,2025.08.21 16:00:00,1,-1.0,-12.284621089030601,False,False,,,STOP,-1.0
SURROUNDING_EXPLORATORY_RELEASE,event_840140001_1756999800_264649,840140001,264649,US,USD,Initial Jobless Claims,Initial Jobless Claims,2025.08.30 00:00:00,19248,0,CALENDAR_TIMEMODE_DATETIME,False,trade_server_time,CALENDAR_UNIT_NONE,0,CALENDAR_MULTIPLIER_THOUSANDS,False,,,,1756999800,2025.09.04 15:30:00,237,229,,8,Long,True,,1757001600,2025.09.04 16:00:00,1800,1.16454,0.0012351154960023088,1.0,1.0,240,1.1633048845039975,1.1657751154960023,STOP,2,2025.09.04 17:00:00,2,-1.0,-12.351154960023088,False,False,,,STOP,-1.0
SURROUNDING_EXPLORATORY_RELEASE,event_840030001_1757518200_229698,840030001,229698,US,USD,PPI m/m,PPI m/m,2025.08.01 00:00:00,6202,0,CALENDAR_TIMEMODE_DATETIME,False,trade_server_time,CALENDAR_UNIT_PERCENT,1,CALENDAR_MULTIPLIER_NONE,False,,,,1757518200,2025.09.10 15:30:00,-0.1,0.9,0.9,-1.0,Long,True,,1757520000,2025.09.10 16:00:00,1800,1.16999,0.00137708773621697,1.0,1.0,240,1.1686129122637832,1.171367087736217,TARGET,1,2025.09.10 16:00:00,1,1.0,13.7708773621697,False,False,,,TARGET,1.0
SURROUNDING_EXPLORATORY_RELEASE,event_840140001_1757604600_264650,840140001,264650,US,USD,Initial Jobless Claims,Initial Jobless Claims,2025.09.06 00:00:00,19249,0,CALENDAR_TIMEMODE_DATETIME,False,trade_server_time,CALENDAR_UNIT_NONE,0,CALENDAR_MULTIPLIER_THOUSANDS,False,,,,1757604600,2025.09.11 15:30:00,263,237,236,26,Long,True,,1757606400,2025.09.11 16:00:00,1800,1.17153,0.0010949653430432308,1.0,1.0,240,1.1704350346569568,1.1726249653430432,TARGET,1,2025.09.11 16:00:00,1,1.0,10.949653430432308,False,False,,,TARGET,1.0
SURROUNDING_EXPLORATORY_RELEASE,event_840020010_1758036600_221083,840020010,221083,US,USD,Retail Sales m/m,Retail Sales m/m,2025.08.01 00:00:00,3403,0,CALENDAR_TIMEMODE_DATETIME,False,trade_server_time,CALENDAR_UNIT_PERCENT,1,CALENDAR_MULTIPLIER_NONE,False,,,,1758036600,2025.09.16 15:30:00,0.6,0.5,0.6,0.1,Short,True,,1758038400,2025.09.16 16:00:00,1800,1.18043,0.0012310447499442512,1.0,1.0,240,1.1816610447499443,1.179198955250056,STOP,1,2025.09.16 16:00:00,1,-1.0,-12.31044749944251,False,False,,,STOP,-1.0
SURROUNDING_EXPLORATORY_RELEASE,event_840140001_1758209400_264651,840140001,264651,US,USD,Initial Jobless Claims,Initial Jobless Claims,2025.09.13 00:00:00,19250,0,CALENDAR_TIMEMODE_DATETIME,False,trade_server_time,CALENDAR_UNIT_NONE,0,CALENDAR_MULTIPLIER_THOUSANDS,False,,,,1758209400,2025.09.18 15:30:00,231,263,264,-32,Short,True,,1758211200,2025.09.18 16:00:00,1800,1.17947,0.001773779355748161,1.0,1.0,240,1.1812437793557482,1.1776962206442518,TARGET,1,2025.09.18 16:00:00,1,1.0,17.73779355748161,False,False,,,TARGET,1.0
SURROUNDING_EXPLORATORY_RELEASE,event_840140001_1758814200_264652,840140001,264652,US,USD,Initial Jobless Claims,Initial Jobless Claims,2025.09.20 00:00:00,19251,0,CALENDAR_TIMEMODE_DATETIME,False,trade_server_time,CALENDAR_UNIT_NONE,0,CALENDAR_MULTIPLIER_THOUSANDS,False,,,,1758814200,2025.09.25 15:30:00,218,231,232,-13,Short,True,,1758816000,2025.09.25 16:00:00,1800,1.16978,0.001083173098862984,1.0,1.0,240,1.170863173098863,1.168696826901137,STOP,1,2025.09.25 16:00:00,1,-1.0,-10.83173098862984,True,False,,,TARGET,1.0
SURROUNDING_EXPLORATORY_RELEASE,event_840140001_1765470600_274481,840140001,274481,US,USD,Initial Jobless Claims,Initial Jobless Claims,2025.12.06 00:00:00,19255,0,CALENDAR_TIMEMODE_DATETIME,False,trade_server_time,CALENDAR_UNIT_NONE,0,CALENDAR_MULTIPLIER_THOUSANDS,False,,,,1765470600,2025.12.11 16:30:00,236,191,192,45,Long,True,,1765472400,2025.12.11 17:00:00,1800,1.17373,0.0011923175644359967,1.0,1.0,240,1.172537682435564,1.1749223175644359,TARGET,1,2025.12.11 17:00:00,1,1.0,11.923175644359967,False,False,,,TARGET,1.0
SURROUNDING_EXPLORATORY_RELEASE,event_840020010_1765902600_278531,840020010,278531,US,USD,Retail Sales m/m,Retail Sales m/m,2025.10.01 00:00:00,3405,0,CALENDAR_TIMEMODE_DATETIME,False,trade_server_time,CALENDAR_UNIT_PERCENT,1,CALENDAR_MULTIPLIER_NONE,False,,,,1765902600,2025.12.16 16:30:00,0.0,0.2,0.1,-0.2,Long,True,,1765904400,2025.12.16 17:00:00,1800,1.17991,0.0012148938207800126,1.0,1.0,240,1.17869510617922,1.1811248938207801,STOP,1,2025.12.16 17:00:00,1,-1.0,-12.148938207800125,False,False,,,STOP,-1.0
SURROUNDING_EXPLORATORY_RELEASE,event_840140001_1766075400_274482,840140001,274482,US,USD,Initial Jobless Claims,Initial Jobless Claims,2025.12.13 00:00:00,19256,0,CALENDAR_TIMEMODE_DATETIME,False,trade_server_time,CALENDAR_UNIT_NONE,0,CALENDAR_MULTIPLIER_THOUSANDS,False,,,,1766075400,2025.12.18 16:30:00,224,236,237,-12,Short,True,,1766077200,2025.12.18 17:00:00,1800,1.17341,0.0012688533354077778,1.0,1.0,240,1.1746788533354078,1.1721411466645923,TARGET,1,2025.12.18 17:00:00,1,1.0,12.688533354077778,False,False,,,TARGET,1.0
SURROUNDING_EXPLORATORY_RELEASE,event_840140001_1766593800_274483,840140001,274483,US,USD,Initial Jobless Claims,Initial Jobless Claims,2025.12.20 00:00:00,19257,0,CALENDAR_TIMEMODE_DATETIME,False,trade_server_time,CALENDAR_UNIT_NONE,0,CALENDAR_MULTIPLIER_THOUSANDS,False,,,,1766593800,2025.12.24 16:30:00,214,224,,-10,Short,True,,1766595600,2025.12.24 17:00:00,1800,1.17795,0.0009674250044289414,1.0,1.0,240,1.178917425004429,1.1769825749955711,STOP,10,2025.12.26 02:00:00,10,-1.0,-9.674250044289414,False,False,,,STOP,-1.0
SURROUNDING_EXPLORATORY_RELEASE,event_840140001_1767198600_274484,840140001,274484,US,USD,Initial Jobless Claims,Initial Jobless Claims,2025.12.27 00:00:00,19258,0,CALENDAR_TIMEMODE_DATETIME,False,trade_server_time,CALENDAR_UNIT_NONE,0,CALENDAR_MULTIPLIER_THOUSANDS,False,,,,1767198600,2025.12.31 16:30:00,199,214,215,-15,Short,True,,1767200400,2025.12.31 17:00:00,1800,1.17299,0.0010673022998031964,1.0,1.0,240,1.174057302299803,1.1719226977001969,STOP,1,2025.12.31 17:00:00,1,-1.0,-10.673022998031964,False,False,,,STOP,-1.0
SURROUNDING_EXPLORATORY_RELEASE,event_840140001_1767889800_277883,840140001,277883,US,USD,Initial Jobless Claims,Initial Jobless Claims,2026.01.03 00:00:00,19259,0,CALENDAR_TIMEMODE_DATETIME,False,trade_server_time,CALENDAR_UNIT_NONE,0,CALENDAR_MULTIPLIER_THOUSANDS,False,,,,1767889800,2026.01.08 16:30:00,208,199,200,9,Long,True,,1767891600,2026.01.08 17:00:00,1800,1.16641,0.0008306624952615965,1.0,1.0,240,1.1655793375047383,1.1672406624952616,TARGET,1,2026.01.08 17:00:00,1,1.0,8.306624952615964,False,False,,,TARGET,1.0
SURROUNDING_EXPLORATORY_RELEASE,event_840020010_1768408200_280738,840020010,280738,US,USD,Retail Sales m/m,Retail Sales m/m,2025.11.01 00:00:00,3406,0,CALENDAR_TIMEMODE_DATETIME,False,trade_server_time,CALENDAR_UNIT_PERCENT,1,CALENDAR_MULTIPLIER_NONE,False,,,,1768408200,2026.01.14 16:30:00,0.6,0.0,-0.1,0.6,Short,True,,1768410000,2026.01.14 17:00:00,1800,1.16551,0.0009665876422295892,1.0,1.0,240,1.1664765876422296,1.1645434123577705,TARGET,3,2026.01.14 19:00:00,3,1.0,9.665876422295892,False,False,,,TARGET,1.0
SURROUNDING_EXPLORATORY_RELEASE,event_840030001_1768408200_279347,840030001,279347,US,USD,PPI m/m,PPI m/m,2025.11.01 00:00:00,6204,0,CALENDAR_TIMEMODE_DATETIME,False,trade_server_time,CALENDAR_UNIT_PERCENT,1,CALENDAR_MULTIPLIER_NONE,False,,,,1768408200,2026.01.14 16:30:00,0.2,0.3,0.1,-0.1,Long,True,,1768410000,2026.01.14 17:00:00,1800,1.16551,0.0009665876422295892,1.0,1.0,240,1.1645434123577705,1.1664765876422296,STOP,3,2026.01.14 19:00:00,3,-1.0,-9.665876422295892,False,False,,,STOP,-1.0
SURROUNDING_EXPLORATORY_RELEASE,event_840140001_1768494600_277884,840140001,277884,US,USD,Initial Jobless Claims,Initial Jobless Claims,2026.01.10 00:00:00,19260,0,CALENDAR_TIMEMODE_DATETIME,False,trade_server_time,CALENDAR_UNIT_NONE,0,CALENDAR_MULTIPLIER_THOUSANDS,False,,,,1768494600,2026.01.15 16:30:00,198,208,207,-10,Short,True,,1768496400,2026.01.15 17:00:00,1800,1.16007,0.0009832576978661156,1.0,1.0,240,1.161053257697866,1.1590867423021338,STOP,3,2026.01.15 19:00:00,3,-1.0,-9.832576978661155,False,False,,,STOP,-1.0
SURROUNDING_EXPLORATORY_RELEASE,event_840140001_1769099400_277885,840140001,277885,US,USD,Initial Jobless Claims,Initial Jobless Claims,2026.01.17 00:00:00,19261,0,CALENDAR_TIMEMODE_DATETIME,False,trade_server_time,CALENDAR_UNIT_NONE,0,CALENDAR_MULTIPLIER_THOUSANDS,False,,,,1769099400,2026.01.22 16:30:00,200,198,199,2,Long,True,,1769101200,2026.01.22 17:00:00,1800,1.17192,0.0011984097522120451,1.0,1.0,240,1.170721590247788,1.173118409752212,TARGET,1,2026.01.22 17:00:00,1,1.0,11.98409752212045,False,False,,,TARGET,1.0
SURROUNDING_EXPLORATORY_RELEASE,event_840140001_1770309000_282047,840140001,282047,US,USD,Initial Jobless Claims,Initial Jobless Claims,2026.01.31 00:00:00,19263,0,CALENDAR_TIMEMODE_DATETIME,False,trade_server_time,CALENDAR_UNIT_NONE,0,CALENDAR_MULTIPLIER_THOUSANDS,False,,,,1770309000,2026.02.05 16:30:00,231,209,,22,Long,True,,1770310800,2026.02.05 17:00:00,1800,1.17976,0.0013084499009395549,1.0,1.0,240,1.1784515500990604,1.1810684499009394,STOP,1,2026.02.05 17:00:00,1,-1.0,-13.084499009395548,True,False,,,TARGET,1.0
SURROUNDING_EXPLORATORY_RELEASE,event_840020010_1770741000_285382,840020010,285382,US,USD,Retail Sales m/m,Retail Sales m/m,2025.12.01 00:00:00,3407,0,CALENDAR_TIMEMODE_DATETIME,False,trade_server_time,CALENDAR_UNIT_PERCENT,1,CALENDAR_MULTIPLIER_NONE,False,,,,1770741000,2026.02.10 16:30:00,0.0,0.6,,-0.6,Long,True,,1770742800,2026.02.10 17:00:00,1800,1.19141,0.0012529550727285895,1.0,1.0,240,1.1901570449272716,1.1926629550727286,STOP,1,2026.02.10 17:00:00,1,-1.0,-12.529550727285894,False,False,,,STOP,-1.0
SURROUNDING_EXPLORATORY_RELEASE,event_840140001_1770913800_282048,840140001,282048,US,USD,Initial Jobless Claims,Initial Jobless Claims,2026.02.07 00:00:00,19264,0,CALENDAR_TIMEMODE_DATETIME,False,trade_server_time,CALENDAR_UNIT_NONE,0,CALENDAR_MULTIPLIER_THOUSANDS,False,,,,1770913800,2026.02.12 16:30:00,227,231,232,-4,Short,True,,1770915600,2026.02.12 17:00:00,1800,1.18825,0.0013210437908108845,1.0,1.0,240,1.189571043790811,1.1869289562091891,TARGET,2,2026.02.12 18:00:00,2,1.0,13.210437908108844,False,False,,,TARGET,1.0
SURROUNDING_EXPLORATORY_RELEASE,event_840140001_1771518600_282049,840140001,282049,US,USD,Initial Jobless Claims,Initial Jobless Claims,2026.02.14 00:00:00,19265,0,CALENDAR_TIMEMODE_DATETIME,False,trade_server_time,CALENDAR_UNIT_NONE,0,CALENDAR_MULTIPLIER_THOUSANDS,False,,,,1771518600,2026.02.19 16:30:00,206,227,229,-21,Short,True,,1771520400,2026.02.19 17:00:00,1800,1.17516,0.0010695610239977269,1.0,1.0,240,1.1762295610239977,1.1740904389760023,STOP,1,2026.02.19 17:00:00,1,-1.0,-10.695610239977269,False,False,,,STOP,-1.0
SURROUNDING_EXPLORATORY_RELEASE,event_840140001_1772123400_282050,840140001,282050,US,USD,Initial Jobless Claims,Initial Jobless Claims,2026.02.21 00:00:00,19266,0,CALENDAR_TIMEMODE_DATETIME,False,trade_server_time,CALENDAR_UNIT_NONE,0,CALENDAR_MULTIPLIER_THOUSANDS,False,,,,1772123400,2026.02.26 16:30:00,212,206,208,6,Long,True,,1772125200,2026.02.26 17:00:00,1800,1.18123,0.0009495772226190277,1.0,1.0,240,1.1802804227773809,1.1821795772226191,STOP,1,2026.02.26 17:00:00,1,-1.0,-9.495772226190276,False,False,,,STOP,-1.0
SURROUNDING_EXPLORATORY_RELEASE,event_840030001_1772209800_283834,840030001,283834,US,USD,PPI m/m,PPI m/m,2026.01.01 00:00:00,6206,0,CALENDAR_TIMEMODE_DATETIME,False,trade_server_time,CALENDAR_UNIT_PERCENT,1,CALENDAR_MULTIPLIER_NONE,False,,,,1772209800,2026.02.27 16:30:00,0.5,0.5,0.4,0.0,Flat,False,FLAT_DIRECTION,,,,,,,,,,,,,,,,,,,,,,
SURROUNDING_EXPLORATORY_RELEASE,event_840140001_1772728200_286181,840140001,286181,US,USD,Initial Jobless Claims,Initial Jobless Claims,2026.02.28 00:00:00,19267,0,CALENDAR_TIMEMODE_DATETIME,False,trade_server_time,CALENDAR_UNIT_NONE,0,CALENDAR_MULTIPLIER_THOUSANDS,False,,,,1772728200,2026.03.05 16:30:00,213,212,213,1,Long,True,,1772730000,2026.03.05 17:00:00,1800,1.16029,0.002067853750137244,1.0,1.0,240,1.1582221462498627,1.1623578537501373,STOP,1,2026.03.05 17:00:00,1,-1.0,-20.67853750137244,False,False,,,STOP,-1.0
SURROUNDING_EXPLORATORY_RELEASE,event_840020010_1772814600_290255,840020010,290255,US,USD,Retail Sales m/m,Retail Sales m/m,2026.01.01 00:00:00,3408,0,CALENDAR_TIMEMODE_DATETIME,False,trade_server_time,CALENDAR_UNIT_PERCENT,1,CALENDAR_MULTIPLIER_NONE,False,,,,1772814600,2026.03.06 16:30:00,-0.2,0.0,,-0.2,Long,True,,1772816400,2026.03.06 17:00:00,1800,1.15714,0.0018106235078785091,1.0,1.0,240,1.1553293764921215,1.1589506235078786,TARGET,1,2026.03.06 17:00:00,1,1.0,18.10623507878509,False,False,,,TARGET,1.0
SURROUNDING_EXPLORATORY_RELEASE,event_840140001_1773329400_286182,840140001,286182,US,USD,Initial Jobless Claims,Initial Jobless Claims,2026.03.07 00:00:00,19268,0,CALENDAR_TIMEMODE_DATETIME,False,trade_server_time,CALENDAR_UNIT_NONE,0,CALENDAR_MULTIPLIER_THOUSANDS,False,,,,1773329400,2026.03.12 15:30:00,213,213,214,0,Flat,False,FLAT_DIRECTION,,,,,,,,,,,,,,,,,,,,,,
SURROUNDING_EXPLORATORY_RELEASE,event_840030001_1773847800_288619,840030001,288619,US,USD,PPI m/m,PPI m/m,2026.02.01 00:00:00,6207,0,CALENDAR_TIMEMODE_DATETIME,False,trade_server_time,CALENDAR_UNIT_PERCENT,1,CALENDAR_MULTIPLIER_NONE,False,,,,1773847800,2026.03.18 15:30:00,0.7,0.5,,0.2,Short,True,,1773849600,2026.03.18 16:00:00,1800,1.15145,0.0015092902298499589,1.0,1.0,240,1.15295929022985,1.1499407097701502,TARGET,5,2026.03.18 20:00:00,5,1.0,15.092902298499588,False,False,,,TARGET,1.0
SURROUNDING_EXPLORATORY_RELEASE,event_840140001_1773934200_286183,840140001,286183,US,USD,Initial Jobless Claims,Initial Jobless Claims,2026.03.14 00:00:00,19269,0,CALENDAR_TIMEMODE_DATETIME,False,trade_server_time,CALENDAR_UNIT_NONE,0,CALENDAR_MULTIPLIER_THOUSANDS,False,,,,1773934200,2026.03.19 15:30:00,205,213,,-8,Short,True,,1773936000,2026.03.19 16:00:00,1800,1.15172,0.0017684996911222991,1.0,1.0,240,1.1534884996911223,1.1499515003088778,STOP,2,2026.03.19 17:00:00,2,-1.0,-17.684996911222992,True,False,,,TARGET,1.0
SURROUNDING_EXPLORATORY_RELEASE,event_840020010_1775057400_293688,840020010,293688,US,USD,Retail Sales m/m,Retail Sales m/m,2026.02.01 00:00:00,3409,0,CALENDAR_TIMEMODE_DATETIME,False,trade_server_time,CALENDAR_UNIT_PERCENT,1,CALENDAR_MULTIPLIER_NONE,False,,,,1775057400,2026.04.01 15:30:00,0.6,-0.2,-0.1,0.8,Short,True,,1775059200,2026.04.01 16:00:00,1800,1.16043,0.0016853279431295564,1.0,1.0,240,1.1621153279431296,1.1587446720568706,STOP,1,2026.04.01 16:00:00,1,-1.0,-16.85327943129556,False,False,,,STOP,-1.0
SURROUNDING_EXPLORATORY_RELEASE,event_840140001_1775143800_291106,840140001,291106,US,USD,Initial Jobless Claims,Initial Jobless Claims,2026.03.28 00:00:00,19271,0,CALENDAR_TIMEMODE_DATETIME,False,trade_server_time,CALENDAR_UNIT_NONE,0,CALENDAR_MULTIPLIER_THOUSANDS,False,,,,1775143800,2026.04.02 15:30:00,202,210,211,-8,Short,True,,1775145600,2026.04.02 16:00:00,1800,1.1524,0.0016051767711012367,1.0,1.0,240,1.1540051767711013,1.150794823228899,STOP,2,2026.04.02 17:00:00,2,-1.0,-16.051767711012367,False,False,,,STOP,-1.0
SURROUNDING_EXPLORATORY_RELEASE,event_840140001_1775748600_291107,840140001,291107,US,USD,Initial Jobless Claims,Initial Jobless Claims,2026.04.04 00:00:00,19272,0,CALENDAR_TIMEMODE_DATETIME,False,trade_server_time,CALENDAR_UNIT_NONE,0,CALENDAR_MULTIPLIER_THOUSANDS,False,,,,1775748600,2026.04.09 15:30:00,219,202,203,17,Long,True,,1775750400,2026.04.09 16:00:00,1800,1.16859,0.0013832978659164298,1.0,1.0,240,1.1672067021340835,1.1699732978659165,TARGET,3,2026.04.09 18:00:00,3,1.0,13.832978659164297,False,False,,,TARGET,1.0
SURROUNDING_EXPLORATORY_RELEASE,event_840030001_1776180600_277438,840030001,277438,US,USD,PPI m/m,PPI m/m,2026.03.01 00:00:00,6208,0,CALENDAR_TIMEMODE_DATETIME,False,trade_server_time,CALENDAR_UNIT_PERCENT,1,CALENDAR_MULTIPLIER_NONE,False,,,,1776180600,2026.04.14 15:30:00,0.5,0.7,0.5,-0.2,Long,True,,1776182400,2026.04.14 16:00:00,1800,1.18041,0.0011899258557117281,1.0,1.0,240,1.1792200741442882,1.1815999258557117,STOP,3,2026.04.14 18:00:00,3,-1.0,-11.89925855711728,False,False,,,STOP,-1.0
SURROUNDING_EXPLORATORY_RELEASE,event_840140001_1776353400_291108,840140001,291108,US,USD,Initial Jobless Claims,Initial Jobless Claims,2026.04.11 00:00:00,19273,0,CALENDAR_TIMEMODE_DATETIME,False,trade_server_time,CALENDAR_UNIT_NONE,0,CALENDAR_MULTIPLIER_THOUSANDS,False,,,,1776353400,2026.04.16 15:30:00,207,219,218,-12,Short,True,,1776355200,2026.04.16 16:00:00,1800,1.17812,0.001027089370209008,1.0,1.0,240,1.179147089370209,1.1770929106297912,TARGET,1,2026.04.16 16:00:00,1,1.0,10.270893702090081,False,False,,,TARGET,1.0
SURROUNDING_EXPLORATORY_RELEASE,event_840020010_1776785400_293689,840020010,293689,US,USD,Retail Sales m/m,Retail Sales m/m,2026.03.01 00:00:00,3410,0,CALENDAR_TIMEMODE_DATETIME,False,trade_server_time,CALENDAR_UNIT_PERCENT,1,CALENDAR_MULTIPLIER_NONE,False,,,,1776785400,2026.04.21 15:30:00,1.7,0.6,0.7,1.1,Short,True,,1776787200,2026.04.21 16:00:00,1800,1.17591,0.0009287568030907193,1.0,1.0,240,1.1768387568030907,1.1749812431969093,STOP,1,2026.04.21 16:00:00,1,-1.0,-9.287568030907194,False,False,,,STOP,-1.0
SURROUNDING_EXPLORATORY_RELEASE,event_840140001_1776958200_291109,840140001,291109,US,USD,Initial Jobless Claims,Initial Jobless Claims,2026.04.18 00:00:00,19274,0,CALENDAR_TIMEMODE_DATETIME,False,trade_server_time,CALENDAR_UNIT_NONE,0,CALENDAR_MULTIPLIER_THOUSANDS,False,,,,1776958200,2026.04.23 15:30:00,214,207,208,7,Long,True,,1776960000,2026.04.23 16:00:00,1800,1.16917,0.0011356382776899127,1.0,1.0,240,1.1680343617223101,1.17030563827769,TARGET,2,2026.04.23 17:00:00,2,1.0,11.356382776899126,False,False,,,TARGET,1.0
SURROUNDING_EXPLORATORY_RELEASE,event_840140001_1777563000_291110,840140001,291110,US,USD,Initial Jobless Claims,Initial Jobless Claims,2026.04.25 00:00:00,19275,0,CALENDAR_TIMEMODE_DATETIME,False,trade_server_time,CALENDAR_UNIT_NONE,0,CALENDAR_MULTIPLIER_THOUSANDS,False,,,,1777563000,2026.04.30 15:30:00,189,214,215,-25,Short,True,,1777564800,2026.04.30 16:00:00,1800,1.16922,0.0014225439247825035,1.0,1.0,240,1.1706425439247825,1.1677974560752173,STOP,2,2026.04.30 17:00:00,2,-1.0,-14.225439247825035,False,False,,,STOP,-1.0
SURROUNDING_EXPLORATORY_RELEASE,event_840140001_1778167800_295454,840140001,295454,US,USD,Initial Jobless Claims,Initial Jobless Claims,2026.05.02 00:00:00,19276,0,CALENDAR_TIMEMODE_DATETIME,False,trade_server_time,CALENDAR_UNIT_NONE,0,CALENDAR_MULTIPLIER_THOUSANDS,False,,,,1778167800,2026.05.07 15:30:00,200,189,190,11,Long,True,,1778169600,2026.05.07 16:00:00,1800,1.17723,0.001101857704108385,1.0,1.0,240,1.1761281422958916,1.1783318577041084,STOP,4,2026.05.07 19:00:00,4,-1.0,-11.01857704108385,False,False,,,STOP,-1.0
SURROUNDING_EXPLORATORY_RELEASE,event_840030001_1778686200_277439,840030001,277439,US,USD,PPI m/m,PPI m/m,2026.04.01 00:00:00,6209,0,CALENDAR_TIMEMODE_DATETIME,False,trade_server_time,CALENDAR_UNIT_PERCENT,1,CALENDAR_MULTIPLIER_NONE,False,,,,1778686200,2026.05.13 15:30:00,1.4,0.5,0.7,0.9,Short,True,,1778688000,2026.05.13 16:00:00,1800,1.17013,0.000929870205952622,1.0,1.0,240,1.1710598702059525,1.1692001297940473,STOP,1,2026.05.13 16:00:00,1,-1.0,-9.298702059526219,False,False,,,STOP,-1.0
SURROUNDING_EXPLORATORY_RELEASE,event_840020010_1778772600_270279,840020010,270279,US,USD,Retail Sales m/m,Retail Sales m/m,2026.04.01 00:00:00,3411,0,CALENDAR_TIMEMODE_DATETIME,False,trade_server_time,CALENDAR_UNIT_PERCENT,1,CALENDAR_MULTIPLIER_NONE,False,,,,1778772600,2026.05.14 15:30:00,0.5,1.7,1.6,-1.2,Long,True,,1778774400,2026.05.14 16:00:00,1800,1.16966,0.0008086933790793244,1.0,1.0,240,1.1688513066209205,1.1704686933790793,STOP,1,2026.05.14 16:00:00,1,-1.0,-8.086933790793244,False,False,,,STOP,-1.0
SURROUNDING_EXPLORATORY_RELEASE,event_840140001_1778772600_295455,840140001,295455,US,USD,Initial Jobless Claims,Initial Jobless Claims,2026.05.09 00:00:00,19277,0,CALENDAR_TIMEMODE_DATETIME,False,trade_server_time,CALENDAR_UNIT_NONE,0,CALENDAR_MULTIPLIER_THOUSANDS,False,,,,1778772600,2026.05.14 15:30:00,211,200,199,11,Long,True,,1778774400,2026.05.14 16:00:00,1800,1.16966,0.0008086933790793244,1.0,1.0,240,1.1688513066209205,1.1704686933790793,STOP,1,2026.05.14 16:00:00,1,-1.0,-8.086933790793244,False,False,,,STOP,-1.0
SURROUNDING_EXPLORATORY_RELEASE,event_840140001_1779377400_295456,840140001,295456,US,USD,Initial Jobless Claims,Initial Jobless Claims,2026.05.16 00:00:00,19278,0,CALENDAR_TIMEMODE_DATETIME,False,trade_server_time,CALENDAR_UNIT_NONE,0,CALENDAR_MULTIPLIER_THOUSANDS,False,,,,1779377400,2026.05.21 15:30:00,209,211,212,-2,Short,True,,1779379200,2026.05.21 16:00:00,1800,1.15967,0.0014373966030484066,1.0,1.0,240,1.1611073966030483,1.1582326033969517,TARGET,1,2026.05.21 16:00:00,1,1.0,14.373966030484066,False,False,,,TARGET,1.0
SURROUNDING_EXPLORATORY_RELEASE,event_840140001_1779982200_295457,840140001,295457,US,USD,Initial Jobless Claims,Initial Jobless Claims,2026.05.23 00:00:00,19279,0,CALENDAR_TIMEMODE_DATETIME,False,trade_server_time,CALENDAR_UNIT_NONE,0,CALENDAR_MULTIPLIER_THOUSANDS,False,,,,1779982200,2026.05.28 15:30:00,215,209,210,6,Long,True,,1779984000,2026.05.28 16:00:00,1800,1.16363,0.0010798082004549504,1.0,1.0,240,1.1625501917995449,1.164709808200455,TARGET,2,2026.05.28 17:00:00,2,1.0,10.798082004549503,False,False,,,TARGET,1.0
SURROUNDING_EXPLORATORY_RELEASE,event_840140001_1780587000_300863,840140001,300863,US,USD,Initial Jobless Claims,Initial Jobless Claims,2026.05.30 00:00:00,19280,0,CALENDAR_TIMEMODE_DATETIME,False,trade_server_time,CALENDAR_UNIT_NONE,0,CALENDAR_MULTIPLIER_THOUSANDS,False,,,,1780587000,2026.06.04 15:30:00,225,215,212,10,Long,True,,1780588800,2026.06.04 16:00:00,1800,1.16363,0.0009762226755567907,1.0,1.0,240,1.1626537773244432,1.1646062226755567,STOP,3,2026.06.04 18:00:00,3,-1.0,-9.762226755567907,False,False,,,STOP,-1.0
SURROUNDING_EXPLORATORY_RELEASE,event_840030001_1781191800_277440,840030001,277440,US,USD,PPI m/m,PPI m/m,2026.05.01 00:00:00,6210,0,CALENDAR_TIMEMODE_DATETIME,False,trade_server_time,CALENDAR_UNIT_PERCENT,1,CALENDAR_MULTIPLIER_NONE,False,,,,1781191800,2026.06.11 15:30:00,1.1,1.4,1.1,-0.3,Long,True,,1781193600,2026.06.11 16:00:00,1800,1.15392,0.0010533783925610247,1.0,1.0,240,1.152866621607439,1.154973378392561,STOP,1,2026.06.11 16:00:00,1,-1.0,-10.533783925610246,False,False,,,STOP,-1.0
SURROUNDING_EXPLORATORY_RELEASE,event_840140001_1781191800_300864,840140001,300864,US,USD,Initial Jobless Claims,Initial Jobless Claims,2026.06.06 00:00:00,19281,0,CALENDAR_TIMEMODE_DATETIME,False,trade_server_time,CALENDAR_UNIT_NONE,0,CALENDAR_MULTIPLIER_THOUSANDS,False,,,,1781191800,2026.06.11 15:30:00,229,225,,4,Long,True,,1781193600,2026.06.11 16:00:00,1800,1.15392,0.0010533783925610247,1.0,1.0,240,1.152866621607439,1.154973378392561,STOP,1,2026.06.11 16:00:00,1,-1.0,-10.533783925610246,False,False,,,STOP,-1.0
SURROUNDING_EXPLORATORY_RELEASE,event_840020010_1781710200_270280,840020010,270280,US,USD,Retail Sales m/m,Retail Sales m/m,2026.05.01 00:00:00,3412,0,CALENDAR_TIMEMODE_DATETIME,False,trade_server_time,CALENDAR_UNIT_PERCENT,1,CALENDAR_MULTIPLIER_NONE,False,,,,1781710200,2026.06.17 15:30:00,0.9,0.5,0.4,0.4,Short,True,,1781712000,2026.06.17 16:00:00,1800,1.16014,0.0008271035109060437,1.0,1.0,240,1.160967103510906,1.159312896489094,TARGET,2,2026.06.17 17:00:00,2,1.0,8.271035109060437,False,False,,,TARGET,1.0
SURROUNDING_EXPLORATORY_RELEASE,event_840140001_1781796600_300865,840140001,300865,US,USD,Initial Jobless Claims,Initial Jobless Claims,2026.06.13 00:00:00,19282,0,CALENDAR_TIMEMODE_DATETIME,False,trade_server_time,CALENDAR_UNIT_NONE,0,CALENDAR_MULTIPLIER_THOUSANDS,False,,,,1781796600,2026.06.18 15:30:00,226,229,230,-3,Short,True,,1781798400,2026.06.18 16:00:00,1800,1.14686,0.0014224788310582721,1.0,1.0,240,1.1482824788310582,1.1454375211689418,STOP,1,2026.06.18 16:00:00,1,-1.0,-14.22478831058272,False,False,,,STOP,-1.0
SURROUNDING_EXPLORATORY_RELEASE,event_840140001_1783006200_305526,840140001,305526,US,USD,Initial Jobless Claims,Initial Jobless Claims,2026.06.27 00:00:00,19284,0,CALENDAR_TIMEMODE_DATETIME,False,trade_server_time,CALENDAR_UNIT_NONE,0,CALENDAR_MULTIPLIER_THOUSANDS,False,,,,1783006200,2026.07.02 15:30:00,215,215,216,0,Flat,False,FLAT_DIRECTION,,,,,,,,,,,,,,,,,,,,,,
SURROUNDING_EXPLORATORY_RELEASE,event_840140001_1783611000_305527,840140001,305527,US,USD,Initial Jobless Claims,Initial Jobless Claims,2026.07.04 00:00:00,19285,0,CALENDAR_TIMEMODE_DATETIME,False,trade_server_time,CALENDAR_UNIT_NONE,0,CALENDAR_MULTIPLIER_THOUSANDS,False,,,,1783611000,2026.07.09 15:30:00,215,215,217,0,Flat,False,FLAT_DIRECTION,,,,,,,,,,,,,,,,,,,,,,
SURROUNDING_EXPLORATORY_RELEASE,event_840030001_1784129400_277441,840030001,277441,US,USD,PPI m/m,PPI m/m,2026.06.01 00:00:00,6211,0,CALENDAR_TIMEMODE_DATETIME,False,trade_server_time,CALENDAR_UNIT_PERCENT,1,CALENDAR_MULTIPLIER_NONE,False,,,,1784129400,2026.07.15 15:30:00,-0.3,1.1,0.6,-1.4,Long,True,,1784131200,2026.07.15 16:00:00,1800,1.14279,0.0010039125064374552,1.0,1.0,240,1.1417860874935626,1.1437939125064374,TARGET,2,2026.07.15 17:00:00,2,1.0,10.03912506437455,False,False,,,TARGET,1.0
SURROUNDING_EXPLORATORY_RELEASE,event_840020010_1784215800_270281,840020010,270281,US,USD,Retail Sales m/m,Retail Sales m/m,2026.06.01 00:00:00,3413,0,CALENDAR_TIMEMODE_DATETIME,False,trade_server_time,CALENDAR_UNIT_PERCENT,1,CALENDAR_MULTIPLIER_NONE,False,,,,1784215800,2026.07.16 15:30:00,0.2,0.9,1.0,-0.7,Long,True,,1784217600,2026.07.16 16:00:00,1800,1.14469,0.0009426972096631691,1.0,1.0,240,1.1437473027903369,1.145632697209663,TARGET,1,2026.07.16 16:00:00,1,1.0,9.42697209663169,False,False,,,TARGET,1.0
SURROUNDING_EXPLORATORY_RELEASE,event_840140001_1784215800_305528,840140001,305528,US,USD,Initial Jobless Claims,Initial Jobless Claims,2026.07.11 00:00:00,19286,0,CALENDAR_TIMEMODE_DATETIME,False,trade_server_time,CALENDAR_UNIT_NONE,0,CALENDAR_MULTIPLIER_THOUSANDS,False,,,,1784215800,2026.07.16 15:30:00,208,215,216,-7,Short,True,,1784217600,2026.07.16 16:00:00,1800,1.14469,0.0009426972096631691,1.0,1.0,240,1.145632697209663,1.1437473027903369,STOP,1,2026.07.16 16:00:00,1,-1.0,-9.42697209663169,False,False,,,STOP,-1.0
SURROUNDING_EXPLORATORY_RELEASE,event_840140001_1784820600_305529,840140001,305529,US,USD,Initial Jobless Claims,Initial Jobless Claims,2026.07.18 00:00:00,19287,0,CALENDAR_TIMEMODE_DATETIME,False,trade_server_time,CALENDAR_UNIT_NONE,0,CALENDAR_MULTIPLIER_THOUSANDS,False,,,,1784820600,2026.07.23 15:30:00,187,208,209,-21,Short,True,,1784822400,2026.07.23 16:00:00,1800,1.13843,0.0008848689828965205,1.0,1.0,240,1.1393148689828965,1.1375451310171036,TARGET,1,2026.07.23 16:00:00,1,1.0,8.848689828965204,False,False,,,TARGET,1.0
SURROUNDING_EXPLORATORY_RELEASE,event_840140001_1785425400_305530,840140001,305530,US,USD,Initial Jobless Claims,Initial Jobless Claims,2026.07.25 00:00:00,19288,0,CALENDAR_TIMEMODE_DATETIME,False,trade_server_time,CALENDAR_UNIT_NONE,0,CALENDAR_MULTIPLIER_THOUSANDS,False,,,,1785425400,2026.07.30 15:30:00,197,187,188,10,Long,True,,1785427200,2026.07.30 16:00:00,1800,1.14722,0.0013527792337166774,1.0,1.0,240,1.1458672207662832,1.1485727792337166,TARGET,1,2026.07.30 16:00:00,1,1.0,13.527792337166774,False,False,,,TARGET,1.0
SURROUNDING_EXPLORATORY_RELEASE,event_840140001_1786030200_309701,840140001,309701,US,USD,Initial Jobless Claims,Initial Jobless Claims,2026.08.01 00:00:00,19289,0,CALENDAR_TIMEMODE_DATETIME,False,trade_server_time,CALENDAR_UNIT_NONE,0,CALENDAR_MULTIPLIER_THOUSANDS,False,,,,1786030200,2026.08.06 15:30:00,199,197,198,2,Long,True,,1786032000,2026.08.06 16:00:00,1800,1.1538,0.0007308872287309635,1.0,1.0,240,1.153069112771269,1.154530887228731,STOP,2,2026.08.06 17:00:00,2,-1.0,-7.308872287309635,False,False,,,STOP,-1.0
SURROUNDING_EXPLORATORY_RELEASE,event_840030001_1786635000_277442,840030001,277442,US,USD,PPI m/m,PPI m/m,2026.07.01 00:00:00,6212,0,CALENDAR_TIMEMODE_DATETIME,False,trade_server_time,CALENDAR_UNIT_PERCENT,1,CALENDAR_MULTIPLIER_NONE,False,,,,1786635000,2026.08.13 15:30:00,0.0,-0.3,-0.1,0.3,Short,True,,1786636800,2026.08.13 16:00:00,1800,1.15437,0.0007573768886381158,1.0,1.0,240,1.155127376888638,1.1536126231113617,TARGET,1,2026.08.13 16:00:00,1,1.0,7.573768886381158,False,False,,,TARGET,1.0
SURROUNDING_EXPLORATORY_RELEASE,event_840140001_1786635000_309702,840140001,309702,US,USD,Initial Jobless Claims,Initial Jobless Claims,2026.08.08 00:00:00,19290,0,CALENDAR_TIMEMODE_DATETIME,False,trade_server_time,CALENDAR_UNIT_NONE,0,CALENDAR_MULTIPLIER_THOUSANDS,False,,,,1786635000,2026.08.13 15:30:00,209,199,200,10,Long,True,,1786636800,2026.08.13 16:00:00,1800,1.15437,0.0007573768886381158,1.0,1.0,240,1.1536126231113617,1.155127376888638,STOP,1,2026.08.13 16:00:00,1,-1.0,-7.573768886381158,False,False,,,STOP,-1.0
SURROUNDING_EXPLORATORY_RELEASE,event_840020010_1786721400_270282,840020010,270282,US,USD,Retail Sales m/m,Retail Sales m/m,2026.07.01 00:00:00,3414,0,CALENDAR_TIMEMODE_DATETIME,False,trade_server_time,CALENDAR_UNIT_PERCENT,1,CALENDAR_MULTIPLIER_NONE,False,,,,1786721400,2026.08.14 15:30:00,-0.6,0.2,,-0.8,Long,True,,1786723200,2026.08.14 16:00:00,1800,1.15655,0.0007138781587749698,1.0,1.0,240,1.155836121841225,1.157263878158775,TARGET,1,2026.08.14 16:00:00,1,1.0,7.138781587749698,False,False,,,TARGET,1.0
SURROUNDING_EXPLORATORY_RELEASE,event_840140001_1787239800_309703,840140001,309703,US,USD,Initial Jobless Claims,Initial Jobless Claims,2026.08.15 00:00:00,19291,0,CALENDAR_TIMEMODE_DATETIME,False,trade_server_time,CALENDAR_UNIT_NONE,0,CALENDAR_MULTIPLIER_THOUSANDS,False,,,,1787239800,2026.08.20 15:30:00,206,209,212,-3,Short,True,,1787241600,2026.08.20 16:00:00,1800,1.16882,0.0011440075144110856,1.0,1.0,240,1.169964007514411,1.1676759924855888,TARGET,1,2026.08.20 16:00:00,1,1.0,11.440075144110855,False,False,,,TARGET,1.0
SURROUNDING_EXPLORATORY_RELEASE,event_840140001_1788449400_313646,840140001,313646,US,USD,Initial Jobless Claims,Initial Jobless Claims,2026.08.29 00:00:00,19293,0,CALENDAR_TIMEMODE_DATETIME,False,trade_server_time,CALENDAR_UNIT_NONE,0,CALENDAR_MULTIPLIER_THOUSANDS,False,,,,1788449400,2026.09.03 15:30:00,206,203,204,3,Long,True,,1788451200,2026.09.03 16:00:00,1800,1.16253,0.0008937718374005772,1.0,1.0,240,1.1616362281625996,1.1634237718374005,STOP,2,2026.09.03 17:00:00,2,-1.0,-8.93771837400577,False,False,,,STOP,-1.0
SURROUNDING_EXPLORATORY_RELEASE,event_840030001_1789054200_277443,840030001,277443,US,USD,PPI m/m,PPI m/m,2026.08.01 00:00:00,6213,0,CALENDAR_TIMEMODE_DATETIME,False,trade_server_time,CALENDAR_UNIT_PERCENT,1,CALENDAR_MULTIPLIER_NONE,False,,,,1789054200,2026.09.10 15:30:00,0.4,0.0,0.1,0.4,Short,True,,1789056000,2026.09.10 16:00:00,1800,1.16041,0.0008102910776923435,1.0,1.0,240,1.1612202910776923,1.1595997089223076,STOP,1,2026.09.10 16:00:00,1,-1.0,-8.102910776923435,False,False,,,STOP,-1.0
SURROUNDING_EXPLORATORY_RELEASE,event_840140001_1789054200_313647,840140001,313647,US,USD,Initial Jobless Claims,Initial Jobless Claims,2026.09.05 00:00:00,19294,0,CALENDAR_TIMEMODE_DATETIME,False,trade_server_time,CALENDAR_UNIT_NONE,0,CALENDAR_MULTIPLIER_THOUSANDS,False,,,,1789054200,2026.09.10 15:30:00,206,206,207,0,Flat,False,FLAT_DIRECTION,,,,,,,,,,,,,,,,,,,,,,
SURROUNDING_EXPLORATORY_RELEASE,event_840020010_1789572600_270283,840020010,270283,US,USD,Retail Sales m/m,Retail Sales m/m,2026.08.01 00:00:00,3415,0,CALENDAR_TIMEMODE_DATETIME,False,trade_server_time,CALENDAR_UNIT_PERCENT,1,CALENDAR_MULTIPLIER_NONE,False,,,,1789572600,2026.09.16 15:30:00,1.2,-0.6,-0.5,1.8,Short,False,INSUFFICIENT_PATH_COVERAGE,,,,,,,,,,,,,,,,,,,,,,
SURROUNDING_EXPLORATORY_RELEASE,event_840140001_1789659000_313648,840140001,313648,US,USD,Initial Jobless Claims,Initial Jobless Claims,2026.09.12 00:00:00,19295,0,CALENDAR_TIMEMODE_DATETIME,False,trade_server_time,CALENDAR_UNIT_NONE,0,CALENDAR_MULTIPLIER_THOUSANDS,False,,,,1789659000,2026.09.17 15:30:00,196,206,,-10,Short,False,INSUFFICIENT_PATH_COVERAGE,,,,,,,,,,,,,,,,,,,,,,
SURROUNDING_EXPLORATORY_RELEASE,event_840140001_1790263800_313649,840140001,313649,US,USD,Initial Jobless Claims,Initial Jobless Claims,2026.09.19 00:00:00,19296,0,CALENDAR_TIMEMODE_DATETIME,False,trade_server_time,CALENDAR_UNIT_NONE,0,CALENDAR_MULTIPLIER_THOUSANDS,False,,,,1790263800,2026.09.24 15:30:00,197,196,198,1,Long,False,INSUFFICIENT_PATH_COVERAGE,,,,,,,,,,,,,,,,,,,,,,
